0 verbose cli /opt/homebrew/Cellar/node@24/24.16.0/bin/node /opt/homebrew/bin/npm
1 info using npm@11.13.0
2 info using node@v24.16.0
3 silly config load:file:/opt/homebrew/Cellar/node@24/24.16.0/lib/node_modules/npm/npmrc
4 silly config load:file:/Users/thilinaweerasinghe/YELM Technologies/OruthotaChaletsAdmin/.npmrc
5 silly config load:file:/Users/thilinaweerasinghe/.npmrc
6 silly config load:file:/opt/homebrew/etc/npmrc
7 verbose title npm install
8 verbose argv "install" "--cache" "./tmp/npm-cache"
9 verbose logfile logs-max:10 dir:/Users/thilinaweerasinghe/YELM Technologies/OruthotaChaletsAdmin/tmp/npm-cache/_logs/2026-09-24T16_15_20_072Z-
10 verbose logfile /Users/thilinaweerasinghe/YELM Technologies/OruthotaChaletsAdmin/tmp/npm-cache/_logs/2026-09-24T16_15_20_072Z-debug-0.log
11 silly logfile done cleaning log files
12 silly packumentCache heap:4496293888 maxSize:1124073472 maxEntrySize:562036736
13 silly idealTree buildDeps
14 silly reify mark retired [
14 silly reify   '/Users/thilinaweerasinghe/YELM Technologies/OruthotaChaletsAdmin/node_modules/abort-controller'
14 silly reify ]
15 silly reify mark retired [
15 silly reify   '/Users/thilinaweerasinghe/YELM Technologies/OruthotaChaletsAdmin/node_modules/accepts'
15 silly reify ]
16 silly reify mark retired [
16 silly reify   '/Users/thilinaweerasinghe/YELM Technologies/OruthotaChaletsAdmin/node_modules/acorn'
16 silly reify ]
17 silly reify mark retired [
17 silly reify   '/Users/thilinaweerasinghe/YELM Technologies/OruthotaChaletsAdmin/node_modules/acorn-import-attributes'
17 silly reify ]
18 silly reify mark retired [
18 silly reify   '/Users/thilinaweerasinghe/YELM Technologies/OruthotaChaletsAdmin/node_modules/adler-32'
18 silly reify ]
19 silly reify mark retired [
19 silly reify   '/Users/thilinaweerasinghe/YELM Technologies/OruthotaChaletsAdmin/node_modules/ajv-formats'
19 silly reify ]
20 silly reify mark retired [
20 silly reify   '/Users/thilinaweerasinghe/YELM Technologies/OruthotaChaletsAdmin/node_modules/any-promise'
20 silly reify ]
21 silly reify mark retired [
21 silly reify   '/Users/thilinaweerasinghe/YELM Technologies/OruthotaChaletsAdmin/node_modules/anymatch'
21 silly reify ]
22 silly reify mark retired [
22 silly reify   '/Users/thilinaweerasinghe/YELM Technologies/OruthotaChaletsAdmin/node_modules/arg'
22 silly reify ]
23 silly reify mark retired [
23 silly reify   '/Users/thilinaweerasinghe/YELM Technologies/OruthotaChaletsAdmin/node_modules/argparse'
23 silly reify ]
24 silly reify mark retired [
24 silly reify   '/Users/thilinaweerasinghe/YELM Technologies/OruthotaChaletsAdmin/node_modules/array-flatten'
24 silly reify ]
25 silly reify mark retired [
25 silly reify   '/Users/thilinaweerasinghe/YELM Technologies/OruthotaChaletsAdmin/node_modules/arrify'
25 silly reify ]
26 silly reify mark retired [
26 silly reify   '/Users/thilinaweerasinghe/YELM Technologies/OruthotaChaletsAdmin/node_modules/async'
26 silly reify ]
27 silly reify mark retired [
27 silly reify   '/Users/thilinaweerasinghe/YELM Technologies/OruthotaChaletsAdmin/node_modules/async-mutex'
27 silly reify ]
28 silly reify mark retired [
28 silly reify   '/Users/thilinaweerasinghe/YELM Technologies/OruthotaChaletsAdmin/node_modules/async-retry'
28 silly reify ]
29 silly reify mark retired [
29 silly reify   '/Users/thilinaweerasinghe/YELM Technologies/OruthotaChaletsAdmin/node_modules/asynckit'
29 silly reify ]
30 silly reify mark retired [
30 silly reify   '/Users/thilinaweerasinghe/YELM Technologies/OruthotaChaletsAdmin/node_modules/balanced-match'
30 silly reify ]
31 silly reify mark retired [
31 silly reify   '/Users/thilinaweerasinghe/YELM Technologies/OruthotaChaletsAdmin/node_modules/base64-js'
31 silly reify ]
32 silly reify mark retired [
32 silly reify   '/Users/thilinaweerasinghe/YELM Technologies/OruthotaChaletsAdmin/node_modules/bcryptjs'
32 silly reify ]
33 silly reify mark retired [
33 silly reify   '/Users/thilinaweerasinghe/YELM Technologies/OruthotaChaletsAdmin/node_modules/binary-extensions'
33 silly reify ]
34 silly reify mark retired [
34 silly reify   '/Users/thilinaweerasinghe/YELM Technologies/OruthotaChaletsAdmin/node_modules/braces'
34 silly reify ]
35 silly reify mark retired [
35 silly reify   '/Users/thilinaweerasinghe/YELM Technologies/OruthotaChaletsAdmin/node_modules/buffer-equal-constant-time'
35 silly reify ]
36 silly reify mark retired [
36 silly reify   '/Users/thilinaweerasinghe/YELM Technologies/OruthotaChaletsAdmin/node_modules/busboy'
36 silly reify ]
37 silly reify mark retired [
37 silly reify   '/Users/thilinaweerasinghe/YELM Technologies/OruthotaChaletsAdmin/node_modules/bytes'
37 silly reify ]
38 silly reify mark retired [
38 silly reify   '/Users/thilinaweerasinghe/YELM Technologies/OruthotaChaletsAdmin/node_modules/camelcase-css'
38 silly reify ]
39 silly reify mark retired [
39 silly reify   '/Users/thilinaweerasinghe/YELM Technologies/OruthotaChaletsAdmin/node_modules/cfb'
39 silly reify ]
40 silly reify mark retired [
40 silly reify   '/Users/thilinaweerasinghe/YELM Technologies/OruthotaChaletsAdmin/node_modules/chalk'
40 silly reify ]
41 silly reify mark retired [
41 silly reify   '/Users/thilinaweerasinghe/YELM Technologies/OruthotaChaletsAdmin/node_modules/chokidar'
41 silly reify ]
42 silly reify mark retired [
42 silly reify   '/Users/thilinaweerasinghe/YELM Technologies/OruthotaChaletsAdmin/node_modules/ci-info'
42 silly reify ]
43 silly reify mark retired [
43 silly reify   '/Users/thilinaweerasinghe/YELM Technologies/OruthotaChaletsAdmin/node_modules/cjs-module-lexer'
43 silly reify ]
44 silly reify mark retired [
44 silly reify   '/Users/thilinaweerasinghe/YELM Technologies/OruthotaChaletsAdmin/node_modules/class-variance-authority'
44 silly reify ]
45 silly reify mark retired [
45 silly reify   '/Users/thilinaweerasinghe/YELM Technologies/OruthotaChaletsAdmin/node_modules/client-only'
45 silly reify ]
46 silly reify mark retired [
46 silly reify   '/Users/thilinaweerasinghe/YELM Technologies/OruthotaChaletsAdmin/node_modules/cliui'
46 silly reify ]
47 silly reify mark retired [
47 silly reify   '/Users/thilinaweerasinghe/YELM Technologies/OruthotaChaletsAdmin/node_modules/clsx'
47 silly reify ]
48 silly reify mark retired [
48 silly reify   '/Users/thilinaweerasinghe/YELM Technologies/OruthotaChaletsAdmin/node_modules/cmdk'
48 silly reify ]
49 silly reify mark retired [
49 silly reify   '/Users/thilinaweerasinghe/YELM Technologies/OruthotaChaletsAdmin/node_modules/codepage'
49 silly reify ]
50 silly reify mark retired [
50 silly reify   '/Users/thilinaweerasinghe/YELM Technologies/OruthotaChaletsAdmin/node_modules/color-convert'
50 silly reify ]
51 silly reify mark retired [
51 silly reify   '/Users/thilinaweerasinghe/YELM Technologies/OruthotaChaletsAdmin/node_modules/color-name'
51 silly reify ]
52 silly reify mark retired [
52 silly reify   '/Users/thilinaweerasinghe/YELM Technologies/OruthotaChaletsAdmin/node_modules/colorette'
52 silly reify ]
53 silly reify mark retired [
53 silly reify   '/Users/thilinaweerasinghe/YELM Technologies/OruthotaChaletsAdmin/node_modules/combined-stream'
53 silly reify ]
54 silly reify mark retired [
54 silly reify   '/Users/thilinaweerasinghe/YELM Technologies/OruthotaChaletsAdmin/node_modules/concat-map'
54 silly reify ]
55 silly reify mark retired [
55 silly reify   '/Users/thilinaweerasinghe/YELM Technologies/OruthotaChaletsAdmin/node_modules/content-disposition'
55 silly reify ]
56 silly reify mark retired [
56 silly reify   '/Users/thilinaweerasinghe/YELM Technologies/OruthotaChaletsAdmin/node_modules/content-type'
56 silly reify ]
57 silly reify mark retired [
57 silly reify   '/Users/thilinaweerasinghe/YELM Technologies/OruthotaChaletsAdmin/node_modules/crc-32'
57 silly reify ]
58 silly reify mark retired [
58 silly reify   '/Users/thilinaweerasinghe/YELM Technologies/OruthotaChaletsAdmin/node_modules/create-require'
58 silly reify ]
59 silly reify mark retired [
59 silly reify   '/Users/thilinaweerasinghe/YELM Technologies/OruthotaChaletsAdmin/node_modules/cssesc'
59 silly reify ]
60 silly reify mark retired [
60 silly reify   '/Users/thilinaweerasinghe/YELM Technologies/OruthotaChaletsAdmin/node_modules/d3-array'
60 silly reify ]
61 silly reify mark retired [
61 silly reify   '/Users/thilinaweerasinghe/YELM Technologies/OruthotaChaletsAdmin/node_modules/d3-color'
61 silly reify ]
62 silly reify mark retired [
62 silly reify   '/Users/thilinaweerasinghe/YELM Technologies/OruthotaChaletsAdmin/node_modules/d3-ease'
62 silly reify ]
63 silly reify mark retired [
63 silly reify   '/Users/thilinaweerasinghe/YELM Technologies/OruthotaChaletsAdmin/node_modules/d3-interpolate'
63 silly reify ]
64 silly reify mark retired [
64 silly reify   '/Users/thilinaweerasinghe/YELM Technologies/OruthotaChaletsAdmin/node_modules/d3-path'
64 silly reify ]
65 silly reify mark retired [
65 silly reify   '/Users/thilinaweerasinghe/YELM Technologies/OruthotaChaletsAdmin/node_modules/d3-scale'
65 silly reify ]
66 silly reify mark retired [
66 silly reify   '/Users/thilinaweerasinghe/YELM Technologies/OruthotaChaletsAdmin/node_modules/d3-shape'
66 silly reify ]
67 silly reify mark retired [
67 silly reify   '/Users/thilinaweerasinghe/YELM Technologies/OruthotaChaletsAdmin/node_modules/d3-time'
67 silly reify ]
68 silly reify mark retired [
68 silly reify   '/Users/thilinaweerasinghe/YELM Technologies/OruthotaChaletsAdmin/node_modules/d3-time-format'
68 silly reify ]
69 silly reify mark retired [
69 silly reify   '/Users/thilinaweerasinghe/YELM Technologies/OruthotaChaletsAdmin/node_modules/d3-timer'
69 silly reify ]
70 silly reify mark retired [
70 silly reify   '/Users/thilinaweerasinghe/YELM Technologies/OruthotaChaletsAdmin/node_modules/data-uri-to-buffer'
70 silly reify ]
71 silly reify mark retired [
71 silly reify   '/Users/thilinaweerasinghe/YELM Technologies/OruthotaChaletsAdmin/node_modules/date-fns'
71 silly reify ]
72 silly reify mark retired [
72 silly reify   '/Users/thilinaweerasinghe/YELM Technologies/OruthotaChaletsAdmin/node_modules/debug'
72 silly reify ]
73 silly reify mark retired [
73 silly reify   '/Users/thilinaweerasinghe/YELM Technologies/OruthotaChaletsAdmin/node_modules/decimal.js-light'
73 silly reify ]
74 silly reify mark retired [
74 silly reify   '/Users/thilinaweerasinghe/YELM Technologies/OruthotaChaletsAdmin/node_modules/define-data-property'
74 silly reify ]
75 silly reify mark retired [
75 silly reify   '/Users/thilinaweerasinghe/YELM Technologies/OruthotaChaletsAdmin/node_modules/delayed-stream'
75 silly reify ]
76 silly reify mark retired [
76 silly reify   '/Users/thilinaweerasinghe/YELM Technologies/OruthotaChaletsAdmin/node_modules/depd'
76 silly reify ]
77 silly reify mark retired [
77 silly reify   '/Users/thilinaweerasinghe/YELM Technologies/OruthotaChaletsAdmin/node_modules/destroy'
77 silly reify ]
78 silly reify mark retired [
78 silly reify   '/Users/thilinaweerasinghe/YELM Technologies/OruthotaChaletsAdmin/node_modules/detect-node-es'
78 silly reify ]
79 silly reify mark retired [
79 silly reify   '/Users/thilinaweerasinghe/YELM Technologies/OruthotaChaletsAdmin/node_modules/didyoumean'
79 silly reify ]
80 silly reify mark retired [
80 silly reify   '/Users/thilinaweerasinghe/YELM Technologies/OruthotaChaletsAdmin/node_modules/dlv'
80 silly reify ]
81 silly reify mark retired [
81 silly reify   '/Users/thilinaweerasinghe/YELM Technologies/OruthotaChaletsAdmin/node_modules/dom-helpers'
81 silly reify ]
82 silly reify mark retired [
82 silly reify   '/Users/thilinaweerasinghe/YELM Technologies/OruthotaChaletsAdmin/node_modules/dot-prop'
82 silly reify ]
83 silly reify mark retired [
83 silly reify   '/Users/thilinaweerasinghe/YELM Technologies/OruthotaChaletsAdmin/node_modules/dotprompt'
83 silly reify ]
84 silly reify mark retired [
84 silly reify   '/Users/thilinaweerasinghe/YELM Technologies/OruthotaChaletsAdmin/node_modules/dunder-proto'
84 silly reify ]
85 silly reify mark retired [
85 silly reify   '/Users/thilinaweerasinghe/YELM Technologies/OruthotaChaletsAdmin/node_modules/duplexify'
85 silly reify ]
86 silly reify mark retired [
86 silly reify   '/Users/thilinaweerasinghe/YELM Technologies/OruthotaChaletsAdmin/node_modules/eastasianwidth'
86 silly reify ]
87 silly reify mark retired [
87 silly reify   '/Users/thilinaweerasinghe/YELM Technologies/OruthotaChaletsAdmin/node_modules/ecdsa-sig-formatter'
87 silly reify ]
88 silly reify mark retired [
88 silly reify   '/Users/thilinaweerasinghe/YELM Technologies/OruthotaChaletsAdmin/node_modules/ee-first'
88 silly reify ]
89 silly reify mark retired [
89 silly reify   '/Users/thilinaweerasinghe/YELM Technologies/OruthotaChaletsAdmin/node_modules/embla-carousel'
89 silly reify ]
90 silly reify mark retired [
90 silly reify   '/Users/thilinaweerasinghe/YELM Technologies/OruthotaChaletsAdmin/node_modules/embla-carousel-react'
90 silly reify ]
91 silly reify mark retired [
91 silly reify   '/Users/thilinaweerasinghe/YELM Technologies/OruthotaChaletsAdmin/node_modules/embla-carousel-reactive-utils'
91 silly reify ]
92 silly reify mark retired [
92 silly reify   '/Users/thilinaweerasinghe/YELM Technologies/OruthotaChaletsAdmin/node_modules/enabled'
92 silly reify ]
93 silly reify mark retired [
93 silly reify   '/Users/thilinaweerasinghe/YELM Technologies/OruthotaChaletsAdmin/node_modules/encodeurl'
93 silly reify ]
94 silly reify mark retired [
94 silly reify   '/Users/thilinaweerasinghe/YELM Technologies/OruthotaChaletsAdmin/node_modules/es-define-property'
94 silly reify ]
95 silly reify mark retired [
95 silly reify   '/Users/thilinaweerasinghe/YELM Technologies/OruthotaChaletsAdmin/node_modules/es-errors'
95 silly reify ]
96 silly reify mark retired [
96 silly reify   '/Users/thilinaweerasinghe/YELM Technologies/OruthotaChaletsAdmin/node_modules/es-set-tostringtag'
96 silly reify ]
97 silly reify mark retired [
97 silly reify   '/Users/thilinaweerasinghe/YELM Technologies/OruthotaChaletsAdmin/node_modules/esbuild'
97 silly reify ]
98 silly reify mark retired [
98 silly reify   '/Users/thilinaweerasinghe/YELM Technologies/OruthotaChaletsAdmin/node_modules/escape-html'
98 silly reify ]
99 silly reify mark retired [
99 silly reify   '/Users/thilinaweerasinghe/YELM Technologies/OruthotaChaletsAdmin/node_modules/etag'
99 silly reify ]
100 silly reify mark retired [
100 silly reify   '/Users/thilinaweerasinghe/YELM Technologies/OruthotaChaletsAdmin/node_modules/event-target-shim'
100 silly reify ]
101 silly reify mark retired [
101 silly reify   '/Users/thilinaweerasinghe/YELM Technologies/OruthotaChaletsAdmin/node_modules/eventemitter3'
101 silly reify ]
102 silly reify mark retired [
102 silly reify   '/Users/thilinaweerasinghe/YELM Technologies/OruthotaChaletsAdmin/node_modules/extend'
102 silly reify ]
103 silly reify mark retired [
103 silly reify   '/Users/thilinaweerasinghe/YELM Technologies/OruthotaChaletsAdmin/node_modules/extract-zip'
103 silly reify ]
104 silly reify mark retired [
104 silly reify   '/Users/thilinaweerasinghe/YELM Technologies/OruthotaChaletsAdmin/node_modules/fast-glob'
104 silly reify ]
105 silly reify mark retired [
105 silly reify   '/Users/thilinaweerasinghe/YELM Technologies/OruthotaChaletsAdmin/node_modules/fast-xml-parser'
105 silly reify ]
106 silly reify mark retired [
106 silly reify   '/Users/thilinaweerasinghe/YELM Technologies/OruthotaChaletsAdmin/node_modules/faye-websocket'
106 silly reify ]
107 silly reify mark retired [
107 silly reify   '/Users/thilinaweerasinghe/YELM Technologies/OruthotaChaletsAdmin/node_modules/fecha'
107 silly reify ]
108 silly reify mark retired [
108 silly reify   '/Users/thilinaweerasinghe/YELM Technologies/OruthotaChaletsAdmin/node_modules/fetch-blob'
108 silly reify ]
109 silly reify mark retired [
109 silly reify   '/Users/thilinaweerasinghe/YELM Technologies/OruthotaChaletsAdmin/node_modules/fill-range'
109 silly reify ]
110 silly reify mark retired [
110 silly reify   '/Users/thilinaweerasinghe/YELM Technologies/OruthotaChaletsAdmin/node_modules/find-yarn-workspace-root'
110 silly reify ]
111 silly reify mark retired [
111 silly reify   '/Users/thilinaweerasinghe/YELM Technologies/OruthotaChaletsAdmin/node_modules/fn.name'
111 silly reify ]
112 silly reify mark retired [
112 silly reify   '/Users/thilinaweerasinghe/YELM Technologies/OruthotaChaletsAdmin/node_modules/formdata-polyfill'
112 silly reify ]
113 silly reify mark retired [
113 silly reify   '/Users/thilinaweerasinghe/YELM Technologies/OruthotaChaletsAdmin/node_modules/forwarded'
113 silly reify ]
114 silly reify mark retired [
114 silly reify   '/Users/thilinaweerasinghe/YELM Technologies/OruthotaChaletsAdmin/node_modules/frac'
114 silly reify ]
115 silly reify mark retired [
115 silly reify   '/Users/thilinaweerasinghe/YELM Technologies/OruthotaChaletsAdmin/node_modules/fresh'
115 silly reify ]
116 silly reify mark retired [
116 silly reify   '/Users/thilinaweerasinghe/YELM Technologies/OruthotaChaletsAdmin/node_modules/fs.realpath'
116 silly reify ]
117 silly reify mark retired [
117 silly reify   '/Users/thilinaweerasinghe/YELM Technologies/OruthotaChaletsAdmin/node_modules/fsevents'
117 silly reify ]
118 silly reify mark retired [
118 silly reify   '/Users/thilinaweerasinghe/YELM Technologies/OruthotaChaletsAdmin/node_modules/function-bind'
118 silly reify ]
119 silly reify mark retired [
119 silly reify   '/Users/thilinaweerasinghe/YELM Technologies/OruthotaChaletsAdmin/node_modules/functional-red-black-tree'
119 silly reify ]
120 silly reify mark retired [
120 silly reify   '/Users/thilinaweerasinghe/YELM Technologies/OruthotaChaletsAdmin/node_modules/gaxios'
120 silly reify ]
121 silly reify mark retired [
121 silly reify   '/Users/thilinaweerasinghe/YELM Technologies/OruthotaChaletsAdmin/node_modules/gcp-metadata'
121 silly reify ]
122 silly reify mark retired [
122 silly reify   '/Users/thilinaweerasinghe/YELM Technologies/OruthotaChaletsAdmin/node_modules/genkit-cli'
122 silly reify ]
123 silly reify mark retired [
123 silly reify   '/Users/thilinaweerasinghe/YELM Technologies/OruthotaChaletsAdmin/node_modules/get-caller-file'
123 silly reify ]
124 silly reify mark retired [
124 silly reify   '/Users/thilinaweerasinghe/YELM Technologies/OruthotaChaletsAdmin/node_modules/get-nonce'
124 silly reify ]
125 silly reify mark retired [
125 silly reify   '/Users/thilinaweerasinghe/YELM Technologies/OruthotaChaletsAdmin/node_modules/get-port'
125 silly reify ]
126 silly reify mark retired [
126 silly reify   '/Users/thilinaweerasinghe/YELM Technologies/OruthotaChaletsAdmin/node_modules/get-proto'
126 silly reify ]
127 silly reify mark retired [
127 silly reify   '/Users/thilinaweerasinghe/YELM Technologies/OruthotaChaletsAdmin/node_modules/glob'
127 silly reify ]
128 silly reify mark retired [
128 silly reify   '/Users/thilinaweerasinghe/YELM Technologies/OruthotaChaletsAdmin/node_modules/google-auth-library'
128 silly reify ]
129 silly reify mark retired [
129 silly reify   '/Users/thilinaweerasinghe/YELM Technologies/OruthotaChaletsAdmin/node_modules/google-gax'
129 silly reify ]
130 silly reify mark retired [
130 silly reify   '/Users/thilinaweerasinghe/YELM Technologies/OruthotaChaletsAdmin/node_modules/google-logging-utils'
130 silly reify ]
131 silly reify mark retired [
131 silly reify   '/Users/thilinaweerasinghe/YELM Technologies/OruthotaChaletsAdmin/node_modules/googleapis'
131 silly reify ]
132 silly reify mark retired [
132 silly reify   '/Users/thilinaweerasinghe/YELM Technologies/OruthotaChaletsAdmin/node_modules/googleapis-common'
132 silly reify ]
133 silly reify mark retired [
133 silly reify   '/Users/thilinaweerasinghe/YELM Technologies/OruthotaChaletsAdmin/node_modules/gopd'
133 silly reify ]
134 silly reify mark retired [
134 silly reify   '/Users/thilinaweerasinghe/YELM Technologies/OruthotaChaletsAdmin/node_modules/graceful-fs'
134 silly reify ]
135 silly reify mark retired [
135 silly reify   '/Users/thilinaweerasinghe/YELM Technologies/OruthotaChaletsAdmin/node_modules/gtoken'
135 silly reify ]
136 silly reify mark retired [
136 silly reify   '/Users/thilinaweerasinghe/YELM Technologies/OruthotaChaletsAdmin/node_modules/handlebars'
136 silly reify ]
137 silly reify mark retired [
137 silly reify   '/Users/thilinaweerasinghe/YELM Technologies/OruthotaChaletsAdmin/node_modules/has-flag'
137 silly reify ]
138 silly reify mark retired [
138 silly reify   '/Users/thilinaweerasinghe/YELM Technologies/OruthotaChaletsAdmin/node_modules/has-property-descriptors'
138 silly reify ]
139 silly reify mark retired [
139 silly reify   '/Users/thilinaweerasinghe/YELM Technologies/OruthotaChaletsAdmin/node_modules/has-symbols'
139 silly reify ]
140 silly reify mark retired [
140 silly reify   '/Users/thilinaweerasinghe/YELM Technologies/OruthotaChaletsAdmin/node_modules/has-tostringtag'
140 silly reify ]
141 silly reify mark retired [
141 silly reify   '/Users/thilinaweerasinghe/YELM Technologies/OruthotaChaletsAdmin/node_modules/hexer'
141 silly reify ]
142 silly reify mark retired [
142 silly reify   '/Users/thilinaweerasinghe/YELM Technologies/OruthotaChaletsAdmin/node_modules/html-entities'
142 silly reify ]
143 silly reify mark retired [
143 silly reify   '/Users/thilinaweerasinghe/YELM Technologies/OruthotaChaletsAdmin/node_modules/html5-qrcode'
143 silly reify ]
144 silly reify mark retired [
144 silly reify   '/Users/thilinaweerasinghe/YELM Technologies/OruthotaChaletsAdmin/node_modules/http-parser-js'
144 silly reify ]
145 silly reify mark retired [
145 silly reify   '/Users/thilinaweerasinghe/YELM Technologies/OruthotaChaletsAdmin/node_modules/https-proxy-agent'
145 silly reify ]
146 silly reify mark retired [
146 silly reify   '/Users/thilinaweerasinghe/YELM Technologies/OruthotaChaletsAdmin/node_modules/iceberg-js'
146 silly reify ]
147 silly reify mark retired [
147 silly reify   '/Users/thilinaweerasinghe/YELM Technologies/OruthotaChaletsAdmin/node_modules/iconv-lite'
147 silly reify ]
148 silly reify mark retired [
148 silly reify   '/Users/thilinaweerasinghe/YELM Technologies/OruthotaChaletsAdmin/node_modules/inflight'
148 silly reify ]
149 silly reify mark retired [
149 silly reify   '/Users/thilinaweerasinghe/YELM Technologies/OruthotaChaletsAdmin/node_modules/internmap'
149 silly reify ]
150 silly reify mark retired [
150 silly reify   '/Users/thilinaweerasinghe/YELM Technologies/OruthotaChaletsAdmin/node_modules/ipaddr.js'
150 silly reify ]
151 silly reify mark retired [
151 silly reify   '/Users/thilinaweerasinghe/YELM Technologies/OruthotaChaletsAdmin/node_modules/is-binary-path'
151 silly reify ]
152 silly reify mark retired [
152 silly reify   '/Users/thilinaweerasinghe/YELM Technologies/OruthotaChaletsAdmin/node_modules/is-docker'
152 silly reify ]
153 silly reify mark retired [
153 silly reify   '/Users/thilinaweerasinghe/YELM Technologies/OruthotaChaletsAdmin/node_modules/is-fullwidth-code-point'
153 silly reify ]
154 silly reify mark retired [
154 silly reify   '/Users/thilinaweerasinghe/YELM Technologies/OruthotaChaletsAdmin/node_modules/inherits'
154 silly reify ]
155 silly reify mark retired [
155 silly reify   '/Users/thilinaweerasinghe/YELM Technologies/OruthotaChaletsAdmin/node_modules/is-number'
155 silly reify ]
156 silly reify mark retired [
156 silly reify   '/Users/thilinaweerasinghe/YELM Technologies/OruthotaChaletsAdmin/node_modules/is-obj'
156 silly reify ]
157 silly reify mark retired [
157 silly reify   '/Users/thilinaweerasinghe/YELM Technologies/OruthotaChaletsAdmin/node_modules/is-stream'
157 silly reify ]
158 silly reify mark retired [
158 silly reify   '/Users/thilinaweerasinghe/YELM Technologies/OruthotaChaletsAdmin/node_modules/isarray'
158 silly reify ]
159 silly reify mark retired [
159 silly reify   '/Users/thilinaweerasinghe/YELM Technologies/OruthotaChaletsAdmin/node_modules/jackspeak'
159 silly reify ]
160 silly reify mark retired [
160 silly reify   '/Users/thilinaweerasinghe/YELM Technologies/OruthotaChaletsAdmin/node_modules/jiti'
160 silly reify ]
161 silly reify mark retired [
161 silly reify   '/Users/thilinaweerasinghe/YELM Technologies/OruthotaChaletsAdmin/node_modules/jodit-react'
161 silly reify ]
162 silly reify mark retired [
162 silly reify   '/Users/thilinaweerasinghe/YELM Technologies/OruthotaChaletsAdmin/node_modules/js-tokens'
162 silly reify ]
163 silly reify mark retired [
163 silly reify   '/Users/thilinaweerasinghe/YELM Technologies/OruthotaChaletsAdmin/node_modules/js-yaml'
163 silly reify ]
164 silly reify mark retired [
164 silly reify   '/Users/thilinaweerasinghe/YELM Technologies/OruthotaChaletsAdmin/node_modules/json-bigint'
164 silly reify ]
165 silly reify mark retired [
165 silly reify   '/Users/thilinaweerasinghe/YELM Technologies/OruthotaChaletsAdmin/node_modules/json-schema'
165 silly reify ]
166 silly reify mark retired [
166 silly reify   '/Users/thilinaweerasinghe/YELM Technologies/OruthotaChaletsAdmin/node_modules/json5'
166 silly reify ]
167 silly reify mark retired [
167 silly reify   '/Users/thilinaweerasinghe/YELM Technologies/OruthotaChaletsAdmin/node_modules/jsonify'
167 silly reify ]
168 silly reify mark retired [
168 silly reify   '/Users/thilinaweerasinghe/YELM Technologies/OruthotaChaletsAdmin/node_modules/klaw-sync'
168 silly reify ]
169 silly reify mark retired [
169 silly reify   '/Users/thilinaweerasinghe/YELM Technologies/OruthotaChaletsAdmin/node_modules/kuler'
169 silly reify ]
170 silly reify mark retired [
170 silly reify   '/Users/thilinaweerasinghe/YELM Technologies/OruthotaChaletsAdmin/node_modules/lilconfig'
170 silly reify ]
171 silly reify mark retired [
171 silly reify   '/Users/thilinaweerasinghe/YELM Technologies/OruthotaChaletsAdmin/node_modules/limiter'
171 silly reify ]
172 silly reify mark retired [
172 silly reify   '/Users/thilinaweerasinghe/YELM Technologies/OruthotaChaletsAdmin/node_modules/lines-and-columns'
172 silly reify ]
173 silly reify mark retired [
173 silly reify   '/Users/thilinaweerasinghe/YELM Technologies/OruthotaChaletsAdmin/node_modules/lodash.camelcase'
173 silly reify ]
174 silly reify mark retired [
174 silly reify   '/Users/thilinaweerasinghe/YELM Technologies/OruthotaChaletsAdmin/node_modules/lodash.clonedeep'
174 silly reify ]
175 silly reify mark retired [
175 silly reify   '/Users/thilinaweerasinghe/YELM Technologies/OruthotaChaletsAdmin/node_modules/lodash.includes'
175 silly reify ]
176 silly reify mark retired [
176 silly reify   '/Users/thilinaweerasinghe/YELM Technologies/OruthotaChaletsAdmin/node_modules/lodash.isboolean'
176 silly reify ]
177 silly reify mark retired [
177 silly reify   '/Users/thilinaweerasinghe/YELM Technologies/OruthotaChaletsAdmin/node_modules/lodash.isinteger'
177 silly reify ]
178 silly reify mark retired [
178 silly reify   '/Users/thilinaweerasinghe/YELM Technologies/OruthotaChaletsAdmin/node_modules/lodash.isnumber'
178 silly reify ]
179 silly reify mark retired [
179 silly reify   '/Users/thilinaweerasinghe/YELM Technologies/OruthotaChaletsAdmin/node_modules/lodash.isplainobject'
179 silly reify ]
180 silly reify mark retired [
180 silly reify   '/Users/thilinaweerasinghe/YELM Technologies/OruthotaChaletsAdmin/node_modules/lodash.isstring'
180 silly reify ]
181 silly reify mark retired [
181 silly reify   '/Users/thilinaweerasinghe/YELM Technologies/OruthotaChaletsAdmin/node_modules/lodash.mapvalues'
181 silly reify ]
182 silly reify mark retired [
182 silly reify   '/Users/thilinaweerasinghe/YELM Technologies/OruthotaChaletsAdmin/node_modules/lodash.merge'
182 silly reify ]
183 silly reify mark retired [
183 silly reify   '/Users/thilinaweerasinghe/YELM Technologies/OruthotaChaletsAdmin/node_modules/lodash.once'
183 silly reify ]
184 silly reify mark retired [
184 silly reify   '/Users/thilinaweerasinghe/YELM Technologies/OruthotaChaletsAdmin/node_modules/logform'
184 silly reify ]
185 silly reify mark retired [
185 silly reify   '/Users/thilinaweerasinghe/YELM Technologies/OruthotaChaletsAdmin/node_modules/loose-envify'
185 silly reify ]
186 silly reify mark retired [
186 silly reify   '/Users/thilinaweerasinghe/YELM Technologies/OruthotaChaletsAdmin/node_modules/lucide-react'
186 silly reify ]
187 silly reify mark retired [
187 silly reify   '/Users/thilinaweerasinghe/YELM Technologies/OruthotaChaletsAdmin/node_modules/make-error'
187 silly reify ]
188 silly reify mark retired [
188 silly reify   '/Users/thilinaweerasinghe/YELM Technologies/OruthotaChaletsAdmin/node_modules/math-intrinsics'
188 silly reify ]
189 silly reify mark retired [
189 silly reify   '/Users/thilinaweerasinghe/YELM Technologies/OruthotaChaletsAdmin/node_modules/media-typer'
189 silly reify ]
190 silly reify mark retired [
190 silly reify   '/Users/thilinaweerasinghe/YELM Technologies/OruthotaChaletsAdmin/node_modules/merge-descriptors'
190 silly reify ]
191 silly reify mark retired [
191 silly reify   '/Users/thilinaweerasinghe/YELM Technologies/OruthotaChaletsAdmin/node_modules/merge2'
191 silly reify ]
192 silly reify mark retired [
192 silly reify   '/Users/thilinaweerasinghe/YELM Technologies/OruthotaChaletsAdmin/node_modules/methods'
192 silly reify ]
193 silly reify mark retired [
193 silly reify   '/Users/thilinaweerasinghe/YELM Technologies/OruthotaChaletsAdmin/node_modules/micromatch'
193 silly reify ]
194 silly reify mark retired [
194 silly reify   '/Users/thilinaweerasinghe/YELM Technologies/OruthotaChaletsAdmin/node_modules/mime-db'
194 silly reify ]
195 silly reify mark retired [
195 silly reify   '/Users/thilinaweerasinghe/YELM Technologies/OruthotaChaletsAdmin/node_modules/mime-types'
195 silly reify ]
196 silly reify mark retired [
196 silly reify   '/Users/thilinaweerasinghe/YELM Technologies/OruthotaChaletsAdmin/node_modules/mime'
196 silly reify ]
197 silly reify mark retired [
197 silly reify   '/Users/thilinaweerasinghe/YELM Technologies/OruthotaChaletsAdmin/node_modules/minimist'
197 silly reify ]
198 silly reify mark retired [
198 silly reify   '/Users/thilinaweerasinghe/YELM Technologies/OruthotaChaletsAdmin/node_modules/mkdirp'
198 silly reify ]
199 silly reify mark retired [
199 silly reify   '/Users/thilinaweerasinghe/YELM Technologies/OruthotaChaletsAdmin/node_modules/module-details-from-path'
199 silly reify ]
200 silly reify mark retired [
200 silly reify   '/Users/thilinaweerasinghe/YELM Technologies/OruthotaChaletsAdmin/node_modules/ms'
200 silly reify ]
201 silly reify mark retired [
201 silly reify   '/Users/thilinaweerasinghe/YELM Technologies/OruthotaChaletsAdmin/node_modules/mz'
201 silly reify ]
202 silly reify mark retired [
202 silly reify   '/Users/thilinaweerasinghe/YELM Technologies/OruthotaChaletsAdmin/node_modules/nanoid'
202 silly reify ]
203 silly reify mark retired [
203 silly reify   '/Users/thilinaweerasinghe/YELM Technologies/OruthotaChaletsAdmin/node_modules/negotiator'
203 silly reify ]
204 silly reify mark retired [
204 silly reify   '/Users/thilinaweerasinghe/YELM Technologies/OruthotaChaletsAdmin/node_modules/neo-async'
204 silly reify ]
205 silly reify mark retired [
205 silly reify   '/Users/thilinaweerasinghe/YELM Technologies/OruthotaChaletsAdmin/node_modules/next'
205 silly reify ]
206 silly reify mark retired [
206 silly reify   '/Users/thilinaweerasinghe/YELM Technologies/OruthotaChaletsAdmin/node_modules/node-domexception'
206 silly reify ]
207 silly reify mark retired [
207 silly reify   '/Users/thilinaweerasinghe/YELM Technologies/OruthotaChaletsAdmin/node_modules/node-fetch'
207 silly reify ]
208 silly reify mark retired [
208 silly reify   '/Users/thilinaweerasinghe/YELM Technologies/OruthotaChaletsAdmin/node_modules/normalize-path'
208 silly reify ]
209 silly reify mark retired [
209 silly reify   '/Users/thilinaweerasinghe/YELM Technologies/OruthotaChaletsAdmin/node_modules/object-assign'
209 silly reify ]
210 silly reify mark retired [
210 silly reify   '/Users/thilinaweerasinghe/YELM Technologies/OruthotaChaletsAdmin/node_modules/object-hash'
210 silly reify ]
211 silly reify mark retired [
211 silly reify   '/Users/thilinaweerasinghe/YELM Technologies/OruthotaChaletsAdmin/node_modules/object-inspect'
211 silly reify ]
212 silly reify mark retired [
212 silly reify   '/Users/thilinaweerasinghe/YELM Technologies/OruthotaChaletsAdmin/node_modules/object-keys'
212 silly reify ]
213 silly reify mark retired [
213 silly reify   '/Users/thilinaweerasinghe/YELM Technologies/OruthotaChaletsAdmin/node_modules/on-finished'
213 silly reify ]
214 silly reify mark retired [
214 silly reify   '/Users/thilinaweerasinghe/YELM Technologies/OruthotaChaletsAdmin/node_modules/once'
214 silly reify ]
215 silly reify mark retired [
215 silly reify   '/Users/thilinaweerasinghe/YELM Technologies/OruthotaChaletsAdmin/node_modules/one-time'
215 silly reify ]
216 silly reify mark retired [
216 silly reify   '/Users/thilinaweerasinghe/YELM Technologies/OruthotaChaletsAdmin/node_modules/package-json-from-dist'
216 silly reify ]
217 silly reify mark retired [
217 silly reify   '/Users/thilinaweerasinghe/YELM Technologies/OruthotaChaletsAdmin/node_modules/parseurl'
217 silly reify ]
218 silly reify mark retired [
218 silly reify   '/Users/thilinaweerasinghe/YELM Technologies/OruthotaChaletsAdmin/node_modules/partial-json'
218 silly reify ]
219 silly reify mark retired [
219 silly reify   '/Users/thilinaweerasinghe/YELM Technologies/OruthotaChaletsAdmin/node_modules/patch-package'
219 silly reify ]
220 silly reify mark retired [
220 silly reify   '/Users/thilinaweerasinghe/YELM Technologies/OruthotaChaletsAdmin/node_modules/path-is-absolute'
220 silly reify ]
221 silly reify mark retired [
221 silly reify   '/Users/thilinaweerasinghe/YELM Technologies/OruthotaChaletsAdmin/node_modules/path-parse'
221 silly reify ]
222 silly reify mark retired [
222 silly reify   '/Users/thilinaweerasinghe/YELM Technologies/OruthotaChaletsAdmin/node_modules/path-scurry'
222 silly reify ]
223 silly reify mark retired [
223 silly reify   '/Users/thilinaweerasinghe/YELM Technologies/OruthotaChaletsAdmin/node_modules/pg-int8'
223 silly reify ]
224 silly reify mark retired [
224 silly reify   '/Users/thilinaweerasinghe/YELM Technologies/OruthotaChaletsAdmin/node_modules/pg-types'
224 silly reify ]
225 silly reify mark retired [
225 silly reify   '/Users/thilinaweerasinghe/YELM Technologies/OruthotaChaletsAdmin/node_modules/picocolors'
225 silly reify ]
226 silly reify mark retired [
226 silly reify   '/Users/thilinaweerasinghe/YELM Technologies/OruthotaChaletsAdmin/node_modules/postcss-import'
226 silly reify ]
227 silly reify mark retired [
227 silly reify   '/Users/thilinaweerasinghe/YELM Technologies/OruthotaChaletsAdmin/node_modules/postcss-nested'
227 silly reify ]
228 silly reify mark retired [
228 silly reify   '/Users/thilinaweerasinghe/YELM Technologies/OruthotaChaletsAdmin/node_modules/postcss-value-parser'
228 silly reify ]
229 silly reify mark retired [
229 silly reify   '/Users/thilinaweerasinghe/YELM Technologies/OruthotaChaletsAdmin/node_modules/postgres-array'
229 silly reify ]
230 silly reify mark retired [
230 silly reify   '/Users/thilinaweerasinghe/YELM Technologies/OruthotaChaletsAdmin/node_modules/postgres-interval'
230 silly reify ]
231 silly reify mark retired [
231 silly reify   '/Users/thilinaweerasinghe/YELM Technologies/OruthotaChaletsAdmin/node_modules/postgres-date'
231 silly reify ]
232 silly reify mark retired [
232 silly reify   '/Users/thilinaweerasinghe/YELM Technologies/OruthotaChaletsAdmin/node_modules/prop-types'
232 silly reify ]
233 silly reify mark retired [
233 silly reify   '/Users/thilinaweerasinghe/YELM Technologies/OruthotaChaletsAdmin/node_modules/proto3-json-serializer'
233 silly reify ]
234 silly reify mark retired [
234 silly reify   '/Users/thilinaweerasinghe/YELM Technologies/OruthotaChaletsAdmin/node_modules/proxy-addr'
234 silly reify ]
235 silly reify mark retired [
235 silly reify   '/Users/thilinaweerasinghe/YELM Technologies/OruthotaChaletsAdmin/node_modules/ps-tree'
235 silly reify ]
236 silly reify mark retired [
236 silly reify   '/Users/thilinaweerasinghe/YELM Technologies/OruthotaChaletsAdmin/node_modules/pumpify'
236 silly reify ]
237 silly reify mark retired [
237 silly reify   '/Users/thilinaweerasinghe/YELM Technologies/OruthotaChaletsAdmin/node_modules/qrcode'
237 silly reify ]
238 silly reify mark retired [
238 silly reify   '/Users/thilinaweerasinghe/YELM Technologies/OruthotaChaletsAdmin/node_modules/queue-microtask'
238 silly reify ]
239 silly reify mark retired [
239 silly reify   '/Users/thilinaweerasinghe/YELM Technologies/OruthotaChaletsAdmin/node_modules/range-parser'
239 silly reify ]
240 silly reify mark retired [
240 silly reify   '/Users/thilinaweerasinghe/YELM Technologies/OruthotaChaletsAdmin/node_modules/react'
240 silly reify ]
241 silly reify mark retired [
241 silly reify   '/Users/thilinaweerasinghe/YELM Technologies/OruthotaChaletsAdmin/node_modules/react-dom'
241 silly reify ]
242 silly reify mark retired [
242 silly reify   '/Users/thilinaweerasinghe/YELM Technologies/OruthotaChaletsAdmin/node_modules/react-is'
242 silly reify ]
243 silly reify mark retired [
243 silly reify   '/Users/thilinaweerasinghe/YELM Technologies/OruthotaChaletsAdmin/node_modules/react-remove-scroll-bar'
243 silly reify ]
244 silly reify mark retired [
244 silly reify   '/Users/thilinaweerasinghe/YELM Technologies/OruthotaChaletsAdmin/node_modules/react-smooth'
244 silly reify ]
245 silly reify mark retired [
245 silly reify   '/Users/thilinaweerasinghe/YELM Technologies/OruthotaChaletsAdmin/node_modules/react-style-singleton'
245 silly reify ]
246 silly reify mark retired [
246 silly reify   '/Users/thilinaweerasinghe/YELM Technologies/OruthotaChaletsAdmin/node_modules/react-transition-group'
246 silly reify ]
247 silly reify mark retired [
247 silly reify   '/Users/thilinaweerasinghe/YELM Technologies/OruthotaChaletsAdmin/node_modules/readable-stream'
247 silly reify ]
248 silly reify mark retired [
248 silly reify   '/Users/thilinaweerasinghe/YELM Technologies/OruthotaChaletsAdmin/node_modules/readdirp'
248 silly reify ]
249 silly reify mark retired [
249 silly reify   '/Users/thilinaweerasinghe/YELM Technologies/OruthotaChaletsAdmin/node_modules/recharts-scale'
249 silly reify ]
250 silly reify mark retired [
250 silly reify   '/Users/thilinaweerasinghe/YELM Technologies/OruthotaChaletsAdmin/node_modules/require-directory'
250 silly reify ]
251 silly reify mark retired [
251 silly reify   '/Users/thilinaweerasinghe/YELM Technologies/OruthotaChaletsAdmin/node_modules/require-from-string'
251 silly reify ]
252 silly reify mark retired [
252 silly reify   '/Users/thilinaweerasinghe/YELM Technologies/OruthotaChaletsAdmin/node_modules/require-in-the-middle'
252 silly reify ]
253 silly reify mark retired [
253 silly reify   '/Users/thilinaweerasinghe/YELM Technologies/OruthotaChaletsAdmin/node_modules/resolve'
253 silly reify ]
254 silly reify mark retired [
254 silly reify   '/Users/thilinaweerasinghe/YELM Technologies/OruthotaChaletsAdmin/node_modules/retry'
254 silly reify ]
255 silly reify mark retired [
255 silly reify   '/Users/thilinaweerasinghe/YELM Technologies/OruthotaChaletsAdmin/node_modules/rimraf'
255 silly reify ]
256 silly reify mark retired [
256 silly reify   '/Users/thilinaweerasinghe/YELM Technologies/OruthotaChaletsAdmin/node_modules/run-parallel'
256 silly reify ]
257 silly reify mark retired [
257 silly reify   '/Users/thilinaweerasinghe/YELM Technologies/OruthotaChaletsAdmin/node_modules/safe-buffer'
257 silly reify ]
258 silly reify mark retired [
258 silly reify   '/Users/thilinaweerasinghe/YELM Technologies/OruthotaChaletsAdmin/node_modules/safe-stable-stringify'
258 silly reify ]
259 silly reify mark retired [
259 silly reify   '/Users/thilinaweerasinghe/YELM Technologies/OruthotaChaletsAdmin/node_modules/safer-buffer'
259 silly reify ]
260 silly reify mark retired [
260 silly reify   '/Users/thilinaweerasinghe/YELM Technologies/OruthotaChaletsAdmin/node_modules/scheduler'
260 silly reify ]
261 silly reify mark retired [
261 silly reify   '/Users/thilinaweerasinghe/YELM Technologies/OruthotaChaletsAdmin/node_modules/semver'
261 silly reify ]
262 silly reify mark retired [
262 silly reify   '/Users/thilinaweerasinghe/YELM Technologies/OruthotaChaletsAdmin/node_modules/set-function-length'
262 silly reify ]
263 silly reify mark retired [
263 silly reify   '/Users/thilinaweerasinghe/YELM Technologies/OruthotaChaletsAdmin/node_modules/setprototypeof'
263 silly reify ]
264 silly reify mark retired [
264 silly reify   '/Users/thilinaweerasinghe/YELM Technologies/OruthotaChaletsAdmin/node_modules/shimmer'
264 silly reify ]
265 silly reify mark retired [
265 silly reify   '/Users/thilinaweerasinghe/YELM Technologies/OruthotaChaletsAdmin/node_modules/side-channel-map'
265 silly reify ]
266 silly reify mark retired [
266 silly reify   '/Users/thilinaweerasinghe/YELM Technologies/OruthotaChaletsAdmin/node_modules/side-channel-weakmap'
266 silly reify ]
267 silly reify mark retired [
267 silly reify   '/Users/thilinaweerasinghe/YELM Technologies/OruthotaChaletsAdmin/node_modules/signal-exit'
267 silly reify ]
268 silly reify mark retired [
268 silly reify   '/Users/thilinaweerasinghe/YELM Technologies/OruthotaChaletsAdmin/node_modules/slash'
268 silly reify ]
269 silly reify mark retired [
269 silly reify   '/Users/thilinaweerasinghe/YELM Technologies/OruthotaChaletsAdmin/node_modules/source-map'
269 silly reify ]
270 silly reify mark retired [
270 silly reify   '/Users/thilinaweerasinghe/YELM Technologies/OruthotaChaletsAdmin/node_modules/source-map-js'
270 silly reify ]
271 silly reify mark retired [
271 silly reify   '/Users/thilinaweerasinghe/YELM Technologies/OruthotaChaletsAdmin/node_modules/ssf'
271 silly reify ]
272 silly reify mark retired [
272 silly reify   '/Users/thilinaweerasinghe/YELM Technologies/OruthotaChaletsAdmin/node_modules/stack-trace'
272 silly reify ]
273 silly reify mark retired [
273 silly reify   '/Users/thilinaweerasinghe/YELM Technologies/OruthotaChaletsAdmin/node_modules/stream-events'
273 silly reify ]
274 silly reify mark retired [
274 silly reify   '/Users/thilinaweerasinghe/YELM Technologies/OruthotaChaletsAdmin/node_modules/stream-shift'
274 silly reify ]
275 silly reify mark retired [
275 silly reify   '/Users/thilinaweerasinghe/YELM Technologies/OruthotaChaletsAdmin/node_modules/streamsearch'
275 silly reify ]
276 silly reify mark retired [
276 silly reify   '/Users/thilinaweerasinghe/YELM Technologies/OruthotaChaletsAdmin/node_modules/string_decoder'
276 silly reify ]
277 silly reify mark retired [
277 silly reify   '/Users/thilinaweerasinghe/YELM Technologies/OruthotaChaletsAdmin/node_modules/stubs'
277 silly reify ]
278 silly reify mark retired [
278 silly reify   '/Users/thilinaweerasinghe/YELM Technologies/OruthotaChaletsAdmin/node_modules/styled-jsx'
278 silly reify ]
279 silly reify mark retired [
279 silly reify   '/Users/thilinaweerasinghe/YELM Technologies/OruthotaChaletsAdmin/node_modules/sucrase'
279 silly reify ]
280 silly reify mark retired [
280 silly reify   '/Users/thilinaweerasinghe/YELM Technologies/OruthotaChaletsAdmin/node_modules/supabase'
280 silly reify ]
281 silly reify mark retired [
281 silly reify   '/Users/thilinaweerasinghe/YELM Technologies/OruthotaChaletsAdmin/node_modules/supports-preserve-symlinks-flag'
281 silly reify ]
282 silly reify mark retired [
282 silly reify   '/Users/thilinaweerasinghe/YELM Technologies/OruthotaChaletsAdmin/node_modules/supports-color'
282 silly reify ]
283 silly reify mark retired [
283 silly reify   '/Users/thilinaweerasinghe/YELM Technologies/OruthotaChaletsAdmin/node_modules/tailwindcss'
283 silly reify ]
284 silly reify mark retired [
284 silly reify   '/Users/thilinaweerasinghe/YELM Technologies/OruthotaChaletsAdmin/node_modules/tailwindcss-animate'
284 silly reify ]
285 silly reify mark retired [
285 silly reify   '/Users/thilinaweerasinghe/YELM Technologies/OruthotaChaletsAdmin/node_modules/text-hex'
285 silly reify ]
286 silly reify mark retired [
286 silly reify   '/Users/thilinaweerasinghe/YELM Technologies/OruthotaChaletsAdmin/node_modules/thenify'
286 silly reify ]
287 silly reify mark retired [
287 silly reify   '/Users/thilinaweerasinghe/YELM Technologies/OruthotaChaletsAdmin/node_modules/thenify-all'
287 silly reify ]
288 silly reify mark retired [
288 silly reify   '/Users/thilinaweerasinghe/YELM Technologies/OruthotaChaletsAdmin/node_modules/thriftrw'
288 silly reify ]
289 silly reify mark retired [
289 silly reify   '/Users/thilinaweerasinghe/YELM Technologies/OruthotaChaletsAdmin/node_modules/tiny-invariant'
289 silly reify ]
290 silly reify mark retired [
290 silly reify   '/Users/thilinaweerasinghe/YELM Technologies/OruthotaChaletsAdmin/node_modules/to-regex-range'
290 silly reify ]
291 silly reify mark retired [
291 silly reify   '/Users/thilinaweerasinghe/YELM Technologies/OruthotaChaletsAdmin/node_modules/toidentifier'
291 silly reify ]
292 silly reify mark retired [
292 silly reify   '/Users/thilinaweerasinghe/YELM Technologies/OruthotaChaletsAdmin/node_modules/tr46'
292 silly reify ]
293 silly reify mark retired [
293 silly reify   '/Users/thilinaweerasinghe/YELM Technologies/OruthotaChaletsAdmin/node_modules/triple-beam'
293 silly reify ]
294 silly reify mark retired [
294 silly reify   '/Users/thilinaweerasinghe/YELM Technologies/OruthotaChaletsAdmin/node_modules/ts-node'
294 silly reify ]
295 silly reify mark retired [
295 silly reify   '/Users/thilinaweerasinghe/YELM Technologies/OruthotaChaletsAdmin/node_modules/tslib'
295 silly reify ]
296 silly reify mark retired [
296 silly reify   '/Users/thilinaweerasinghe/YELM Technologies/OruthotaChaletsAdmin/node_modules/tsx'
296 silly reify ]
297 silly reify mark retired [
297 silly reify   '/Users/thilinaweerasinghe/YELM Technologies/OruthotaChaletsAdmin/node_modules/ts-interface-checker'
297 silly reify ]
298 silly reify mark retired [
298 silly reify   '/Users/thilinaweerasinghe/YELM Technologies/OruthotaChaletsAdmin/node_modules/type-is'
298 silly reify ]
299 silly reify mark retired [
299 silly reify   '/Users/thilinaweerasinghe/YELM Technologies/OruthotaChaletsAdmin/node_modules/uglify-js'
299 silly reify ]
300 silly reify mark retired [
300 silly reify   '/Users/thilinaweerasinghe/YELM Technologies/OruthotaChaletsAdmin/node_modules/typescript'
300 silly reify ]
301 silly reify mark retired [
301 silly reify   '/Users/thilinaweerasinghe/YELM Technologies/OruthotaChaletsAdmin/node_modules/universalify'
301 silly reify ]
302 silly reify mark retired [
302 silly reify   '/Users/thilinaweerasinghe/YELM Technologies/OruthotaChaletsAdmin/node_modules/unpipe'
302 silly reify ]
303 silly reify mark retired [
303 silly reify   '/Users/thilinaweerasinghe/YELM Technologies/OruthotaChaletsAdmin/node_modules/uri-templates'
303 silly reify ]
304 silly reify mark retired [
304 silly reify   '/Users/thilinaweerasinghe/YELM Technologies/OruthotaChaletsAdmin/node_modules/url-template'
304 silly reify ]
305 silly reify mark retired [
305 silly reify   '/Users/thilinaweerasinghe/YELM Technologies/OruthotaChaletsAdmin/node_modules/use-callback-ref'
305 silly reify ]
306 silly reify mark retired [
306 silly reify   '/Users/thilinaweerasinghe/YELM Technologies/OruthotaChaletsAdmin/node_modules/use-sidecar'
306 silly reify ]
307 silly reify mark retired [
307 silly reify   '/Users/thilinaweerasinghe/YELM Technologies/OruthotaChaletsAdmin/node_modules/util-deprecate'
307 silly reify ]
308 silly reify mark retired [
308 silly reify   '/Users/thilinaweerasinghe/YELM Technologies/OruthotaChaletsAdmin/node_modules/utils-merge'
308 silly reify ]
309 silly reify mark retired [
309 silly reify   '/Users/thilinaweerasinghe/YELM Technologies/OruthotaChaletsAdmin/node_modules/uuid'
309 silly reify ]
310 silly reify mark retired [
310 silly reify   '/Users/thilinaweerasinghe/YELM Technologies/OruthotaChaletsAdmin/node_modules/v8-compile-cache-lib'
310 silly reify ]
311 silly reify mark retired [
311 silly reify   '/Users/thilinaweerasinghe/YELM Technologies/OruthotaChaletsAdmin/node_modules/vary'
311 silly reify ]
312 silly reify mark retired [
312 silly reify   '/Users/thilinaweerasinghe/YELM Technologies/OruthotaChaletsAdmin/node_modules/victory-vendor'
312 silly reify ]
313 silly reify mark retired [
313 silly reify   '/Users/thilinaweerasinghe/YELM Technologies/OruthotaChaletsAdmin/node_modules/web-streams-polyfill'
313 silly reify ]
314 silly reify mark retired [
314 silly reify   '/Users/thilinaweerasinghe/YELM Technologies/OruthotaChaletsAdmin/node_modules/webidl-conversions'
314 silly reify ]
315 silly reify mark retired [
315 silly reify   '/Users/thilinaweerasinghe/YELM Technologies/OruthotaChaletsAdmin/node_modules/websocket-extensions'
315 silly reify ]
316 silly reify mark retired [
316 silly reify   '/Users/thilinaweerasinghe/YELM Technologies/OruthotaChaletsAdmin/node_modules/whatwg-url'
316 silly reify ]
317 silly reify mark retired [
317 silly reify   '/Users/thilinaweerasinghe/YELM Technologies/OruthotaChaletsAdmin/node_modules/which'
317 silly reify ]
318 silly reify mark retired [
318 silly reify   '/Users/thilinaweerasinghe/YELM Technologies/OruthotaChaletsAdmin/node_modules/winston-transport'
318 silly reify ]
319 silly reify mark retired [
319 silly reify   '/Users/thilinaweerasinghe/YELM Technologies/OruthotaChaletsAdmin/node_modules/wmf'
319 silly reify ]
320 silly reify mark retired [
320 silly reify   '/Users/thilinaweerasinghe/YELM Technologies/OruthotaChaletsAdmin/node_modules/word'
320 silly reify ]
321 silly reify mark retired [
321 silly reify   '/Users/thilinaweerasinghe/YELM Technologies/OruthotaChaletsAdmin/node_modules/wordwrap'
321 silly reify ]
322 silly reify mark retired [
322 silly reify   '/Users/thilinaweerasinghe/YELM Technologies/OruthotaChaletsAdmin/node_modules/wrap-ansi-cjs'
322 silly reify ]
323 silly reify mark retired [
323 silly reify   '/Users/thilinaweerasinghe/YELM Technologies/OruthotaChaletsAdmin/node_modules/wrappy'
323 silly reify ]
324 silly reify mark retired [
324 silly reify   '/Users/thilinaweerasinghe/YELM Technologies/OruthotaChaletsAdmin/node_modules/xlsx'
324 silly reify ]
325 silly reify mark retired [
325 silly reify   '/Users/thilinaweerasinghe/YELM Technologies/OruthotaChaletsAdmin/node_modules/xtend'
325 silly reify ]
326 silly reify mark retired [
326 silly reify   '/Users/thilinaweerasinghe/YELM Technologies/OruthotaChaletsAdmin/node_modules/y18n'
326 silly reify ]
327 silly reify mark retired [
327 silly reify   '/Users/thilinaweerasinghe/YELM Technologies/OruthotaChaletsAdmin/node_modules/yaml'
327 silly reify ]
328 silly reify mark retired [
328 silly reify   '/Users/thilinaweerasinghe/YELM Technologies/OruthotaChaletsAdmin/node_modules/yargs-parser'
328 silly reify ]
329 silly reify mark retired [
329 silly reify   '/Users/thilinaweerasinghe/YELM Technologies/OruthotaChaletsAdmin/node_modules/yn'
329 silly reify ]
330 silly reify mark retired [
330 silly reify   '/Users/thilinaweerasinghe/YELM Technologies/OruthotaChaletsAdmin/node_modules/@cspotcode/source-map-support'
330 silly reify ]
331 silly reify mark retired [
331 silly reify   '/Users/thilinaweerasinghe/YELM Technologies/OruthotaChaletsAdmin/node_modules/@dnd-kit/accessibility'
331 silly reify ]
332 silly reify mark retired [
332 silly reify   '/Users/thilinaweerasinghe/YELM Technologies/OruthotaChaletsAdmin/node_modules/@dnd-kit/core'
332 silly reify ]
333 silly reify mark retired [
333 silly reify   '/Users/thilinaweerasinghe/YELM Technologies/OruthotaChaletsAdmin/node_modules/@dnd-kit/modifiers'
333 silly reify ]
334 silly reify mark retired [
334 silly reify   '/Users/thilinaweerasinghe/YELM Technologies/OruthotaChaletsAdmin/node_modules/@dnd-kit/sortable'
334 silly reify ]
335 silly reify mark retired [
335 silly reify   '/Users/thilinaweerasinghe/YELM Technologies/OruthotaChaletsAdmin/node_modules/@dnd-kit/utilities'
335 silly reify ]
336 silly reify mark retired [
336 silly reify   '/Users/thilinaweerasinghe/YELM Technologies/OruthotaChaletsAdmin/node_modules/@google-cloud/firestore'
336 silly reify ]
337 silly reify mark retired [
337 silly reify   '/Users/thilinaweerasinghe/YELM Technologies/OruthotaChaletsAdmin/node_modules/@google-cloud/opentelemetry-cloud-monitoring-exporter'
337 silly reify ]
338 silly reify mark retired [
338 silly reify   '/Users/thilinaweerasinghe/YELM Technologies/OruthotaChaletsAdmin/node_modules/@google-cloud/opentelemetry-cloud-trace-exporter'
338 silly reify ]
339 silly reify mark retired [
339 silly reify   '/Users/thilinaweerasinghe/YELM Technologies/OruthotaChaletsAdmin/node_modules/@google-cloud/opentelemetry-resource-util'
339 silly reify ]
340 silly reify mark retired [
340 silly reify   '/Users/thilinaweerasinghe/YELM Technologies/OruthotaChaletsAdmin/node_modules/@google-cloud/paginator'
340 silly reify ]
341 silly reify mark retired [
341 silly reify   '/Users/thilinaweerasinghe/YELM Technologies/OruthotaChaletsAdmin/node_modules/@google-cloud/precise-date'
341 silly reify ]
342 silly reify mark retired [
342 silly reify   '/Users/thilinaweerasinghe/YELM Technologies/OruthotaChaletsAdmin/node_modules/@google-cloud/projectify'
342 silly reify ]
343 silly reify mark retired [
343 silly reify   '/Users/thilinaweerasinghe/YELM Technologies/OruthotaChaletsAdmin/node_modules/@google-cloud/promisify'
343 silly reify ]
344 silly reify mark retired [
344 silly reify   '/Users/thilinaweerasinghe/YELM Technologies/OruthotaChaletsAdmin/node_modules/@grpc/proto-loader'
344 silly reify ]
345 silly reify mark retired [
345 silly reify   '/Users/thilinaweerasinghe/YELM Technologies/OruthotaChaletsAdmin/node_modules/@hookform/resolvers'
345 silly reify ]
346 silly reify mark retired [
346 silly reify   '/Users/thilinaweerasinghe/YELM Technologies/OruthotaChaletsAdmin/node_modules/@isaacs/cliui'
346 silly reify ]
347 silly reify mark retired [
347 silly reify   '/Users/thilinaweerasinghe/YELM Technologies/OruthotaChaletsAdmin/node_modules/@jridgewell/resolve-uri'
347 silly reify ]
348 silly reify mark retired [
348 silly reify   '/Users/thilinaweerasinghe/YELM Technologies/OruthotaChaletsAdmin/node_modules/@js-sdsl/ordered-map'
348 silly reify ]
349 silly reify mark retired [
349 silly reify   '/Users/thilinaweerasinghe/YELM Technologies/OruthotaChaletsAdmin/node_modules/@next/env'
349 silly reify ]
350 silly reify mark retired [
350 silly reify   '/Users/thilinaweerasinghe/YELM Technologies/OruthotaChaletsAdmin/node_modules/@nodelib/fs.scandir'
350 silly reify ]
351 silly reify mark retired [
351 silly reify   '/Users/thilinaweerasinghe/YELM Technologies/OruthotaChaletsAdmin/node_modules/@nodelib/fs.walk'
351 silly reify ]
352 silly reify mark retired [
352 silly reify   '/Users/thilinaweerasinghe/YELM Technologies/OruthotaChaletsAdmin/node_modules/@nodelib/fs.stat'
352 silly reify ]
353 silly reify mark retired [
353 silly reify   '/Users/thilinaweerasinghe/YELM Technologies/OruthotaChaletsAdmin/node_modules/@opentelemetry/api-logs'
353 silly reify ]
354 silly reify mark retired [
354 silly reify   '/Users/thilinaweerasinghe/YELM Technologies/OruthotaChaletsAdmin/node_modules/@opentelemetry/auto-instrumentations-node'
354 silly reify ]
355 silly reify mark retired [
355 silly reify   '/Users/thilinaweerasinghe/YELM Technologies/OruthotaChaletsAdmin/node_modules/@opentelemetry/context-async-hooks'
355 silly reify ]
356 silly reify mark retired [
356 silly reify   '/Users/thilinaweerasinghe/YELM Technologies/OruthotaChaletsAdmin/node_modules/@opentelemetry/core'
356 silly reify ]
357 silly reify mark retired [
357 silly reify   '/Users/thilinaweerasinghe/YELM Technologies/OruthotaChaletsAdmin/node_modules/@opentelemetry/exporter-trace-otlp-grpc'
357 silly reify ]
358 silly reify mark retired [
358 silly reify   '/Users/thilinaweerasinghe/YELM Technologies/OruthotaChaletsAdmin/node_modules/@opentelemetry/exporter-trace-otlp-proto'
358 silly reify ]
359 silly reify mark retired [
359 silly reify   '/Users/thilinaweerasinghe/YELM Technologies/OruthotaChaletsAdmin/node_modules/@opentelemetry/exporter-trace-otlp-http'
359 silly reify ]
360 silly reify mark retired [
360 silly reify   '/Users/thilinaweerasinghe/YELM Technologies/OruthotaChaletsAdmin/node_modules/@opentelemetry/exporter-zipkin'
360 silly reify ]
361 silly reify mark retired [
361 silly reify   '/Users/thilinaweerasinghe/YELM Technologies/OruthotaChaletsAdmin/node_modules/@opentelemetry/instrumentation-amqplib'
361 silly reify ]
362 silly reify mark retired [
362 silly reify   '/Users/thilinaweerasinghe/YELM Technologies/OruthotaChaletsAdmin/node_modules/@opentelemetry/instrumentation'
362 silly reify ]
363 silly reify mark retired [
363 silly reify   '/Users/thilinaweerasinghe/YELM Technologies/OruthotaChaletsAdmin/node_modules/@opentelemetry/instrumentation-aws-lambda'
363 silly reify ]
364 silly reify mark retired [
364 silly reify   '/Users/thilinaweerasinghe/YELM Technologies/OruthotaChaletsAdmin/node_modules/@opentelemetry/instrumentation-cassandra-driver'
364 silly reify ]
365 silly reify mark retired [
365 silly reify   '/Users/thilinaweerasinghe/YELM Technologies/OruthotaChaletsAdmin/node_modules/@opentelemetry/instrumentation-bunyan'
365 silly reify ]
366 silly reify mark retired [
366 silly reify   '/Users/thilinaweerasinghe/YELM Technologies/OruthotaChaletsAdmin/node_modules/@opentelemetry/instrumentation-aws-sdk'
366 silly reify ]
367 silly reify mark retired [
367 silly reify   '/Users/thilinaweerasinghe/YELM Technologies/OruthotaChaletsAdmin/node_modules/@opentelemetry/instrumentation-connect'
367 silly reify ]
368 silly reify mark retired [
368 silly reify   '/Users/thilinaweerasinghe/YELM Technologies/OruthotaChaletsAdmin/node_modules/@opentelemetry/instrumentation-cucumber'
368 silly reify ]
369 silly reify mark retired [
369 silly reify   '/Users/thilinaweerasinghe/YELM Technologies/OruthotaChaletsAdmin/node_modules/@opentelemetry/instrumentation-dns'
369 silly reify ]
370 silly reify mark retired [
370 silly reify   '/Users/thilinaweerasinghe/YELM Technologies/OruthotaChaletsAdmin/node_modules/@opentelemetry/instrumentation-dataloader'
370 silly reify ]
371 silly reify mark retired [
371 silly reify   '/Users/thilinaweerasinghe/YELM Technologies/OruthotaChaletsAdmin/node_modules/@opentelemetry/instrumentation-express'
371 silly reify ]
372 silly reify mark retired [
372 silly reify   '/Users/thilinaweerasinghe/YELM Technologies/OruthotaChaletsAdmin/node_modules/@opentelemetry/instrumentation-fastify'
372 silly reify ]
373 silly reify mark retired [
373 silly reify   '/Users/thilinaweerasinghe/YELM Technologies/OruthotaChaletsAdmin/node_modules/@opentelemetry/instrumentation-fs'
373 silly reify ]
374 silly reify mark retired [
374 silly reify   '/Users/thilinaweerasinghe/YELM Technologies/OruthotaChaletsAdmin/node_modules/@opentelemetry/instrumentation-graphql'
374 silly reify ]
375 silly reify mark retired [
375 silly reify   '/Users/thilinaweerasinghe/YELM Technologies/OruthotaChaletsAdmin/node_modules/@opentelemetry/instrumentation-generic-pool'
375 silly reify ]
376 silly reify mark retired [
376 silly reify   '/Users/thilinaweerasinghe/YELM Technologies/OruthotaChaletsAdmin/node_modules/@opentelemetry/instrumentation-grpc'
376 silly reify ]
377 silly reify mark retired [
377 silly reify   '/Users/thilinaweerasinghe/YELM Technologies/OruthotaChaletsAdmin/node_modules/@opentelemetry/instrumentation-hapi'
377 silly reify ]
378 silly reify mark retired [
378 silly reify   '/Users/thilinaweerasinghe/YELM Technologies/OruthotaChaletsAdmin/node_modules/@opentelemetry/instrumentation-http'
378 silly reify ]
379 silly reify mark retired [
379 silly reify   '/Users/thilinaweerasinghe/YELM Technologies/OruthotaChaletsAdmin/node_modules/@opentelemetry/instrumentation-ioredis'
379 silly reify ]
380 silly reify mark retired [
380 silly reify   '/Users/thilinaweerasinghe/YELM Technologies/OruthotaChaletsAdmin/node_modules/@opentelemetry/instrumentation-kafkajs'
380 silly reify ]
381 silly reify mark retired [
381 silly reify   '/Users/thilinaweerasinghe/YELM Technologies/OruthotaChaletsAdmin/node_modules/@opentelemetry/instrumentation-koa'
381 silly reify ]
382 silly reify mark retired [
382 silly reify   '/Users/thilinaweerasinghe/YELM Technologies/OruthotaChaletsAdmin/node_modules/@opentelemetry/instrumentation-knex'
382 silly reify ]
383 silly reify mark retired [
383 silly reify   '/Users/thilinaweerasinghe/YELM Technologies/OruthotaChaletsAdmin/node_modules/@opentelemetry/instrumentation-mongodb'
383 silly reify ]
384 silly reify mark retired [
384 silly reify   '/Users/thilinaweerasinghe/YELM Technologies/OruthotaChaletsAdmin/node_modules/@opentelemetry/instrumentation-mongoose'
384 silly reify ]
385 silly reify mark retired [
385 silly reify   '/Users/thilinaweerasinghe/YELM Technologies/OruthotaChaletsAdmin/node_modules/@opentelemetry/instrumentation-lru-memoizer'
385 silly reify ]
386 silly reify mark retired [
386 silly reify   '/Users/thilinaweerasinghe/YELM Technologies/OruthotaChaletsAdmin/node_modules/@opentelemetry/instrumentation-memcached'
386 silly reify ]
387 silly reify mark retired [
387 silly reify   '/Users/thilinaweerasinghe/YELM Technologies/OruthotaChaletsAdmin/node_modules/@opentelemetry/instrumentation-mysql'
387 silly reify ]
388 silly reify mark retired [
388 silly reify   '/Users/thilinaweerasinghe/YELM Technologies/OruthotaChaletsAdmin/node_modules/@opentelemetry/instrumentation-mysql2'
388 silly reify ]
389 silly reify mark retired [
389 silly reify   '/Users/thilinaweerasinghe/YELM Technologies/OruthotaChaletsAdmin/node_modules/@opentelemetry/instrumentation-pino'
389 silly reify ]
390 silly reify mark retired [
390 silly reify   '/Users/thilinaweerasinghe/YELM Technologies/OruthotaChaletsAdmin/node_modules/@opentelemetry/instrumentation-nestjs-core'
390 silly reify ]
391 silly reify mark retired [
391 silly reify   '/Users/thilinaweerasinghe/YELM Technologies/OruthotaChaletsAdmin/node_modules/@opentelemetry/instrumentation-net'
391 silly reify ]
392 silly reify mark retired [
392 silly reify   '/Users/thilinaweerasinghe/YELM Technologies/OruthotaChaletsAdmin/node_modules/@opentelemetry/instrumentation-pg'
392 silly reify ]
393 silly reify mark retired [
393 silly reify   '/Users/thilinaweerasinghe/YELM Technologies/OruthotaChaletsAdmin/node_modules/@opentelemetry/instrumentation-redis'
393 silly reify ]
394 silly reify mark retired [
394 silly reify   '/Users/thilinaweerasinghe/YELM Technologies/OruthotaChaletsAdmin/node_modules/@opentelemetry/instrumentation-restify'
394 silly reify ]
395 silly reify mark retired [
395 silly reify   '/Users/thilinaweerasinghe/YELM Technologies/OruthotaChaletsAdmin/node_modules/@opentelemetry/instrumentation-redis-4'
395 silly reify ]
396 silly reify mark retired [
396 silly reify   '/Users/thilinaweerasinghe/YELM Technologies/OruthotaChaletsAdmin/node_modules/@opentelemetry/instrumentation-socket.io'
396 silly reify ]
397 silly reify mark retired [
397 silly reify   '/Users/thilinaweerasinghe/YELM Technologies/OruthotaChaletsAdmin/node_modules/@opentelemetry/instrumentation-router'
397 silly reify ]
398 silly reify mark retired [
398 silly reify   '/Users/thilinaweerasinghe/YELM Technologies/OruthotaChaletsAdmin/node_modules/@opentelemetry/instrumentation-tedious'
398 silly reify ]
399 silly reify mark retired [
399 silly reify   '/Users/thilinaweerasinghe/YELM Technologies/OruthotaChaletsAdmin/node_modules/@opentelemetry/instrumentation-undici'
399 silly reify ]
400 silly reify mark retired [
400 silly reify   '/Users/thilinaweerasinghe/YELM Technologies/OruthotaChaletsAdmin/node_modules/@opentelemetry/instrumentation-winston'
400 silly reify ]
401 silly reify mark retired [
401 silly reify   '/Users/thilinaweerasinghe/YELM Technologies/OruthotaChaletsAdmin/node_modules/@opentelemetry/otlp-exporter-base'
401 silly reify ]
402 silly reify mark retired [
402 silly reify   '/Users/thilinaweerasinghe/YELM Technologies/OruthotaChaletsAdmin/node_modules/@opentelemetry/otlp-grpc-exporter-base'
402 silly reify ]
403 silly reify mark retired [
403 silly reify   '/Users/thilinaweerasinghe/YELM Technologies/OruthotaChaletsAdmin/node_modules/@opentelemetry/propagation-utils'
403 silly reify ]
404 silly reify mark retired [
404 silly reify   '/Users/thilinaweerasinghe/YELM Technologies/OruthotaChaletsAdmin/node_modules/@opentelemetry/propagator-aws-xray'
404 silly reify ]
405 silly reify mark retired [
405 silly reify   '/Users/thilinaweerasinghe/YELM Technologies/OruthotaChaletsAdmin/node_modules/@opentelemetry/propagator-b3'
405 silly reify ]
406 silly reify mark retired [
406 silly reify   '/Users/thilinaweerasinghe/YELM Technologies/OruthotaChaletsAdmin/node_modules/@opentelemetry/otlp-transformer'
406 silly reify ]
407 silly reify mark retired [
407 silly reify   '/Users/thilinaweerasinghe/YELM Technologies/OruthotaChaletsAdmin/node_modules/@opentelemetry/propagator-jaeger'
407 silly reify ]
408 silly reify mark retired [
408 silly reify   '/Users/thilinaweerasinghe/YELM Technologies/OruthotaChaletsAdmin/node_modules/@opentelemetry/redis-common'
408 silly reify ]
409 silly reify mark retired [
409 silly reify   '/Users/thilinaweerasinghe/YELM Technologies/OruthotaChaletsAdmin/node_modules/@opentelemetry/resource-detector-alibaba-cloud'
409 silly reify ]
410 silly reify mark retired [
410 silly reify   '/Users/thilinaweerasinghe/YELM Technologies/OruthotaChaletsAdmin/node_modules/@opentelemetry/resource-detector-azure'
410 silly reify ]
411 silly reify mark retired [
411 silly reify   '/Users/thilinaweerasinghe/YELM Technologies/OruthotaChaletsAdmin/node_modules/@opentelemetry/resource-detector-aws'
411 silly reify ]
412 silly reify mark retired [
412 silly reify   '/Users/thilinaweerasinghe/YELM Technologies/OruthotaChaletsAdmin/node_modules/@opentelemetry/resource-detector-container'
412 silly reify ]
413 silly reify mark retired [
413 silly reify   '/Users/thilinaweerasinghe/YELM Technologies/OruthotaChaletsAdmin/node_modules/@opentelemetry/resource-detector-gcp'
413 silly reify ]
414 silly reify mark retired [
414 silly reify   '/Users/thilinaweerasinghe/YELM Technologies/OruthotaChaletsAdmin/node_modules/@opentelemetry/resources'
414 silly reify ]
415 silly reify mark retired [
415 silly reify   '/Users/thilinaweerasinghe/YELM Technologies/OruthotaChaletsAdmin/node_modules/@opentelemetry/sdk-node'
415 silly reify ]
416 silly reify mark retired [
416 silly reify   '/Users/thilinaweerasinghe/YELM Technologies/OruthotaChaletsAdmin/node_modules/@opentelemetry/sdk-metrics'
416 silly reify ]
417 silly reify mark retired [
417 silly reify   '/Users/thilinaweerasinghe/YELM Technologies/OruthotaChaletsAdmin/node_modules/@opentelemetry/sdk-logs'
417 silly reify ]
418 silly reify mark retired [
418 silly reify   '/Users/thilinaweerasinghe/YELM Technologies/OruthotaChaletsAdmin/node_modules/@opentelemetry/sdk-trace-base'
418 silly reify ]
419 silly reify mark retired [
419 silly reify   '/Users/thilinaweerasinghe/YELM Technologies/OruthotaChaletsAdmin/node_modules/@opentelemetry/sdk-trace-node'
419 silly reify ]
420 silly reify mark retired [
420 silly reify   '/Users/thilinaweerasinghe/YELM Technologies/OruthotaChaletsAdmin/node_modules/@pkgjs/parseargs'
420 silly reify ]
421 silly reify mark retired [
421 silly reify   '/Users/thilinaweerasinghe/YELM Technologies/OruthotaChaletsAdmin/node_modules/@protobufjs/aspromise'
421 silly reify ]
422 silly reify mark retired [
422 silly reify   '/Users/thilinaweerasinghe/YELM Technologies/OruthotaChaletsAdmin/node_modules/@opentelemetry/sql-common'
422 silly reify ]
423 silly reify mark retired [
423 silly reify   '/Users/thilinaweerasinghe/YELM Technologies/OruthotaChaletsAdmin/node_modules/@protobufjs/base64'
423 silly reify ]
424 silly reify mark retired [
424 silly reify   '/Users/thilinaweerasinghe/YELM Technologies/OruthotaChaletsAdmin/node_modules/@protobufjs/float'
424 silly reify ]
425 silly reify mark retired [
425 silly reify   '/Users/thilinaweerasinghe/YELM Technologies/OruthotaChaletsAdmin/node_modules/@protobufjs/path'
425 silly reify ]
426 silly reify mark retired [
426 silly reify   '/Users/thilinaweerasinghe/YELM Technologies/OruthotaChaletsAdmin/node_modules/@protobufjs/pool'
426 silly reify ]
427 silly reify mark retired [
427 silly reify   '/Users/thilinaweerasinghe/YELM Technologies/OruthotaChaletsAdmin/node_modules/@standard-schema/utils'
427 silly reify ]
428 silly reify mark retired [
428 silly reify   '/Users/thilinaweerasinghe/YELM Technologies/OruthotaChaletsAdmin/node_modules/@supabase/ssr'
428 silly reify ]
429 silly reify mark retired [
429 silly reify   '/Users/thilinaweerasinghe/YELM Technologies/OruthotaChaletsAdmin/node_modules/@swc/counter'
429 silly reify ]
430 silly reify mark retired [
430 silly reify   '/Users/thilinaweerasinghe/YELM Technologies/OruthotaChaletsAdmin/node_modules/@swc/helpers'
430 silly reify ]
431 silly reify mark retired [
431 silly reify   '/Users/thilinaweerasinghe/YELM Technologies/OruthotaChaletsAdmin/node_modules/@tsconfig/node12'
431 silly reify ]
432 silly reify mark retired [
432 silly reify   '/Users/thilinaweerasinghe/YELM Technologies/OruthotaChaletsAdmin/node_modules/@tsconfig/node14'
432 silly reify ]
433 silly reify mark retired [
433 silly reify   '/Users/thilinaweerasinghe/YELM Technologies/OruthotaChaletsAdmin/node_modules/@tsconfig/node16'
433 silly reify ]
434 silly reify mark retired [
434 silly reify   '/Users/thilinaweerasinghe/YELM Technologies/OruthotaChaletsAdmin/node_modules/@types/aws-lambda'
434 silly reify ]
435 silly reify mark retired [
435 silly reify   '/Users/thilinaweerasinghe/YELM Technologies/OruthotaChaletsAdmin/node_modules/@types/bcryptjs'
435 silly reify ]
436 silly reify mark retired [
436 silly reify   '/Users/thilinaweerasinghe/YELM Technologies/OruthotaChaletsAdmin/node_modules/@types/bunyan'
436 silly reify ]
437 silly reify mark retired [
437 silly reify   '/Users/thilinaweerasinghe/YELM Technologies/OruthotaChaletsAdmin/node_modules/@types/caseless'
437 silly reify ]
438 silly reify mark retired [
438 silly reify   '/Users/thilinaweerasinghe/YELM Technologies/OruthotaChaletsAdmin/node_modules/@types/connect'
438 silly reify ]
439 silly reify mark retired [
439 silly reify   '/Users/thilinaweerasinghe/YELM Technologies/OruthotaChaletsAdmin/node_modules/@types/d3-ease'
439 silly reify ]
440 silly reify mark retired [
440 silly reify   '/Users/thilinaweerasinghe/YELM Technologies/OruthotaChaletsAdmin/node_modules/@types/d3-color'
440 silly reify ]
441 silly reify mark retired [
441 silly reify   '/Users/thilinaweerasinghe/YELM Technologies/OruthotaChaletsAdmin/node_modules/@types/d3-interpolate'
441 silly reify ]
442 silly reify mark retired [
442 silly reify   '/Users/thilinaweerasinghe/YELM Technologies/OruthotaChaletsAdmin/node_modules/@types/d3-scale'
442 silly reify ]
443 silly reify mark retired [
443 silly reify   '/Users/thilinaweerasinghe/YELM Technologies/OruthotaChaletsAdmin/node_modules/@types/d3-timer'
443 silly reify ]
444 silly reify mark retired [
444 silly reify   '/Users/thilinaweerasinghe/YELM Technologies/OruthotaChaletsAdmin/node_modules/@types/d3-time'
444 silly reify ]
445 silly reify mark retired [
445 silly reify   '/Users/thilinaweerasinghe/YELM Technologies/OruthotaChaletsAdmin/node_modules/@types/jsonwebtoken'
445 silly reify ]
446 silly reify mark retired [
446 silly reify   '/Users/thilinaweerasinghe/YELM Technologies/OruthotaChaletsAdmin/node_modules/@types/long'
446 silly reify ]
447 silly reify mark retired [
447 silly reify   '/Users/thilinaweerasinghe/YELM Technologies/OruthotaChaletsAdmin/node_modules/@types/memcached'
447 silly reify ]
448 silly reify mark retired [
448 silly reify   '/Users/thilinaweerasinghe/YELM Technologies/OruthotaChaletsAdmin/node_modules/@types/ms'
448 silly reify ]
449 silly reify mark retired [
449 silly reify   '/Users/thilinaweerasinghe/YELM Technologies/OruthotaChaletsAdmin/node_modules/@types/mysql'
449 silly reify ]
450 silly reify mark retired [
450 silly reify   '/Users/thilinaweerasinghe/YELM Technologies/OruthotaChaletsAdmin/node_modules/@types/pg-pool'
450 silly reify ]
451 silly reify mark retired [
451 silly reify   '/Users/thilinaweerasinghe/YELM Technologies/OruthotaChaletsAdmin/node_modules/@types/pg'
451 silly reify ]
452 silly reify mark retired [
452 silly reify   '/Users/thilinaweerasinghe/YELM Technologies/OruthotaChaletsAdmin/node_modules/@types/recharts'
452 silly reify ]
453 silly reify mark retired [
453 silly reify   '/Users/thilinaweerasinghe/YELM Technologies/OruthotaChaletsAdmin/node_modules/@types/request'
453 silly reify ]
454 silly reify mark retired [
454 silly reify   '/Users/thilinaweerasinghe/YELM Technologies/OruthotaChaletsAdmin/node_modules/@types/shimmer'
454 silly reify ]
455 silly reify mark retired [
455 silly reify   '/Users/thilinaweerasinghe/YELM Technologies/OruthotaChaletsAdmin/node_modules/@types/tedious'
455 silly reify ]
456 silly reify mark retired [
456 silly reify   '/Users/thilinaweerasinghe/YELM Technologies/OruthotaChaletsAdmin/node_modules/@types/tough-cookie'
456 silly reify ]
457 silly reify mark retired [
457 silly reify   '/Users/thilinaweerasinghe/YELM Technologies/OruthotaChaletsAdmin/node_modules/@types/triple-beam'
457 silly reify ]
458 silly reify mark retired [
458 silly reify   '/Users/thilinaweerasinghe/YELM Technologies/OruthotaChaletsAdmin/node_modules/@yarnpkg/lockfile'
458 silly reify ]
459 silly reify mark retired [
459 silly reify   '/Users/thilinaweerasinghe/YELM Technologies/OruthotaChaletsAdmin/node_modules/eventid/node_modules/uuid'
459 silly reify ]
460 silly reify mark retired [
460 silly reify   '/Users/thilinaweerasinghe/YELM Technologies/OruthotaChaletsAdmin/node_modules/exceljs/node_modules/uuid'
460 silly reify ]
461 silly reify mark retired [
461 silly reify   '/Users/thilinaweerasinghe/YELM Technologies/OruthotaChaletsAdmin/node_modules/firebase-admin/node_modules/uuid'
461 silly reify ]
462 silly reify mark retired [
462 silly reify   '/Users/thilinaweerasinghe/YELM Technologies/OruthotaChaletsAdmin/node_modules/jaeger-client/node_modules/uuid'
462 silly reify ]
463 silly reify mark retired [
463 silly reify   '/Users/thilinaweerasinghe/YELM Technologies/OruthotaChaletsAdmin/node_modules/make-dir/node_modules/semver'
463 silly reify ]
464 silly reify mark retired [
464 silly reify   '/Users/thilinaweerasinghe/YELM Technologies/OruthotaChaletsAdmin/node_modules/send/node_modules/mime'
464 silly reify ]
465 silly reify mark retired [
465 silly reify   '/Users/thilinaweerasinghe/YELM Technologies/OruthotaChaletsAdmin/node_modules/teeny-request/node_modules/uuid'
465 silly reify ]
466 silly reify mark retired [
466 silly reify   '/Users/thilinaweerasinghe/YELM Technologies/OruthotaChaletsAdmin/node_modules/@genkit-ai/tools-common/node_modules/uuid'
466 silly reify ]
467 silly reify mark retired [
467 silly reify   '/Users/thilinaweerasinghe/YELM Technologies/OruthotaChaletsAdmin/node_modules/@google-cloud/storage/node_modules/uuid'
467 silly reify ]
468 silly reify mark retired [
468 silly reify   '/Users/thilinaweerasinghe/YELM Technologies/OruthotaChaletsAdmin/node_modules/@grpc/grpc-js/node_modules/@grpc/proto-loader'
468 silly reify ]
469 silly reify mark retired [
469 silly reify   '/Users/thilinaweerasinghe/YELM Technologies/OruthotaChaletsAdmin/node_modules/@google-cloud/logging/node_modules/uuid'
469 silly reify ]
470 silly reify moves {
470 silly reify   '/Users/thilinaweerasinghe/YELM Technologies/OruthotaChaletsAdmin/node_modules/abort-controller': '/Users/thilinaweerasinghe/YELM Technologies/OruthotaChaletsAdmin/node_modules/.abort-controller-jXlLSGqk',
470 silly reify   '/Users/thilinaweerasinghe/YELM Technologies/OruthotaChaletsAdmin/node_modules/accepts': '/Users/thilinaweerasinghe/YELM Technologies/OruthotaChaletsAdmin/node_modules/.accepts-SN1FpD46',
470 silly reify   '/Users/thilinaweerasinghe/YELM Technologies/OruthotaChaletsAdmin/node_modules/acorn': '/Users/thilinaweerasinghe/YELM Technologies/OruthotaChaletsAdmin/node_modules/.acorn-JjIoQFGk',
470 silly reify   '/Users/thilinaweerasinghe/YELM Technologies/OruthotaChaletsAdmin/node_modules/acorn-import-attributes': '/Users/thilinaweerasinghe/YELM Technologies/OruthotaChaletsAdmin/node_modules/.acorn-import-attributes-PeMfogoV',
470 silly reify   '/Users/thilinaweerasinghe/YELM Technologies/OruthotaChaletsAdmin/node_modules/adler-32': '/Users/thilinaweerasinghe/YELM Technologies/OruthotaChaletsAdmin/node_modules/.adler-32-LZSCM87b',
470 silly reify   '/Users/thilinaweerasinghe/YELM Technologies/OruthotaChaletsAdmin/node_modules/ajv-formats': '/Users/thilinaweerasinghe/YELM Technologies/OruthotaChaletsAdmin/node_modules/.ajv-formats-0nEhMHYJ',
470 silly reify   '/Users/thilinaweerasinghe/YELM Technologies/OruthotaChaletsAdmin/node_modules/any-promise': '/Users/thilinaweerasinghe/YELM Technologies/OruthotaChaletsAdmin/node_modules/.any-promise-4pwga7KF',
470 silly reify   '/Users/thilinaweerasinghe/YELM Technologies/OruthotaChaletsAdmin/node_modules/anymatch': '/Users/thilinaweerasinghe/YELM Technologies/OruthotaChaletsAdmin/node_modules/.anymatch-KoV7mTMQ',
470 silly reify   '/Users/thilinaweerasinghe/YELM Technologies/OruthotaChaletsAdmin/node_modules/arg': '/Users/thilinaweerasinghe/YELM Technologies/OruthotaChaletsAdmin/node_modules/.arg-pH5bulDL',
470 silly reify   '/Users/thilinaweerasinghe/YELM Technologies/OruthotaChaletsAdmin/node_modules/argparse': '/Users/thilinaweerasinghe/YELM Technologies/OruthotaChaletsAdmin/node_modules/.argparse-RgeE9Ods',
470 silly reify   '/Users/thilinaweerasinghe/YELM Technologies/OruthotaChaletsAdmin/node_modules/array-flatten': '/Users/thilinaweerasinghe/YELM Technologies/OruthotaChaletsAdmin/node_modules/.array-flatten-kSd5JlwW',
470 silly reify   '/Users/thilinaweerasinghe/YELM Technologies/OruthotaChaletsAdmin/node_modules/arrify': '/Users/thilinaweerasinghe/YELM Technologies/OruthotaChaletsAdmin/node_modules/.arrify-ksskfmHl',
470 silly reify   '/Users/thilinaweerasinghe/YELM Technologies/OruthotaChaletsAdmin/node_modules/async': '/Users/thilinaweerasinghe/YELM Technologies/OruthotaChaletsAdmin/node_modules/.async-cCltRiGt',
470 silly reify   '/Users/thilinaweerasinghe/YELM Technologies/OruthotaChaletsAdmin/node_modules/async-mutex': '/Users/thilinaweerasinghe/YELM Technologies/OruthotaChaletsAdmin/node_modules/.async-mutex-DRtQBuER',
470 silly reify   '/Users/thilinaweerasinghe/YELM Technologies/OruthotaChaletsAdmin/node_modules/async-retry': '/Users/thilinaweerasinghe/YELM Technologies/OruthotaChaletsAdmin/node_modules/.async-retry-7vSZVi2q',
470 silly reify   '/Users/thilinaweerasinghe/YELM Technologies/OruthotaChaletsAdmin/node_modules/asynckit': '/Users/thilinaweerasinghe/YELM Technologies/OruthotaChaletsAdmin/node_modules/.asynckit-f9vqrYHO',
470 silly reify   '/Users/thilinaweerasinghe/YELM Technologies/OruthotaChaletsAdmin/node_modules/balanced-match': '/Users/thilinaweerasinghe/YELM Technologies/OruthotaChaletsAdmin/node_modules/.balanced-match-SVzGZqjM',
470 silly reify   '/Users/thilinaweerasinghe/YELM Technologies/OruthotaChaletsAdmin/node_modules/base64-js': '/Users/thilinaweerasinghe/YELM Technologies/OruthotaChaletsAdmin/node_modules/.base64-js-hnUUZwIa',
470 silly reify   '/Users/thilinaweerasinghe/YELM Technologies/OruthotaChaletsAdmin/node_modules/bcryptjs': '/Users/thilinaweerasinghe/YELM Technologies/OruthotaChaletsAdmin/node_modules/.bcryptjs-qnQfvp9M',
470 silly reify   '/Users/thilinaweerasinghe/YELM Technologies/OruthotaChaletsAdmin/node_modules/binary-extensions': '/Users/thilinaweerasinghe/YELM Technologies/OruthotaChaletsAdmin/node_modules/.binary-extensions-um9acFRt',
470 silly reify   '/Users/thilinaweerasinghe/YELM Technologies/OruthotaChaletsAdmin/node_modules/braces': '/Users/thilinaweerasinghe/YELM Technologies/OruthotaChaletsAdmin/node_modules/.braces-8mpfyyzL',
470 silly reify   '/Users/thilinaweerasinghe/YELM Technologies/OruthotaChaletsAdmin/node_modules/buffer-equal-constant-time': '/Users/thilinaweerasinghe/YELM Technologies/OruthotaChaletsAdmin/node_modules/.buffer-equal-constant-time-lkk6r18u',
470 silly reify   '/Users/thilinaweerasinghe/YELM Technologies/OruthotaChaletsAdmin/node_modules/busboy': '/Users/thilinaweerasinghe/YELM Technologies/OruthotaChaletsAdmin/node_modules/.busboy-s4wqe0jS',
470 silly reify   '/Users/thilinaweerasinghe/YELM Technologies/OruthotaChaletsAdmin/node_modules/bytes': '/Users/thilinaweerasinghe/YELM Technologies/OruthotaChaletsAdmin/node_modules/.bytes-2PrTbjCu',
470 silly reify   '/Users/thilinaweerasinghe/YELM Technologies/OruthotaChaletsAdmin/node_modules/camelcase-css': '/Users/thilinaweerasinghe/YELM Technologies/OruthotaChaletsAdmin/node_modules/.camelcase-css-TPM9WhCH',
470 silly reify   '/Users/thilinaweerasinghe/YELM Technologies/OruthotaChaletsAdmin/node_modules/cfb': '/Users/thilinaweerasinghe/YELM Technologies/OruthotaChaletsAdmin/node_modules/.cfb-OxkXIWBx',
470 silly reify   '/Users/thilinaweerasinghe/YELM Technologies/OruthotaChaletsAdmin/node_modules/chalk': '/Users/thilinaweerasinghe/YELM Technologies/OruthotaChaletsAdmin/node_modules/.chalk-GnEhh5BN',
470 silly reify   '/Users/thilinaweerasinghe/YELM Technologies/OruthotaChaletsAdmin/node_modules/chokidar': '/Users/thilinaweerasinghe/YELM Technologies/OruthotaChaletsAdmin/node_modules/.chokidar-w73lfOrf',
470 silly reify   '/Users/thilinaweerasinghe/YELM Technologies/OruthotaChaletsAdmin/node_modules/ci-info': '/Users/thilinaweerasinghe/YELM Technologies/OruthotaChaletsAdmin/node_modules/.ci-info-dpavLOim',
470 silly reify   '/Users/thilinaweerasinghe/YELM Technologies/OruthotaChaletsAdmin/node_modules/cjs-module-lexer': '/Users/thilinaweerasinghe/YELM Technologies/OruthotaChaletsAdmin/node_modules/.cjs-module-lexer-RmqW6ncp',
470 silly reify   '/Users/thilinaweerasinghe/YELM Technologies/OruthotaChaletsAdmin/node_modules/class-variance-authority': '/Users/thilinaweerasinghe/YELM Technologies/OruthotaChaletsAdmin/node_modules/.class-variance-authority-caZlQjel',
470 silly reify   '/Users/thilinaweerasinghe/YELM Technologies/OruthotaChaletsAdmin/node_modules/client-only': '/Users/thilinaweerasinghe/YELM Technologies/OruthotaChaletsAdmin/node_modules/.client-only-xlvmfUgy',
470 silly reify   '/Users/thilinaweerasinghe/YELM Technologies/OruthotaChaletsAdmin/node_modules/cliui': '/Users/thilinaweerasinghe/YELM Technologies/OruthotaChaletsAdmin/node_modules/.cliui-kWzMgsPA',
470 silly reify   '/Users/thilinaweerasinghe/YELM Technologies/OruthotaChaletsAdmin/node_modules/clsx': '/Users/thilinaweerasinghe/YELM Technologies/OruthotaChaletsAdmin/node_modules/.clsx-VoQYy3FV',
470 silly reify   '/Users/thilinaweerasinghe/YELM Technologies/OruthotaChaletsAdmin/node_modules/cmdk': '/Users/thilinaweerasinghe/YELM Technologies/OruthotaChaletsAdmin/node_modules/.cmdk-Oqn1o3fr',
470 silly reify   '/Users/thilinaweerasinghe/YELM Technologies/OruthotaChaletsAdmin/node_modules/codepage': '/Users/thilinaweerasinghe/YELM Technologies/OruthotaChaletsAdmin/node_modules/.codepage-cOIJXPCT',
470 silly reify   '/Users/thilinaweerasinghe/YELM Technologies/OruthotaChaletsAdmin/node_modules/color-convert': '/Users/thilinaweerasinghe/YELM Technologies/OruthotaChaletsAdmin/node_modules/.color-convert-SanFdW6w',
470 silly reify   '/Users/thilinaweerasinghe/YELM Technologies/OruthotaChaletsAdmin/node_modules/color-name': '/Users/thilinaweerasinghe/YELM Technologies/OruthotaChaletsAdmin/node_modules/.color-name-ZNauNrwO',
470 silly reify   '/Users/thilinaweerasinghe/YELM Technologies/OruthotaChaletsAdmin/node_modules/colorette': '/Users/thilinaweerasinghe/YELM Technologies/OruthotaChaletsAdmin/node_modules/.colorette-4pM2VJ3I',
470 silly reify   '/Users/thilinaweerasinghe/YELM Technologies/OruthotaChaletsAdmin/node_modules/combined-stream': '/Users/thilinaweerasinghe/YELM Technologies/OruthotaChaletsAdmin/node_modules/.combined-stream-PU1LgHx5',
470 silly reify   '/Users/thilinaweerasinghe/YELM Technologies/OruthotaChaletsAdmin/node_modules/concat-map': '/Users/thilinaweerasinghe/YELM Technologies/OruthotaChaletsAdmin/node_modules/.concat-map-zbQD8NjU',
470 silly reify   '/Users/thilinaweerasinghe/YELM Technologies/OruthotaChaletsAdmin/node_modules/content-disposition': '/Users/thilinaweerasinghe/YELM Technologies/OruthotaChaletsAdmin/node_modules/.content-disposition-kLa3p8qb',
470 silly reify   '/Users/thilinaweerasinghe/YELM Technologies/OruthotaChaletsAdmin/node_modules/content-type': '/Users/thilinaweerasinghe/YELM Technologies/OruthotaChaletsAdmin/node_modules/.content-type-rV722LCv',
470 silly reify   '/Users/thilinaweerasinghe/YELM Technologies/OruthotaChaletsAdmin/node_modules/crc-32': '/Users/thilinaweerasinghe/YELM Technologies/OruthotaChaletsAdmin/node_modules/.crc-32-n8k5K0pQ',
470 silly reify   '/Users/thilinaweerasinghe/YELM Technologies/OruthotaChaletsAdmin/node_modules/create-require': '/Users/thilinaweerasinghe/YELM Technologies/OruthotaChaletsAdmin/node_modules/.create-require-RobnYD8m',
470 silly reify   '/Users/thilinaweerasinghe/YELM Technologies/OruthotaChaletsAdmin/node_modules/cssesc': '/Users/thilinaweerasinghe/YELM Technologies/OruthotaChaletsAdmin/node_modules/.cssesc-7MyLHcXZ',
470 silly reify   '/Users/thilinaweerasinghe/YELM Technologies/OruthotaChaletsAdmin/node_modules/d3-array': '/Users/thilinaweerasinghe/YELM Technologies/OruthotaChaletsAdmin/node_modules/.d3-array-VAUnpkaF',
470 silly reify   '/Users/thilinaweerasinghe/YELM Technologies/OruthotaChaletsAdmin/node_modules/d3-color': '/Users/thilinaweerasinghe/YELM Technologies/OruthotaChaletsAdmin/node_modules/.d3-color-LoAfRJyN',
470 silly reify   '/Users/thilinaweerasinghe/YELM Technologies/OruthotaChaletsAdmin/node_modules/d3-ease': '/Users/thilinaweerasinghe/YELM Technologies/OruthotaChaletsAdmin/node_modules/.d3-ease-K6l6GXPX',
470 silly reify   '/Users/thilinaweerasinghe/YELM Technologies/OruthotaChaletsAdmin/node_modules/d3-interpolate': '/Users/thilinaweerasinghe/YELM Technologies/OruthotaChaletsAdmin/node_modules/.d3-interpolate-Ry0DbhS9',
470 silly reify   '/Users/thilinaweerasinghe/YELM Technologies/OruthotaChaletsAdmin/node_modules/d3-path': '/Users/thilinaweerasinghe/YELM Technologies/OruthotaChaletsAdmin/node_modules/.d3-path-N7OSyZ5W',
470 silly reify   '/Users/thilinaweerasinghe/YELM Technologies/OruthotaChaletsAdmin/node_modules/d3-scale': '/Users/thilinaweerasinghe/YELM Technologies/OruthotaChaletsAdmin/node_modules/.d3-scale-bObKDwKC',
470 silly reify   '/Users/thilinaweerasinghe/YELM Technologies/OruthotaChaletsAdmin/node_modules/d3-shape': '/Users/thilinaweerasinghe/YELM Technologies/OruthotaChaletsAdmin/node_modules/.d3-shape-9IaFn87C',
470 silly reify   '/Users/thilinaweerasinghe/YELM Technologies/OruthotaChaletsAdmin/node_modules/d3-time': '/Users/thilinaweerasinghe/YELM Technologies/OruthotaChaletsAdmin/node_modules/.d3-time-va3YyQO4',
470 silly reify   '/Users/thilinaweerasinghe/YELM Technologies/OruthotaChaletsAdmin/node_modules/d3-time-format': '/Users/thilinaweerasinghe/YELM Technologies/OruthotaChaletsAdmin/node_modules/.d3-time-format-xwDgv6pz',
470 silly reify   '/Users/thilinaweerasinghe/YELM Technologies/OruthotaChaletsAdmin/node_modules/d3-timer': '/Users/thilinaweerasinghe/YELM Technologies/OruthotaChaletsAdmin/node_modules/.d3-timer-UCHWHi7h',
470 silly reify   '/Users/thilinaweerasinghe/YELM Technologies/OruthotaChaletsAdmin/node_modules/data-uri-to-buffer': '/Users/thilinaweerasinghe/YELM Technologies/OruthotaChaletsAdmin/node_modules/.data-uri-to-buffer-QPHgwJgG',
470 silly reify   '/Users/thilinaweerasinghe/YELM Technologies/OruthotaChaletsAdmin/node_modules/date-fns': '/Users/thilinaweerasinghe/YELM Technologies/OruthotaChaletsAdmin/node_modules/.date-fns-23yESdcu',
470 silly reify   '/Users/thilinaweerasinghe/YELM Technologies/OruthotaChaletsAdmin/node_modules/debug': '/Users/thilinaweerasinghe/YELM Technologies/OruthotaChaletsAdmin/node_modules/.debug-jjm9kq20',
470 silly reify   '/Users/thilinaweerasinghe/YELM Technologies/OruthotaChaletsAdmin/node_modules/decimal.js-light': '/Users/thilinaweerasinghe/YELM Technologies/OruthotaChaletsAdmin/node_modules/.decimal.js-light-DEiuaWBv',
470 silly reify   '/Users/thilinaweerasinghe/YELM Technologies/OruthotaChaletsAdmin/node_modules/define-data-property': '/Users/thilinaweerasinghe/YELM Technologies/OruthotaChaletsAdmin/node_modules/.define-data-property-vM8uIDFF',
470 silly reify   '/Users/thilinaweerasinghe/YELM Technologies/OruthotaChaletsAdmin/node_modules/delayed-stream': '/Users/thilinaweerasinghe/YELM Technologies/OruthotaChaletsAdmin/node_modules/.delayed-stream-EtWs2h9L',
470 silly reify   '/Users/thilinaweerasinghe/YELM Technologies/OruthotaChaletsAdmin/node_modules/depd': '/Users/thilinaweerasinghe/YELM Technologies/OruthotaChaletsAdmin/node_modules/.depd-4xWrgGIl',
470 silly reify   '/Users/thilinaweerasinghe/YELM Technologies/OruthotaChaletsAdmin/node_modules/destroy': '/Users/thilinaweerasinghe/YELM Technologies/OruthotaChaletsAdmin/node_modules/.destroy-zPXHroyx',
470 silly reify   '/Users/thilinaweerasinghe/YELM Technologies/OruthotaChaletsAdmin/node_modules/detect-node-es': '/Users/thilinaweerasinghe/YELM Technologies/OruthotaChaletsAdmin/node_modules/.detect-node-es-t5hvl0w3',
470 silly reify   '/Users/thilinaweerasinghe/YELM Technologies/OruthotaChaletsAdmin/node_modules/didyoumean': '/Users/thilinaweerasinghe/YELM Technologies/OruthotaChaletsAdmin/node_modules/.didyoumean-UfR7YuqH',
470 silly reify   '/Users/thilinaweerasinghe/YELM Technologies/OruthotaChaletsAdmin/node_modules/dlv': '/Users/thilinaweerasinghe/YELM Technologies/OruthotaChaletsAdmin/node_modules/.dlv-khMSV14a',
470 silly reify   '/Users/thilinaweerasinghe/YELM Technologies/OruthotaChaletsAdmin/node_modules/dom-helpers': '/Users/thilinaweerasinghe/YELM Technologies/OruthotaChaletsAdmin/node_modules/.dom-helpers-JtBrmQSn',
470 silly reify   '/Users/thilinaweerasinghe/YELM Technologies/OruthotaChaletsAdmin/node_modules/dot-prop': '/Users/thilinaweerasinghe/YELM Technologies/OruthotaChaletsAdmin/node_modules/.dot-prop-bsKa6gpW',
470 silly reify   '/Users/thilinaweerasinghe/YELM Technologies/OruthotaChaletsAdmin/node_modules/dotprompt': '/Users/thilinaweerasinghe/YELM Technologies/OruthotaChaletsAdmin/node_modules/.dotprompt-Hpkb0jx2',
470 silly reify   '/Users/thilinaweerasinghe/YELM Technologies/OruthotaChaletsAdmin/node_modules/dunder-proto': '/Users/thilinaweerasinghe/YELM Technologies/OruthotaChaletsAdmin/node_modules/.dunder-proto-0J49p0bK',
470 silly reify   '/Users/thilinaweerasinghe/YELM Technologies/OruthotaChaletsAdmin/node_modules/duplexify': '/Users/thilinaweerasinghe/YELM Technologies/OruthotaChaletsAdmin/node_modules/.duplexify-5oLTh8Fb',
470 silly reify   '/Users/thilinaweerasinghe/YELM Technologies/OruthotaChaletsAdmin/node_modules/eastasianwidth': '/Users/thilinaweerasinghe/YELM Technologies/OruthotaChaletsAdmin/node_modules/.eastasianwidth-bHCHLc6d',
470 silly reify   '/Users/thilinaweerasinghe/YELM Technologies/OruthotaChaletsAdmin/node_modules/ecdsa-sig-formatter': '/Users/thilinaweerasinghe/YELM Technologies/OruthotaChaletsAdmin/node_modules/.ecdsa-sig-formatter-bOGTvZIw',
470 silly reify   '/Users/thilinaweerasinghe/YELM Technologies/OruthotaChaletsAdmin/node_modules/ee-first': '/Users/thilinaweerasinghe/YELM Technologies/OruthotaChaletsAdmin/node_modules/.ee-first-EJKYGufh',
470 silly reify   '/Users/thilinaweerasinghe/YELM Technologies/OruthotaChaletsAdmin/node_modules/embla-carousel': '/Users/thilinaweerasinghe/YELM Technologies/OruthotaChaletsAdmin/node_modules/.embla-carousel-M9RC09yc',
470 silly reify   '/Users/thilinaweerasinghe/YELM Technologies/OruthotaChaletsAdmin/node_modules/embla-carousel-react': '/Users/thilinaweerasinghe/YELM Technologies/OruthotaChaletsAdmin/node_modules/.embla-carousel-react-LkZNj0R6',
470 silly reify   '/Users/thilinaweerasinghe/YELM Technologies/OruthotaChaletsAdmin/node_modules/embla-carousel-reactive-utils': '/Users/thilinaweerasinghe/YELM Technologies/OruthotaChaletsAdmin/node_modules/.embla-carousel-reactive-utils-6Od131FN',
470 silly reify   '/Users/thilinaweerasinghe/YELM Technologies/OruthotaChaletsAdmin/node_modules/enabled': '/Users/thilinaweerasinghe/YELM Technologies/OruthotaChaletsAdmin/node_modules/.enabled-vMFqjD6t',
470 silly reify   '/Users/thilinaweerasinghe/YELM Technologies/OruthotaChaletsAdmin/node_modules/encodeurl': '/Users/thilinaweerasinghe/YELM Technologies/OruthotaChaletsAdmin/node_modules/.encodeurl-FQywh23k',
470 silly reify   '/Users/thilinaweerasinghe/YELM Technologies/OruthotaChaletsAdmin/node_modules/es-define-property': '/Users/thilinaweerasinghe/YELM Technologies/OruthotaChaletsAdmin/node_modules/.es-define-property-n0wBJstD',
470 silly reify   '/Users/thilinaweerasinghe/YELM Technologies/OruthotaChaletsAdmin/node_modules/es-errors': '/Users/thilinaweerasinghe/YELM Technologies/OruthotaChaletsAdmin/node_modules/.es-errors-itvthKr5',
470 silly reify   '/Users/thilinaweerasinghe/YELM Technologies/OruthotaChaletsAdmin/node_modules/es-set-tostringtag': '/Users/thilinaweerasinghe/YELM Technologies/OruthotaChaletsAdmin/node_modules/.es-set-tostringtag-rTWBVXcp',
470 silly reify   '/Users/thilinaweerasinghe/YELM Technologies/OruthotaChaletsAdmin/node_modules/esbuild': '/Users/thilinaweerasinghe/YELM Technologies/OruthotaChaletsAdmin/node_modules/.esbuild-XOxoeNRX',
470 silly reify   '/Users/thilinaweerasinghe/YELM Technologies/OruthotaChaletsAdmin/node_modules/escape-html': '/Users/thilinaweerasinghe/YELM Technologies/OruthotaChaletsAdmin/node_modules/.escape-html-5Rv4VQFT',
470 silly reify   '/Users/thilinaweerasinghe/YELM Technologies/OruthotaChaletsAdmin/node_modules/etag': '/Users/thilinaweerasinghe/YELM Technologies/OruthotaChaletsAdmin/node_modules/.etag-64QWSf6n',
470 silly reify   '/Users/thilinaweerasinghe/YELM Technologies/OruthotaChaletsAdmin/node_modules/event-target-shim': '/Users/thilinaweerasinghe/YELM Technologies/OruthotaChaletsAdmin/node_modules/.event-target-shim-VHk9c5xy',
470 silly reify   '/Users/thilinaweerasinghe/YELM Technologies/OruthotaChaletsAdmin/node_modules/eventemitter3': '/Users/thilinaweerasinghe/YELM Technologies/OruthotaChaletsAdmin/node_modules/.eventemitter3-LrvZj5hQ',
470 silly reify   '/Users/thilinaweerasinghe/YELM Technologies/OruthotaChaletsAdmin/node_modules/extend': '/Users/thilinaweerasinghe/YELM Technologies/OruthotaChaletsAdmin/node_modules/.extend-1eUpO5Ex',
470 silly reify   '/Users/thilinaweerasinghe/YELM Technologies/OruthotaChaletsAdmin/node_modules/extract-zip': '/Users/thilinaweerasinghe/YELM Technologies/OruthotaChaletsAdmin/node_modules/.extract-zip-CN0Jtd0v',
470 silly reify   '/Users/thilinaweerasinghe/YELM Technologies/OruthotaChaletsAdmin/node_modules/fast-glob': '/Users/thilinaweerasinghe/YELM Technologies/OruthotaChaletsAdmin/node_modules/.fast-glob-4J7WOzef',
470 silly reify   '/Users/thilinaweerasinghe/YELM Technologies/OruthotaChaletsAdmin/node_modules/fast-xml-parser': '/Users/thilinaweerasinghe/YELM Technologies/OruthotaChaletsAdmin/node_modules/.fast-xml-parser-sTBawVel',
470 silly reify   '/Users/thilinaweerasinghe/YELM Technologies/OruthotaChaletsAdmin/node_modules/faye-websocket': '/Users/thilinaweerasinghe/YELM Technologies/OruthotaChaletsAdmin/node_modules/.faye-websocket-F240g98R',
470 silly reify   '/Users/thilinaweerasinghe/YELM Technologies/OruthotaChaletsAdmin/node_modules/fecha': '/Users/thilinaweerasinghe/YELM Technologies/OruthotaChaletsAdmin/node_modules/.fecha-BETfVhWf',
470 silly reify   '/Users/thilinaweerasinghe/YELM Technologies/OruthotaChaletsAdmin/node_modules/fetch-blob': '/Users/thilinaweerasinghe/YELM Technologies/OruthotaChaletsAdmin/node_modules/.fetch-blob-jkRGk7Hb',
470 silly reify   '/Users/thilinaweerasinghe/YELM Technologies/OruthotaChaletsAdmin/node_modules/fill-range': '/Users/thilinaweerasinghe/YELM Technologies/OruthotaChaletsAdmin/node_modules/.fill-range-KebXcJwB',
470 silly reify   '/Users/thilinaweerasinghe/YELM Technologies/OruthotaChaletsAdmin/node_modules/find-yarn-workspace-root': '/Users/thilinaweerasinghe/YELM Technologies/OruthotaChaletsAdmin/node_modules/.find-yarn-workspace-root-95Ln69YO',
470 silly reify   '/Users/thilinaweerasinghe/YELM Technologies/OruthotaChaletsAdmin/node_modules/fn.name': '/Users/thilinaweerasinghe/YELM Technologies/OruthotaChaletsAdmin/node_modules/.fn.name-bK995bhz',
470 silly reify   '/Users/thilinaweerasinghe/YELM Technologies/OruthotaChaletsAdmin/node_modules/formdata-polyfill': '/Users/thilinaweerasinghe/YELM Technologies/OruthotaChaletsAdmin/node_modules/.formdata-polyfill-Q7bMpsAp',
470 silly reify   '/Users/thilinaweerasinghe/YELM Technologies/OruthotaChaletsAdmin/node_modules/forwarded': '/Users/thilinaweerasinghe/YELM Technologies/OruthotaChaletsAdmin/node_modules/.forwarded-xGy61EBm',
470 silly reify   '/Users/thilinaweerasinghe/YELM Technologies/OruthotaChaletsAdmin/node_modules/frac': '/Users/thilinaweerasinghe/YELM Technologies/OruthotaChaletsAdmin/node_modules/.frac-rEDma1YQ',
470 silly reify   '/Users/thilinaweerasinghe/YELM Technologies/OruthotaChaletsAdmin/node_modules/fresh': '/Users/thilinaweerasinghe/YELM Technologies/OruthotaChaletsAdmin/node_modules/.fresh-kunSd33A',
470 silly reify   '/Users/thilinaweerasinghe/YELM Technologies/OruthotaChaletsAdmin/node_modules/fs.realpath': '/Users/thilinaweerasinghe/YELM Technologies/OruthotaChaletsAdmin/node_modules/.fs.realpath-jTyneJ2S',
470 silly reify   '/Users/thilinaweerasinghe/YELM Technologies/OruthotaChaletsAdmin/node_modules/fsevents': '/Users/thilinaweerasinghe/YELM Technologies/OruthotaChaletsAdmin/node_modules/.fsevents-x9pSKbAc',
470 silly reify   '/Users/thilinaweerasinghe/YELM Technologies/OruthotaChaletsAdmin/node_modules/function-bind': '/Users/thilinaweerasinghe/YELM Technologies/OruthotaChaletsAdmin/node_modules/.function-bind-6ARLXb81',
470 silly reify   '/Users/thilinaweerasinghe/YELM Technologies/OruthotaChaletsAdmin/node_modules/functional-red-black-tree': '/Users/thilinaweerasinghe/YELM Technologies/OruthotaChaletsAdmin/node_modules/.functional-red-black-tree-hI5GOxrm',
470 silly reify   '/Users/thilinaweerasinghe/YELM Technologies/OruthotaChaletsAdmin/node_modules/gaxios': '/Users/thilinaweerasinghe/YELM Technologies/OruthotaChaletsAdmin/node_modules/.gaxios-uXqEpVLy',
470 silly reify   '/Users/thilinaweerasinghe/YELM Technologies/OruthotaChaletsAdmin/node_modules/gcp-metadata': '/Users/thilinaweerasinghe/YELM Technologies/OruthotaChaletsAdmin/node_modules/.gcp-metadata-JU7DKOga',
470 silly reify   '/Users/thilinaweerasinghe/YELM Technologies/OruthotaChaletsAdmin/node_modules/genkit-cli': '/Users/thilinaweerasinghe/YELM Technologies/OruthotaChaletsAdmin/node_modules/.genkit-cli-FZTLDp5K',
470 silly reify   '/Users/thilinaweerasinghe/YELM Technologies/OruthotaChaletsAdmin/node_modules/get-caller-file': '/Users/thilinaweerasinghe/YELM Technologies/OruthotaChaletsAdmin/node_modules/.get-caller-file-0IIJSyEi',
470 silly reify   '/Users/thilinaweerasinghe/YELM Technologies/OruthotaChaletsAdmin/node_modules/get-nonce': '/Users/thilinaweerasinghe/YELM Technologies/OruthotaChaletsAdmin/node_modules/.get-nonce-Vy9G6HzX',
470 silly reify   '/Users/thilinaweerasinghe/YELM Technologies/OruthotaChaletsAdmin/node_modules/get-port': '/Users/thilinaweerasinghe/YELM Technologies/OruthotaChaletsAdmin/node_modules/.get-port-7e4Emg2z',
470 silly reify   '/Users/thilinaweerasinghe/YELM Technologies/OruthotaChaletsAdmin/node_modules/get-proto': '/Users/thilinaweerasinghe/YELM Technologies/OruthotaChaletsAdmin/node_modules/.get-proto-8UgmfgtA',
470 silly reify   '/Users/thilinaweerasinghe/YELM Technologies/OruthotaChaletsAdmin/node_modules/glob': '/Users/thilinaweerasinghe/YELM Technologies/OruthotaChaletsAdmin/node_modules/.glob-OkfOXf7S',
470 silly reify   '/Users/thilinaweerasinghe/YELM Technologies/OruthotaChaletsAdmin/node_modules/google-auth-library': '/Users/thilinaweerasinghe/YELM Technologies/OruthotaChaletsAdmin/node_modules/.google-auth-library-eDC64QKq',
470 silly reify   '/Users/thilinaweerasinghe/YELM Technologies/OruthotaChaletsAdmin/node_modules/google-gax': '/Users/thilinaweerasinghe/YELM Technologies/OruthotaChaletsAdmin/node_modules/.google-gax-nrGWP9UQ',
470 silly reify   '/Users/thilinaweerasinghe/YELM Technologies/OruthotaChaletsAdmin/node_modules/google-logging-utils': '/Users/thilinaweerasinghe/YELM Technologies/OruthotaChaletsAdmin/node_modules/.google-logging-utils-spubrXWO',
470 silly reify   '/Users/thilinaweerasinghe/YELM Technologies/OruthotaChaletsAdmin/node_modules/googleapis': '/Users/thilinaweerasinghe/YELM Technologies/OruthotaChaletsAdmin/node_modules/.googleapis-fN47yshd',
470 silly reify   '/Users/thilinaweerasinghe/YELM Technologies/OruthotaChaletsAdmin/node_modules/googleapis-common': '/Users/thilinaweerasinghe/YELM Technologies/OruthotaChaletsAdmin/node_modules/.googleapis-common-WUgZwxPB',
470 silly reify   '/Users/thilinaweerasinghe/YELM Technologies/OruthotaChaletsAdmin/node_modules/gopd': '/Users/thilinaweerasinghe/YELM Technologies/OruthotaChaletsAdmin/node_modules/.gopd-0hhtJ6Xf',
470 silly reify   '/Users/thilinaweerasinghe/YELM Technologies/OruthotaChaletsAdmin/node_modules/graceful-fs': '/Users/thilinaweerasinghe/YELM Technologies/OruthotaChaletsAdmin/node_modules/.graceful-fs-gQXwEk26',
470 silly reify   '/Users/thilinaweerasinghe/YELM Technologies/OruthotaChaletsAdmin/node_modules/gtoken': '/Users/thilinaweerasinghe/YELM Technologies/OruthotaChaletsAdmin/node_modules/.gtoken-EpiRctsy',
470 silly reify   '/Users/thilinaweerasinghe/YELM Technologies/OruthotaChaletsAdmin/node_modules/handlebars': '/Users/thilinaweerasinghe/YELM Technologies/OruthotaChaletsAdmin/node_modules/.handlebars-v6MXc6aR',
470 silly reify   '/Users/thilinaweerasinghe/YELM Technologies/OruthotaChaletsAdmin/node_modules/has-flag': '/Users/thilinaweerasinghe/YELM Technologies/OruthotaChaletsAdmin/node_modules/.has-flag-zKXE0cxZ',
470 silly reify   '/Users/thilinaweerasinghe/YELM Technologies/OruthotaChaletsAdmin/node_modules/has-property-descriptors': '/Users/thilinaweerasinghe/YELM Technologies/OruthotaChaletsAdmin/node_modules/.has-property-descriptors-PmZifA7y',
470 silly reify   '/Users/thilinaweerasinghe/YELM Technologies/OruthotaChaletsAdmin/node_modules/has-symbols': '/Users/thilinaweerasinghe/YELM Technologies/OruthotaChaletsAdmin/node_modules/.has-symbols-sCx1gSYl',
470 silly reify   '/Users/thilinaweerasinghe/YELM Technologies/OruthotaChaletsAdmin/node_modules/has-tostringtag': '/Users/thilinaweerasinghe/YELM Technologies/OruthotaChaletsAdmin/node_modules/.has-tostringtag-WU6laMSA',
470 silly reify   '/Users/thilinaweerasinghe/YELM Technologies/OruthotaChaletsAdmin/node_modules/hexer': '/Users/thilinaweerasinghe/YELM Technologies/OruthotaChaletsAdmin/node_modules/.hexer-VlWpwf3z',
470 silly reify   '/Users/thilinaweerasinghe/YELM Technologies/OruthotaChaletsAdmin/node_modules/html-entities': '/Users/thilinaweerasinghe/YELM Technologies/OruthotaChaletsAdmin/node_modules/.html-entities-20036Lfc',
470 silly reify   '/Users/thilinaweerasinghe/YELM Technologies/OruthotaChaletsAdmin/node_modules/html5-qrcode': '/Users/thilinaweerasinghe/YELM Technologies/OruthotaChaletsAdmin/node_modules/.html5-qrcode-6pCSD4Vx',
470 silly reify   '/Users/thilinaweerasinghe/YELM Technologies/OruthotaChaletsAdmin/node_modules/http-parser-js': '/Users/thilinaweerasinghe/YELM Technologies/OruthotaChaletsAdmin/node_modules/.http-parser-js-ppUsh5yP',
470 silly reify   '/Users/thilinaweerasinghe/YELM Technologies/OruthotaChaletsAdmin/node_modules/https-proxy-agent': '/Users/thilinaweerasinghe/YELM Technologies/OruthotaChaletsAdmin/node_modules/.https-proxy-agent-gKnD0N64',
470 silly reify   '/Users/thilinaweerasinghe/YELM Technologies/OruthotaChaletsAdmin/node_modules/iceberg-js': '/Users/thilinaweerasinghe/YELM Technologies/OruthotaChaletsAdmin/node_modules/.iceberg-js-tO9stgwb',
470 silly reify   '/Users/thilinaweerasinghe/YELM Technologies/OruthotaChaletsAdmin/node_modules/iconv-lite': '/Users/thilinaweerasinghe/YELM Technologies/OruthotaChaletsAdmin/node_modules/.iconv-lite-UE1Hp7Lg',
470 silly reify   '/Users/thilinaweerasinghe/YELM Technologies/OruthotaChaletsAdmin/node_modules/inflight': '/Users/thilinaweerasinghe/YELM Technologies/OruthotaChaletsAdmin/node_modules/.inflight-2h0fVjYR',
470 silly reify   '/Users/thilinaweerasinghe/YELM Technologies/OruthotaChaletsAdmin/node_modules/internmap': '/Users/thilinaweerasinghe/YELM Technologies/OruthotaChaletsAdmin/node_modules/.internmap-SIS0TAn9',
470 silly reify   '/Users/thilinaweerasinghe/YELM Technologies/OruthotaChaletsAdmin/node_modules/ipaddr.js': '/Users/thilinaweerasinghe/YELM Technologies/OruthotaChaletsAdmin/node_modules/.ipaddr.js-zDC5hjza',
470 silly reify   '/Users/thilinaweerasinghe/YELM Technologies/OruthotaChaletsAdmin/node_modules/is-binary-path': '/Users/thilinaweerasinghe/YELM Technologies/OruthotaChaletsAdmin/node_modules/.is-binary-path-DNRF60DZ',
470 silly reify   '/Users/thilinaweerasinghe/YELM Technologies/OruthotaChaletsAdmin/node_modules/is-docker': '/Users/thilinaweerasinghe/YELM Technologies/OruthotaChaletsAdmin/node_modules/.is-docker-hBIqnoeP',
470 silly reify   '/Users/thilinaweerasinghe/YELM Technologies/OruthotaChaletsAdmin/node_modules/is-fullwidth-code-point': '/Users/thilinaweerasinghe/YELM Technologies/OruthotaChaletsAdmin/node_modules/.is-fullwidth-code-point-c0dyFsfj',
470 silly reify   '/Users/thilinaweerasinghe/YELM Technologies/OruthotaChaletsAdmin/node_modules/inherits': '/Users/thilinaweerasinghe/YELM Technologies/OruthotaChaletsAdmin/node_modules/.inherits-MZqzYrX4',
470 silly reify   '/Users/thilinaweerasinghe/YELM Technologies/OruthotaChaletsAdmin/node_modules/is-number': '/Users/thilinaweerasinghe/YELM Technologies/OruthotaChaletsAdmin/node_modules/.is-number-eHvrtBCV',
470 silly reify   '/Users/thilinaweerasinghe/YELM Technologies/OruthotaChaletsAdmin/node_modules/is-obj': '/Users/thilinaweerasinghe/YELM Technologies/OruthotaChaletsAdmin/node_modules/.is-obj-mv3MzNVL',
470 silly reify   '/Users/thilinaweerasinghe/YELM Technologies/OruthotaChaletsAdmin/node_modules/is-stream': '/Users/thilinaweerasinghe/YELM Technologies/OruthotaChaletsAdmin/node_modules/.is-stream-wKLTk3XG',
470 silly reify   '/Users/thilinaweerasinghe/YELM Technologies/OruthotaChaletsAdmin/node_modules/isarray': '/Users/thilinaweerasinghe/YELM Technologies/OruthotaChaletsAdmin/node_modules/.isarray-qnzCMSvs',
470 silly reify   '/Users/thilinaweerasinghe/YELM Technologies/OruthotaChaletsAdmin/node_modules/jackspeak': '/Users/thilinaweerasinghe/YELM Technologies/OruthotaChaletsAdmin/node_modules/.jackspeak-kZzzNxwM',
470 silly reify   '/Users/thilinaweerasinghe/YELM Technologies/OruthotaChaletsAdmin/node_modules/jiti': '/Users/thilinaweerasinghe/YELM Technologies/OruthotaChaletsAdmin/node_modules/.jiti-acUXnpr6',
470 silly reify   '/Users/thilinaweerasinghe/YELM Technologies/OruthotaChaletsAdmin/node_modules/jodit-react': '/Users/thilinaweerasinghe/YELM Technologies/OruthotaChaletsAdmin/node_modules/.jodit-react-5wjcBNTu',
470 silly reify   '/Users/thilinaweerasinghe/YELM Technologies/OruthotaChaletsAdmin/node_modules/js-tokens': '/Users/thilinaweerasinghe/YELM Technologies/OruthotaChaletsAdmin/node_modules/.js-tokens-eESa6df6',
470 silly reify   '/Users/thilinaweerasinghe/YELM Technologies/OruthotaChaletsAdmin/node_modules/js-yaml': '/Users/thilinaweerasinghe/YELM Technologies/OruthotaChaletsAdmin/node_modules/.js-yaml-BRgJE9nL',
470 silly reify   '/Users/thilinaweerasinghe/YELM Technologies/OruthotaChaletsAdmin/node_modules/json-bigint': '/Users/thilinaweerasinghe/YELM Technologies/OruthotaChaletsAdmin/node_modules/.json-bigint-aHFaCEjF',
470 silly reify   '/Users/thilinaweerasinghe/YELM Technologies/OruthotaChaletsAdmin/node_modules/json-schema': '/Users/thilinaweerasinghe/YELM Technologies/OruthotaChaletsAdmin/node_modules/.json-schema-nDvNRAMp',
470 silly reify   '/Users/thilinaweerasinghe/YELM Technologies/OruthotaChaletsAdmin/node_modules/json5': '/Users/thilinaweerasinghe/YELM Technologies/OruthotaChaletsAdmin/node_modules/.json5-3DOrN2J6',
470 silly reify   '/Users/thilinaweerasinghe/YELM Technologies/OruthotaChaletsAdmin/node_modules/jsonify': '/Users/thilinaweerasinghe/YELM Technologies/OruthotaChaletsAdmin/node_modules/.jsonify-PYJ6T6ug',
470 silly reify   '/Users/thilinaweerasinghe/YELM Technologies/OruthotaChaletsAdmin/node_modules/klaw-sync': '/Users/thilinaweerasinghe/YELM Technologies/OruthotaChaletsAdmin/node_modules/.klaw-sync-pq1triBF',
470 silly reify   '/Users/thilinaweerasinghe/YELM Technologies/OruthotaChaletsAdmin/node_modules/kuler': '/Users/thilinaweerasinghe/YELM Technologies/OruthotaChaletsAdmin/node_modules/.kuler-j3GEnMfm',
470 silly reify   '/Users/thilinaweerasinghe/YELM Technologies/OruthotaChaletsAdmin/node_modules/lilconfig': '/Users/thilinaweerasinghe/YELM Technologies/OruthotaChaletsAdmin/node_modules/.lilconfig-McQxJTqZ',
470 silly reify   '/Users/thilinaweerasinghe/YELM Technologies/OruthotaChaletsAdmin/node_modules/limiter': '/Users/thilinaweerasinghe/YELM Technologies/OruthotaChaletsAdmin/node_modules/.limiter-U2BrTrlI',
470 silly reify   '/Users/thilinaweerasinghe/YELM Technologies/OruthotaChaletsAdmin/node_modules/lines-and-columns': '/Users/thilinaweerasinghe/YELM Technologies/OruthotaChaletsAdmin/node_modules/.lines-and-columns-lv4rghAX',
470 silly reify   '/Users/thilinaweerasinghe/YELM Technologies/OruthotaChaletsAdmin/node_modules/lodash.camelcase': '/Users/thilinaweerasinghe/YELM Technologies/OruthotaChaletsAdmin/node_modules/.lodash.camelcase-iTGRwOIE',
470 silly reify   '/Users/thilinaweerasinghe/YELM Technologies/OruthotaChaletsAdmin/node_modules/lodash.clonedeep': '/Users/thilinaweerasinghe/YELM Technologies/OruthotaChaletsAdmin/node_modules/.lodash.clonedeep-n8OXtsrG',
470 silly reify   '/Users/thilinaweerasinghe/YELM Technologies/OruthotaChaletsAdmin/node_modules/lodash.includes': '/Users/thilinaweerasinghe/YELM Technologies/OruthotaChaletsAdmin/node_modules/.lodash.includes-Fgu2yrcW',
470 silly reify   '/Users/thilinaweerasinghe/YELM Technologies/OruthotaChaletsAdmin/node_modules/lodash.isboolean': '/Users/thilinaweerasinghe/YELM Technologies/OruthotaChaletsAdmin/node_modules/.lodash.isboolean-OFjjZ4lv',
470 silly reify   '/Users/thilinaweerasinghe/YELM Technologies/OruthotaChaletsAdmin/node_modules/lodash.isinteger': '/Users/thilinaweerasinghe/YELM Technologies/OruthotaChaletsAdmin/node_modules/.lodash.isinteger-vg32yNrd',
470 silly reify   '/Users/thilinaweerasinghe/YELM Technologies/OruthotaChaletsAdmin/node_modules/lodash.isnumber': '/Users/thilinaweerasinghe/YELM Technologies/OruthotaChaletsAdmin/node_modules/.lodash.isnumber-T1VHkGMR',
470 silly reify   '/Users/thilinaweerasinghe/YELM Technologies/OruthotaChaletsAdmin/node_modules/lodash.isplainobject': '/Users/thilinaweerasinghe/YELM Technologies/OruthotaChaletsAdmin/node_modules/.lodash.isplainobject-8Isr3rnW',
470 silly reify   '/Users/thilinaweerasinghe/YELM Technologies/OruthotaChaletsAdmin/node_modules/lodash.isstring': '/Users/thilinaweerasinghe/YELM Technologies/OruthotaChaletsAdmin/node_modules/.lodash.isstring-4dFxiPWN',
470 silly reify   '/Users/thilinaweerasinghe/YELM Technologies/OruthotaChaletsAdmin/node_modules/lodash.mapvalues': '/Users/thilinaweerasinghe/YELM Technologies/OruthotaChaletsAdmin/node_modules/.lodash.mapvalues-3hmVCx9m',
470 silly reify   '/Users/thilinaweerasinghe/YELM Technologies/OruthotaChaletsAdmin/node_modules/lodash.merge': '/Users/thilinaweerasinghe/YELM Technologies/OruthotaChaletsAdmin/node_modules/.lodash.merge-fBm4Xe5c',
470 silly reify   '/Users/thilinaweerasinghe/YELM Technologies/OruthotaChaletsAdmin/node_modules/lodash.once': '/Users/thilinaweerasinghe/YELM Technologies/OruthotaChaletsAdmin/node_modules/.lodash.once-EbmFMhOp',
470 silly reify   '/Users/thilinaweerasinghe/YELM Technologies/OruthotaChaletsAdmin/node_modules/logform': '/Users/thilinaweerasinghe/YELM Technologies/OruthotaChaletsAdmin/node_modules/.logform-YQ2hRla0',
470 silly reify   '/Users/thilinaweerasinghe/YELM Technologies/OruthotaChaletsAdmin/node_modules/loose-envify': '/Users/thilinaweerasinghe/YELM Technologies/OruthotaChaletsAdmin/node_modules/.loose-envify-ztz7lnBe',
470 silly reify   '/Users/thilinaweerasinghe/YELM Technologies/OruthotaChaletsAdmin/node_modules/lucide-react': '/Users/thilinaweerasinghe/YELM Technologies/OruthotaChaletsAdmin/node_modules/.lucide-react-YF4BWHYq',
470 silly reify   '/Users/thilinaweerasinghe/YELM Technologies/OruthotaChaletsAdmin/node_modules/make-error': '/Users/thilinaweerasinghe/YELM Technologies/OruthotaChaletsAdmin/node_modules/.make-error-Z9PnGQAS',
470 silly reify   '/Users/thilinaweerasinghe/YELM Technologies/OruthotaChaletsAdmin/node_modules/math-intrinsics': '/Users/thilinaweerasinghe/YELM Technologies/OruthotaChaletsAdmin/node_modules/.math-intrinsics-vWfScaEr',
470 silly reify   '/Users/thilinaweerasinghe/YELM Technologies/OruthotaChaletsAdmin/node_modules/media-typer': '/Users/thilinaweerasinghe/YELM Technologies/OruthotaChaletsAdmin/node_modules/.media-typer-jLJG6XFj',
470 silly reify   '/Users/thilinaweerasinghe/YELM Technologies/OruthotaChaletsAdmin/node_modules/merge-descriptors': '/Users/thilinaweerasinghe/YELM Technologies/OruthotaChaletsAdmin/node_modules/.merge-descriptors-MGpUIoqx',
470 silly reify   '/Users/thilinaweerasinghe/YELM Technologies/OruthotaChaletsAdmin/node_modules/merge2': '/Users/thilinaweerasinghe/YELM Technologies/OruthotaChaletsAdmin/node_modules/.merge2-vprEpvaO',
470 silly reify   '/Users/thilinaweerasinghe/YELM Technologies/OruthotaChaletsAdmin/node_modules/methods': '/Users/thilinaweerasinghe/YELM Technologies/OruthotaChaletsAdmin/node_modules/.methods-4uyeJVXG',
470 silly reify   '/Users/thilinaweerasinghe/YELM Technologies/OruthotaChaletsAdmin/node_modules/micromatch': '/Users/thilinaweerasinghe/YELM Technologies/OruthotaChaletsAdmin/node_modules/.micromatch-30NpCQPM',
470 silly reify   '/Users/thilinaweerasinghe/YELM Technologies/OruthotaChaletsAdmin/node_modules/mime-db': '/Users/thilinaweerasinghe/YELM Technologies/OruthotaChaletsAdmin/node_modules/.mime-db-lOfYAKte',
470 silly reify   '/Users/thilinaweerasinghe/YELM Technologies/OruthotaChaletsAdmin/node_modules/mime-types': '/Users/thilinaweerasinghe/YELM Technologies/OruthotaChaletsAdmin/node_modules/.mime-types-ivLjI0ee',
470 silly reify   '/Users/thilinaweerasinghe/YELM Technologies/OruthotaChaletsAdmin/node_modules/mime': '/Users/thilinaweerasinghe/YELM Technologies/OruthotaChaletsAdmin/node_modules/.mime-A8Jq5WUB',
470 silly reify   '/Users/thilinaweerasinghe/YELM Technologies/OruthotaChaletsAdmin/node_modules/minimist': '/Users/thilinaweerasinghe/YELM Technologies/OruthotaChaletsAdmin/node_modules/.minimist-s7lfYZT7',
470 silly reify   '/Users/thilinaweerasinghe/YELM Technologies/OruthotaChaletsAdmin/node_modules/mkdirp': '/Users/thilinaweerasinghe/YELM Technologies/OruthotaChaletsAdmin/node_modules/.mkdirp-w0iz7Or5',
470 silly reify   '/Users/thilinaweerasinghe/YELM Technologies/OruthotaChaletsAdmin/node_modules/module-details-from-path': '/Users/thilinaweerasinghe/YELM Technologies/OruthotaChaletsAdmin/node_modules/.module-details-from-path-YxOqSlu1',
470 silly reify   '/Users/thilinaweerasinghe/YELM Technologies/OruthotaChaletsAdmin/node_modules/ms': '/Users/thilinaweerasinghe/YELM Technologies/OruthotaChaletsAdmin/node_modules/.ms-GomF9gos',
470 silly reify   '/Users/thilinaweerasinghe/YELM Technologies/OruthotaChaletsAdmin/node_modules/mz': '/Users/thilinaweerasinghe/YELM Technologies/OruthotaChaletsAdmin/node_modules/.mz-mcXbtvqD',
470 silly reify   '/Users/thilinaweerasinghe/YELM Technologies/OruthotaChaletsAdmin/node_modules/nanoid': '/Users/thilinaweerasinghe/YELM Technologies/OruthotaChaletsAdmin/node_modules/.nanoid-rN46eJzB',
470 silly reify   '/Users/thilinaweerasinghe/YELM Technologies/OruthotaChaletsAdmin/node_modules/negotiator': '/Users/thilinaweerasinghe/YELM Technologies/OruthotaChaletsAdmin/node_modules/.negotiator-RVOCI3gR',
470 silly reify   '/Users/thilinaweerasinghe/YELM Technologies/OruthotaChaletsAdmin/node_modules/neo-async': '/Users/thilinaweerasinghe/YELM Technologies/OruthotaChaletsAdmin/node_modules/.neo-async-H4lTnqZ2',
470 silly reify   '/Users/thilinaweerasinghe/YELM Technologies/OruthotaChaletsAdmin/node_modules/next': '/Users/thilinaweerasinghe/YELM Technologies/OruthotaChaletsAdmin/node_modules/.next-zcKOOmbo',
470 silly reify   '/Users/thilinaweerasinghe/YELM Technologies/OruthotaChaletsAdmin/node_modules/node-domexception': '/Users/thilinaweerasinghe/YELM Technologies/OruthotaChaletsAdmin/node_modules/.node-domexception-SQvc2Jvf',
470 silly reify   '/Users/thilinaweerasinghe/YELM Technologies/OruthotaChaletsAdmin/node_modules/node-fetch': '/Users/thilinaweerasinghe/YELM Technologies/OruthotaChaletsAdmin/node_modules/.node-fetch-0SgaizX6',
470 silly reify   '/Users/thilinaweerasinghe/YELM Technologies/OruthotaChaletsAdmin/node_modules/normalize-path': '/Users/thilinaweerasinghe/YELM Technologies/OruthotaChaletsAdmin/node_modules/.normalize-path-MDHTDLdw',
470 silly reify   '/Users/thilinaweerasinghe/YELM Technologies/OruthotaChaletsAdmin/node_modules/object-assign': '/Users/thilinaweerasinghe/YELM Technologies/OruthotaChaletsAdmin/node_modules/.object-assign-55S1KisL',
470 silly reify   '/Users/thilinaweerasinghe/YELM Technologies/OruthotaChaletsAdmin/node_modules/object-hash': '/Users/thilinaweerasinghe/YELM Technologies/OruthotaChaletsAdmin/node_modules/.object-hash-N5KeeLS8',
470 silly reify   '/Users/thilinaweerasinghe/YELM Technologies/OruthotaChaletsAdmin/node_modules/object-inspect': '/Users/thilinaweerasinghe/YELM Technologies/OruthotaChaletsAdmin/node_modules/.object-inspect-h2HKqHRT',
470 silly reify   '/Users/thilinaweerasinghe/YELM Technologies/OruthotaChaletsAdmin/node_modules/object-keys': '/Users/thilinaweerasinghe/YELM Technologies/OruthotaChaletsAdmin/node_modules/.object-keys-XMp1mcOF',
470 silly reify   '/Users/thilinaweerasinghe/YELM Technologies/OruthotaChaletsAdmin/node_modules/on-finished': '/Users/thilinaweerasinghe/YELM Technologies/OruthotaChaletsAdmin/node_modules/.on-finished-CYUolQGM',
470 silly reify   '/Users/thilinaweerasinghe/YELM Technologies/OruthotaChaletsAdmin/node_modules/once': '/Users/thilinaweerasinghe/YELM Technologies/OruthotaChaletsAdmin/node_modules/.once-ZO4kHf3Z',
470 silly reify   '/Users/thilinaweerasinghe/YELM Technologies/OruthotaChaletsAdmin/node_modules/one-time': '/Users/thilinaweerasinghe/YELM Technologies/OruthotaChaletsAdmin/node_modules/.one-time-VlGUWUOr',
470 silly reify   '/Users/thilinaweerasinghe/YELM Technologies/OruthotaChaletsAdmin/node_modules/package-json-from-dist': '/Users/thilinaweerasinghe/YELM Technologies/OruthotaChaletsAdmin/node_modules/.package-json-from-dist-3jFrJlDH',
470 silly reify   '/Users/thilinaweerasinghe/YELM Technologies/OruthotaChaletsAdmin/node_modules/parseurl': '/Users/thilinaweerasinghe/YELM Technologies/OruthotaChaletsAdmin/node_modules/.parseurl-BUVj0Zyn',
470 silly reify   '/Users/thilinaweerasinghe/YELM Technologies/OruthotaChaletsAdmin/node_modules/partial-json': '/Users/thilinaweerasinghe/YELM Technologies/OruthotaChaletsAdmin/node_modules/.partial-json-qFzo87fP',
470 silly reify   '/Users/thilinaweerasinghe/YELM Technologies/OruthotaChaletsAdmin/node_modules/patch-package': '/Users/thilinaweerasinghe/YELM Technologies/OruthotaChaletsAdmin/node_modules/.patch-package-F0weBOyB',
470 silly reify   '/Users/thilinaweerasinghe/YELM Technologies/OruthotaChaletsAdmin/node_modules/path-is-absolute': '/Users/thilinaweerasinghe/YELM Technologies/OruthotaChaletsAdmin/node_modules/.path-is-absolute-ua6ao9ba',
470 silly reify   '/Users/thilinaweerasinghe/YELM Technologies/OruthotaChaletsAdmin/node_modules/path-parse': '/Users/thilinaweerasinghe/YELM Technologies/OruthotaChaletsAdmin/node_modules/.path-parse-evK5t8JJ',
470 silly reify   '/Users/thilinaweerasinghe/YELM Technologies/OruthotaChaletsAdmin/node_modules/path-scurry': '/Users/thilinaweerasinghe/YELM Technologies/OruthotaChaletsAdmin/node_modules/.path-scurry-c4CM7Q7K',
470 silly reify   '/Users/thilinaweerasinghe/YELM Technologies/OruthotaChaletsAdmin/node_modules/pg-int8': '/Users/thilinaweerasinghe/YELM Technologies/OruthotaChaletsAdmin/node_modules/.pg-int8-5yQARAvf',
470 silly reify   '/Users/thilinaweerasinghe/YELM Technologies/OruthotaChaletsAdmin/node_modules/pg-types': '/Users/thilinaweerasinghe/YELM Technologies/OruthotaChaletsAdmin/node_modules/.pg-types-WPhV0UWL',
470 silly reify   '/Users/thilinaweerasinghe/YELM Technologies/OruthotaChaletsAdmin/node_modules/picocolors': '/Users/thilinaweerasinghe/YELM Technologies/OruthotaChaletsAdmin/node_modules/.picocolors-eBc2sNRz',
470 silly reify   '/Users/thilinaweerasinghe/YELM Technologies/OruthotaChaletsAdmin/node_modules/postcss-import': '/Users/thilinaweerasinghe/YELM Technologies/OruthotaChaletsAdmin/node_modules/.postcss-import-uYkILR3b',
470 silly reify   '/Users/thilinaweerasinghe/YELM Technologies/OruthotaChaletsAdmin/node_modules/postcss-nested': '/Users/thilinaweerasinghe/YELM Technologies/OruthotaChaletsAdmin/node_modules/.postcss-nested-W5IhEnuf',
470 silly reify   '/Users/thilinaweerasinghe/YELM Technologies/OruthotaChaletsAdmin/node_modules/postcss-value-parser': '/Users/thilinaweerasinghe/YELM Technologies/OruthotaChaletsAdmin/node_modules/.postcss-value-parser-FesJbbwa',
470 silly reify   '/Users/thilinaweerasinghe/YELM Technologies/OruthotaChaletsAdmin/node_modules/postgres-array': '/Users/thilinaweerasinghe/YELM Technologies/OruthotaChaletsAdmin/node_modules/.postgres-array-ZHYNiRkL',
470 silly reify   '/Users/thilinaweerasinghe/YELM Technologies/OruthotaChaletsAdmin/node_modules/postgres-interval': '/Users/thilinaweerasinghe/YELM Technologies/OruthotaChaletsAdmin/node_modules/.postgres-interval-SsFit3nn',
470 silly reify   '/Users/thilinaweerasinghe/YELM Technologies/OruthotaChaletsAdmin/node_modules/postgres-date': '/Users/thilinaweerasinghe/YELM Technologies/OruthotaChaletsAdmin/node_modules/.postgres-date-ohHU38kE',
470 silly reify   '/Users/thilinaweerasinghe/YELM Technologies/OruthotaChaletsAdmin/node_modules/prop-types': '/Users/thilinaweerasinghe/YELM Technologies/OruthotaChaletsAdmin/node_modules/.prop-types-n192ujme',
470 silly reify   '/Users/thilinaweerasinghe/YELM Technologies/OruthotaChaletsAdmin/node_modules/proto3-json-serializer': '/Users/thilinaweerasinghe/YELM Technologies/OruthotaChaletsAdmin/node_modules/.proto3-json-serializer-m0kKB9N9',
470 silly reify   '/Users/thilinaweerasinghe/YELM Technologies/OruthotaChaletsAdmin/node_modules/proxy-addr': '/Users/thilinaweerasinghe/YELM Technologies/OruthotaChaletsAdmin/node_modules/.proxy-addr-iX7qEYK8',
470 silly reify   '/Users/thilinaweerasinghe/YELM Technologies/OruthotaChaletsAdmin/node_modules/ps-tree': '/Users/thilinaweerasinghe/YELM Technologies/OruthotaChaletsAdmin/node_modules/.ps-tree-1pAPX5fI',
470 silly reify   '/Users/thilinaweerasinghe/YELM Technologies/OruthotaChaletsAdmin/node_modules/pumpify': '/Users/thilinaweerasinghe/YELM Technologies/OruthotaChaletsAdmin/node_modules/.pumpify-IsLSjXfC',
470 silly reify   '/Users/thilinaweerasinghe/YELM Technologies/OruthotaChaletsAdmin/node_modules/qrcode': '/Users/thilinaweerasinghe/YELM Technologies/OruthotaChaletsAdmin/node_modules/.qrcode-zEa6ti1Z',
470 silly reify   '/Users/thilinaweerasinghe/YELM Technologies/OruthotaChaletsAdmin/node_modules/queue-microtask': '/Users/thilinaweerasinghe/YELM Technologies/OruthotaChaletsAdmin/node_modules/.queue-microtask-V9u4NCwm',
470 silly reify   '/Users/thilinaweerasinghe/YELM Technologies/OruthotaChaletsAdmin/node_modules/range-parser': '/Users/thilinaweerasinghe/YELM Technologies/OruthotaChaletsAdmin/node_modules/.range-parser-QHP1fcZJ',
470 silly reify   '/Users/thilinaweerasinghe/YELM Technologies/OruthotaChaletsAdmin/node_modules/react': '/Users/thilinaweerasinghe/YELM Technologies/OruthotaChaletsAdmin/node_modules/.react-uCRmNvRG',
470 silly reify   '/Users/thilinaweerasinghe/YELM Technologies/OruthotaChaletsAdmin/node_modules/react-dom': '/Users/thilinaweerasinghe/YELM Technologies/OruthotaChaletsAdmin/node_modules/.react-dom-5Wnj4cNp',
470 silly reify   '/Users/thilinaweerasinghe/YELM Technologies/OruthotaChaletsAdmin/node_modules/react-is': '/Users/thilinaweerasinghe/YELM Technologies/OruthotaChaletsAdmin/node_modules/.react-is-WIAxg037',
470 silly reify   '/Users/thilinaweerasinghe/YELM Technologies/OruthotaChaletsAdmin/node_modules/react-remove-scroll-bar': '/Users/thilinaweerasinghe/YELM Technologies/OruthotaChaletsAdmin/node_modules/.react-remove-scroll-bar-2QxZ2BnR',
470 silly reify   '/Users/thilinaweerasinghe/YELM Technologies/OruthotaChaletsAdmin/node_modules/react-smooth': '/Users/thilinaweerasinghe/YELM Technologies/OruthotaChaletsAdmin/node_modules/.react-smooth-McaympXI',
470 silly reify   '/Users/thilinaweerasinghe/YELM Technologies/OruthotaChaletsAdmin/node_modules/react-style-singleton': '/Users/thilinaweerasinghe/YELM Technologies/OruthotaChaletsAdmin/node_modules/.react-style-singleton-T4dVZWsz',
470 silly reify   '/Users/thilinaweerasinghe/YELM Technologies/OruthotaChaletsAdmin/node_modules/react-transition-group': '/Users/thilinaweerasinghe/YELM Technologies/OruthotaChaletsAdmin/node_modules/.react-transition-group-CPR1VhuK',
470 silly reify   '/Users/thilinaweerasinghe/YELM Technologies/OruthotaChaletsAdmin/node_modules/readable-stream': '/Users/thilinaweerasinghe/YELM Technologies/OruthotaChaletsAdmin/node_modules/.readable-stream-SXQPXNv0',
470 silly reify   '/Users/thilinaweerasinghe/YELM Technologies/OruthotaChaletsAdmin/node_modules/readdirp': '/Users/thilinaweerasinghe/YELM Technologies/OruthotaChaletsAdmin/node_modules/.readdirp-mZzMjMhl',
470 silly reify   '/Users/thilinaweerasinghe/YELM Technologies/OruthotaChaletsAdmin/node_modules/recharts-scale': '/Users/thilinaweerasinghe/YELM Technologies/OruthotaChaletsAdmin/node_modules/.recharts-scale-p7K45dqY',
470 silly reify   '/Users/thilinaweerasinghe/YELM Technologies/OruthotaChaletsAdmin/node_modules/require-directory': '/Users/thilinaweerasinghe/YELM Technologies/OruthotaChaletsAdmin/node_modules/.require-directory-RtJli6eJ',
470 silly reify   '/Users/thilinaweerasinghe/YELM Technologies/OruthotaChaletsAdmin/node_modules/require-from-string': '/Users/thilinaweerasinghe/YELM Technologies/OruthotaChaletsAdmin/node_modules/.require-from-string-aHXhd03q',
470 silly reify   '/Users/thilinaweerasinghe/YELM Technologies/OruthotaChaletsAdmin/node_modules/require-in-the-middle': '/Users/thilinaweerasinghe/YELM Technologies/OruthotaChaletsAdmin/node_modules/.require-in-the-middle-Ot3GB94o',
470 silly reify   '/Users/thilinaweerasinghe/YELM Technologies/OruthotaChaletsAdmin/node_modules/resolve': '/Users/thilinaweerasinghe/YELM Technologies/OruthotaChaletsAdmin/node_modules/.resolve-dtuP5DC2',
470 silly reify   '/Users/thilinaweerasinghe/YELM Technologies/OruthotaChaletsAdmin/node_modules/retry': '/Users/thilinaweerasinghe/YELM Technologies/OruthotaChaletsAdmin/node_modules/.retry-PYvu4Vof',
470 silly reify   '/Users/thilinaweerasinghe/YELM Technologies/OruthotaChaletsAdmin/node_modules/rimraf': '/Users/thilinaweerasinghe/YELM Technologies/OruthotaChaletsAdmin/node_modules/.rimraf-tFqcmZEd',
470 silly reify   '/Users/thilinaweerasinghe/YELM Technologies/OruthotaChaletsAdmin/node_modules/run-parallel': '/Users/thilinaweerasinghe/YELM Technologies/OruthotaChaletsAdmin/node_modules/.run-parallel-cQ3BDOXB',
470 silly reify   '/Users/thilinaweerasinghe/YELM Technologies/OruthotaChaletsAdmin/node_modules/safe-buffer': '/Users/thilinaweerasinghe/YELM Technologies/OruthotaChaletsAdmin/node_modules/.safe-buffer-KKQv2JsQ',
470 silly reify   '/Users/thilinaweerasinghe/YELM Technologies/OruthotaChaletsAdmin/node_modules/safe-stable-stringify': '/Users/thilinaweerasinghe/YELM Technologies/OruthotaChaletsAdmin/node_modules/.safe-stable-stringify-mlveGiG4',
470 silly reify   '/Users/thilinaweerasinghe/YELM Technologies/OruthotaChaletsAdmin/node_modules/safer-buffer': '/Users/thilinaweerasinghe/YELM Technologies/OruthotaChaletsAdmin/node_modules/.safer-buffer-4briXDoZ',
470 silly reify   '/Users/thilinaweerasinghe/YELM Technologies/OruthotaChaletsAdmin/node_modules/scheduler': '/Users/thilinaweerasinghe/YELM Technologies/OruthotaChaletsAdmin/node_modules/.scheduler-bIco9TJT',
470 silly reify   '/Users/thilinaweerasinghe/YELM Technologies/OruthotaChaletsAdmin/node_modules/semver': '/Users/thilinaweerasinghe/YELM Technologies/OruthotaChaletsAdmin/node_modules/.semver-8GV62BfI',
470 silly reify   '/Users/thilinaweerasinghe/YELM Technologies/OruthotaChaletsAdmin/node_modules/set-function-length': '/Users/thilinaweerasinghe/YELM Technologies/OruthotaChaletsAdmin/node_modules/.set-function-length-hEpdTUKo',
470 silly reify   '/Users/thilinaweerasinghe/YELM Technologies/OruthotaChaletsAdmin/node_modules/setprototypeof': '/Users/thilinaweerasinghe/YELM Technologies/OruthotaChaletsAdmin/node_modules/.setprototypeof-V5hqd4Db',
470 silly reify   '/Users/thilinaweerasinghe/YELM Technologies/OruthotaChaletsAdmin/node_modules/shimmer': '/Users/thilinaweerasinghe/YELM Technologies/OruthotaChaletsAdmin/node_modules/.shimmer-yBZBfwjN',
470 silly reify   '/Users/thilinaweerasinghe/YELM Technologies/OruthotaChaletsAdmin/node_modules/side-channel-map': '/Users/thilinaweerasinghe/YELM Technologies/OruthotaChaletsAdmin/node_modules/.side-channel-map-AtPjcvLG',
470 silly reify   '/Users/thilinaweerasinghe/YELM Technologies/OruthotaChaletsAdmin/node_modules/side-channel-weakmap': '/Users/thilinaweerasinghe/YELM Technologies/OruthotaChaletsAdmin/node_modules/.side-channel-weakmap-Ru9mi8Ju',
470 silly reify   '/Users/thilinaweerasinghe/YELM Technologies/OruthotaChaletsAdmin/node_modules/signal-exit': '/Users/thilinaweerasinghe/YELM Technologies/OruthotaChaletsAdmin/node_modules/.signal-exit-lij0qGpn',
470 silly reify   '/Users/thilinaweerasinghe/YELM Technologies/OruthotaChaletsAdmin/node_modules/slash': '/Users/thilinaweerasinghe/YELM Technologies/OruthotaChaletsAdmin/node_modules/.slash-yjmrEljC',
470 silly reify   '/Users/thilinaweerasinghe/YELM Technologies/OruthotaChaletsAdmin/node_modules/source-map': '/Users/thilinaweerasinghe/YELM Technologies/OruthotaChaletsAdmin/node_modules/.source-map-65Y0ueju',
470 silly reify   '/Users/thilinaweerasinghe/YELM Technologies/OruthotaChaletsAdmin/node_modules/source-map-js': '/Users/thilinaweerasinghe/YELM Technologies/OruthotaChaletsAdmin/node_modules/.source-map-js-tjBWAVWZ',
470 silly reify   '/Users/thilinaweerasinghe/YELM Technologies/OruthotaChaletsAdmin/node_modules/ssf': '/Users/thilinaweerasinghe/YELM Technologies/OruthotaChaletsAdmin/node_modules/.ssf-lpkip6LX',
470 silly reify   '/Users/thilinaweerasinghe/YELM Technologies/OruthotaChaletsAdmin/node_modules/stack-trace': '/Users/thilinaweerasinghe/YELM Technologies/OruthotaChaletsAdmin/node_modules/.stack-trace-6RQ1elAt',
470 silly reify   '/Users/thilinaweerasinghe/YELM Technologies/OruthotaChaletsAdmin/node_modules/stream-events': '/Users/thilinaweerasinghe/YELM Technologies/OruthotaChaletsAdmin/node_modules/.stream-events-NYM4rQtL',
470 silly reify   '/Users/thilinaweerasinghe/YELM Technologies/OruthotaChaletsAdmin/node_modules/stream-shift': '/Users/thilinaweerasinghe/YELM Technologies/OruthotaChaletsAdmin/node_modules/.stream-shift-7v7WD9nn',
470 silly reify   '/Users/thilinaweerasinghe/YELM Technologies/OruthotaChaletsAdmin/node_modules/streamsearch': '/Users/thilinaweerasinghe/YELM Technologies/OruthotaChaletsAdmin/node_modules/.streamsearch-F4BJF0Fe',
470 silly reify   '/Users/thilinaweerasinghe/YELM Technologies/OruthotaChaletsAdmin/node_modules/string_decoder': '/Users/thilinaweerasinghe/YELM Technologies/OruthotaChaletsAdmin/node_modules/.string_decoder-RstHIpnK',
470 silly reify   '/Users/thilinaweerasinghe/YELM Technologies/OruthotaChaletsAdmin/node_modules/stubs': '/Users/thilinaweerasinghe/YELM Technologies/OruthotaChaletsAdmin/node_modules/.stubs-OeAqOlGo',
470 silly reify   '/Users/thilinaweerasinghe/YELM Technologies/OruthotaChaletsAdmin/node_modules/styled-jsx': '/Users/thilinaweerasinghe/YELM Technologies/OruthotaChaletsAdmin/node_modules/.styled-jsx-0XR15B12',
470 silly reify   '/Users/thilinaweerasinghe/YELM Technologies/OruthotaChaletsAdmin/node_modules/sucrase': '/Users/thilinaweerasinghe/YELM Technologies/OruthotaChaletsAdmin/node_modules/.sucrase-I30sEJuo',
470 silly reify   '/Users/thilinaweerasinghe/YELM Technologies/OruthotaChaletsAdmin/node_modules/supabase': '/Users/thilinaweerasinghe/YELM Technologies/OruthotaChaletsAdmin/node_modules/.supabase-n1gU9NSq',
470 silly reify   '/Users/thilinaweerasinghe/YELM Technologies/OruthotaChaletsAdmin/node_modules/supports-preserve-symlinks-flag': '/Users/thilinaweerasinghe/YELM Technologies/OruthotaChaletsAdmin/node_modules/.supports-preserve-symlinks-flag-MfmZlEYr',
470 silly reify   '/Users/thilinaweerasinghe/YELM Technologies/OruthotaChaletsAdmin/node_modules/supports-color': '/Users/thilinaweerasinghe/YELM Technologies/OruthotaChaletsAdmin/node_modules/.supports-color-7WzQsCRi',
470 silly reify   '/Users/thilinaweerasinghe/YELM Technologies/OruthotaChaletsAdmin/node_modules/tailwindcss': '/Users/thilinaweerasinghe/YELM Technologies/OruthotaChaletsAdmin/node_modules/.tailwindcss-tg51zmXi',
470 silly reify   '/Users/thilinaweerasinghe/YELM Technologies/OruthotaChaletsAdmin/node_modules/tailwindcss-animate': '/Users/thilinaweerasinghe/YELM Technologies/OruthotaChaletsAdmin/node_modules/.tailwindcss-animate-QoIQViQC',
470 silly reify   '/Users/thilinaweerasinghe/YELM Technologies/OruthotaChaletsAdmin/node_modules/text-hex': '/Users/thilinaweerasinghe/YELM Technologies/OruthotaChaletsAdmin/node_modules/.text-hex-aErFb7wt',
470 silly reify   '/Users/thilinaweerasinghe/YELM Technologies/OruthotaChaletsAdmin/node_modules/thenify': '/Users/thilinaweerasinghe/YELM Technologies/OruthotaChaletsAdmin/node_modules/.thenify-xCg0GeW0',
470 silly reify   '/Users/thilinaweerasinghe/YELM Technologies/OruthotaChaletsAdmin/node_modules/thenify-all': '/Users/thilinaweerasinghe/YELM Technologies/OruthotaChaletsAdmin/node_modules/.thenify-all-bNUv9O5L',
470 silly reify   '/Users/thilinaweerasinghe/YELM Technologies/OruthotaChaletsAdmin/node_modules/thriftrw': '/Users/thilinaweerasinghe/YELM Technologies/OruthotaChaletsAdmin/node_modules/.thriftrw-lBUrV9yA',
470 silly reify   '/Users/thilinaweerasinghe/YELM Technologies/OruthotaChaletsAdmin/node_modules/tiny-invariant': '/Users/thilinaweerasinghe/YELM Technologies/OruthotaChaletsAdmin/node_modules/.tiny-invariant-LutybIs1',
470 silly reify   '/Users/thilinaweerasinghe/YELM Technologies/OruthotaChaletsAdmin/node_modules/to-regex-range': '/Users/thilinaweerasinghe/YELM Technologies/OruthotaChaletsAdmin/node_modules/.to-regex-range-fODMRVY6',
470 silly reify   '/Users/thilinaweerasinghe/YELM Technologies/OruthotaChaletsAdmin/node_modules/toidentifier': '/Users/thilinaweerasinghe/YELM Technologies/OruthotaChaletsAdmin/node_modules/.toidentifier-rZKfFYtT',
470 silly reify   '/Users/thilinaweerasinghe/YELM Technologies/OruthotaChaletsAdmin/node_modules/tr46': '/Users/thilinaweerasinghe/YELM Technologies/OruthotaChaletsAdmin/node_modules/.tr46-LAgjUjE8',
470 silly reify   '/Users/thilinaweerasinghe/YELM Technologies/OruthotaChaletsAdmin/node_modules/triple-beam': '/Users/thilinaweerasinghe/YELM Technologies/OruthotaChaletsAdmin/node_modules/.triple-beam-0LV7BftE',
470 silly reify   '/Users/thilinaweerasinghe/YELM Technologies/OruthotaChaletsAdmin/node_modules/ts-node': '/Users/thilinaweerasinghe/YELM Technologies/OruthotaChaletsAdmin/node_modules/.ts-node-AEd2WNiI',
470 silly reify   '/Users/thilinaweerasinghe/YELM Technologies/OruthotaChaletsAdmin/node_modules/tslib': '/Users/thilinaweerasinghe/YELM Technologies/OruthotaChaletsAdmin/node_modules/.tslib-4AsxKBLp',
470 silly reify   '/Users/thilinaweerasinghe/YELM Technologies/OruthotaChaletsAdmin/node_modules/tsx': '/Users/thilinaweerasinghe/YELM Technologies/OruthotaChaletsAdmin/node_modules/.tsx-7OvH1rO4',
470 silly reify   '/Users/thilinaweerasinghe/YELM Technologies/OruthotaChaletsAdmin/node_modules/ts-interface-checker': '/Users/thilinaweerasinghe/YELM Technologies/OruthotaChaletsAdmin/node_modules/.ts-interface-checker-UXAvr325',
470 silly reify   '/Users/thilinaweerasinghe/YELM Technologies/OruthotaChaletsAdmin/node_modules/type-is': '/Users/thilinaweerasinghe/YELM Technologies/OruthotaChaletsAdmin/node_modules/.type-is-ZGlH7bAy',
470 silly reify   '/Users/thilinaweerasinghe/YELM Technologies/OruthotaChaletsAdmin/node_modules/uglify-js': '/Users/thilinaweerasinghe/YELM Technologies/OruthotaChaletsAdmin/node_modules/.uglify-js-3cmFRDWM',
470 silly reify   '/Users/thilinaweerasinghe/YELM Technologies/OruthotaChaletsAdmin/node_modules/typescript': '/Users/thilinaweerasinghe/YELM Technologies/OruthotaChaletsAdmin/node_modules/.typescript-eAcYhW1G',
470 silly reify   '/Users/thilinaweerasinghe/YELM Technologies/OruthotaChaletsAdmin/node_modules/universalify': '/Users/thilinaweerasinghe/YELM Technologies/OruthotaChaletsAdmin/node_modules/.universalify-1ogpdAiV',
470 silly reify   '/Users/thilinaweerasinghe/YELM Technologies/OruthotaChaletsAdmin/node_modules/unpipe': '/Users/thilinaweerasinghe/YELM Technologies/OruthotaChaletsAdmin/node_modules/.unpipe-uRoVfWQd',
470 silly reify   '/Users/thilinaweerasinghe/YELM Technologies/OruthotaChaletsAdmin/node_modules/uri-templates': '/Users/thilinaweerasinghe/YELM Technologies/OruthotaChaletsAdmin/node_modules/.uri-templates-tN701fV3',
470 silly reify   '/Users/thilinaweerasinghe/YELM Technologies/OruthotaChaletsAdmin/node_modules/url-template': '/Users/thilinaweerasinghe/YELM Technologies/OruthotaChaletsAdmin/node_modules/.url-template-I09OqmWh',
470 silly reify   '/Users/thilinaweerasinghe/YELM Technologies/OruthotaChaletsAdmin/node_modules/use-callback-ref': '/Users/thilinaweerasinghe/YELM Technologies/OruthotaChaletsAdmin/node_modules/.use-callback-ref-fIvwnkKf',
470 silly reify   '/Users/thilinaweerasinghe/YELM Technologies/OruthotaChaletsAdmin/node_modules/use-sidecar': '/Users/thilinaweerasinghe/YELM Technologies/OruthotaChaletsAdmin/node_modules/.use-sidecar-3059UU87',
470 silly reify   '/Users/thilinaweerasinghe/YELM Technologies/OruthotaChaletsAdmin/node_modules/util-deprecate': '/Users/thilinaweerasinghe/YELM Technologies/OruthotaChaletsAdmin/node_modules/.util-deprecate-hBYJgSJl',
470 silly reify   '/Users/thilinaweerasinghe/YELM Technologies/OruthotaChaletsAdmin/node_modules/utils-merge': '/Users/thilinaweerasinghe/YELM Technologies/OruthotaChaletsAdmin/node_modules/.utils-merge-z2PvcGzm',
470 silly reify   '/Users/thilinaweerasinghe/YELM Technologies/OruthotaChaletsAdmin/node_modules/uuid': '/Users/thilinaweerasinghe/YELM Technologies/OruthotaChaletsAdmin/node_modules/.uuid-S8D8iopS',
470 silly reify   '/Users/thilinaweerasinghe/YELM Technologies/OruthotaChaletsAdmin/node_modules/v8-compile-cache-lib': '/Users/thilinaweerasinghe/YELM Technologies/OruthotaChaletsAdmin/node_modules/.v8-compile-cache-lib-02msBnJf',
470 silly reify   '/Users/thilinaweerasinghe/YELM Technologies/OruthotaChaletsAdmin/node_modules/vary': '/Users/thilinaweerasinghe/YELM Technologies/OruthotaChaletsAdmin/node_modules/.vary-1Dq1YE3X',
470 silly reify   '/Users/thilinaweerasinghe/YELM Technologies/OruthotaChaletsAdmin/node_modules/victory-vendor': '/Users/thilinaweerasinghe/YELM Technologies/OruthotaChaletsAdmin/node_modules/.victory-vendor-UKUTKCcW',
470 silly reify   '/Users/thilinaweerasinghe/YELM Technologies/OruthotaChaletsAdmin/node_modules/web-streams-polyfill': '/Users/thilinaweerasinghe/YELM Technologies/OruthotaChaletsAdmin/node_modules/.web-streams-polyfill-GIjq6EFv',
470 silly reify   '/Users/thilinaweerasinghe/YELM Technologies/OruthotaChaletsAdmin/node_modules/webidl-conversions': '/Users/thilinaweerasinghe/YELM Technologies/OruthotaChaletsAdmin/node_modules/.webidl-conversions-qQEu73Nn',
470 silly reify   '/Users/thilinaweerasinghe/YELM Technologies/OruthotaChaletsAdmin/node_modules/websocket-extensions': '/Users/thilinaweerasinghe/YELM Technologies/OruthotaChaletsAdmin/node_modules/.websocket-extensions-Po4UazKU',
470 silly reify   '/Users/thilinaweerasinghe/YELM Technologies/OruthotaChaletsAdmin/node_modules/whatwg-url': '/Users/thilinaweerasinghe/YELM Technologies/OruthotaChaletsAdmin/node_modules/.whatwg-url-Ff9iSlLJ',
470 silly reify   '/Users/thilinaweerasinghe/YELM Technologies/OruthotaChaletsAdmin/node_modules/which': '/Users/thilinaweerasinghe/YELM Technologies/OruthotaChaletsAdmin/node_modules/.which-e400vKER',
470 silly reify   '/Users/thilinaweerasinghe/YELM Technologies/OruthotaChaletsAdmin/node_modules/winston-transport': '/Users/thilinaweerasinghe/YELM Technologies/OruthotaChaletsAdmin/node_modules/.winston-transport-L7BY8xL2',
470 silly reify   '/Users/thilinaweerasinghe/YELM Technologies/OruthotaChaletsAdmin/node_modules/wmf': '/Users/thilinaweerasinghe/YELM Technologies/OruthotaChaletsAdmin/node_modules/.wmf-tud4shkQ',
470 silly reify   '/Users/thilinaweerasinghe/YELM Technologies/OruthotaChaletsAdmin/node_modules/word': '/Users/thilinaweerasinghe/YELM Technologies/OruthotaChaletsAdmin/node_modules/.word-kj0nzX2F',
470 silly reify   '/Users/thilinaweerasinghe/YELM Technologies/OruthotaChaletsAdmin/node_modules/wordwrap': '/Users/thilinaweerasinghe/YELM Technologies/OruthotaChaletsAdmin/node_modules/.wordwrap-dwHsBjw9',
470 silly reify   '/Users/thilinaweerasinghe/YELM Technologies/OruthotaChaletsAdmin/node_modules/wrap-ansi-cjs': '/Users/thilinaweerasinghe/YELM Technologies/OruthotaChaletsAdmin/node_modules/.wrap-ansi-cjs-IrNpN3wT',
470 silly reify   '/Users/thilinaweerasinghe/YELM Technologies/OruthotaChaletsAdmin/node_modules/wrappy': '/Users/thilinaweerasinghe/YELM Technologies/OruthotaChaletsAdmin/node_modules/.wrappy-yHu4Zhty',
470 silly reify   '/Users/thilinaweerasinghe/YELM Technologies/OruthotaChaletsAdmin/node_modules/xlsx': '/Users/thilinaweerasinghe/YELM Technologies/OruthotaChaletsAdmin/node_modules/.xlsx-BooNZFuO',
470 silly reify   '/Users/thilinaweerasinghe/YELM Technologies/OruthotaChaletsAdmin/node_modules/xtend': '/Users/thilinaweerasinghe/YELM Technologies/OruthotaChaletsAdmin/node_modules/.xtend-k9a5URvF',
470 silly reify   '/Users/thilinaweerasinghe/YELM Technologies/OruthotaChaletsAdmin/node_modules/y18n': '/Users/thilinaweerasinghe/YELM Technologies/OruthotaChaletsAdmin/node_modules/.y18n-cdm73fIe',
470 silly reify   '/Users/thilinaweerasinghe/YELM Technologies/OruthotaChaletsAdmin/node_modules/yaml': '/Users/thilinaweerasinghe/YELM Technologies/OruthotaChaletsAdmin/node_modules/.yaml-M4l7UONO',
470 silly reify   '/Users/thilinaweerasinghe/YELM Technologies/OruthotaChaletsAdmin/node_modules/yargs-parser': '/Users/thilinaweerasinghe/YELM Technologies/OruthotaChaletsAdmin/node_modules/.yargs-parser-pxZjRhQV',
470 silly reify   '/Users/thilinaweerasinghe/YELM Technologies/OruthotaChaletsAdmin/node_modules/yn': '/Users/thilinaweerasinghe/YELM Technologies/OruthotaChaletsAdmin/node_modules/.yn-zGAxlh3r',
470 silly reify   '/Users/thilinaweerasinghe/YELM Technologies/OruthotaChaletsAdmin/node_modules/@cspotcode/source-map-support': '/Users/thilinaweerasinghe/YELM Technologies/OruthotaChaletsAdmin/node_modules/@cspotcode/.source-map-support-iTrTovSR',
470 silly reify   '/Users/thilinaweerasinghe/YELM Technologies/OruthotaChaletsAdmin/node_modules/@dnd-kit/accessibility': '/Users/thilinaweerasinghe/YELM Technologies/OruthotaChaletsAdmin/node_modules/@dnd-kit/.accessibility-K2YyUtyv',
470 silly reify   '/Users/thilinaweerasinghe/YELM Technologies/OruthotaChaletsAdmin/node_modules/@dnd-kit/core': '/Users/thilinaweerasinghe/YELM Technologies/OruthotaChaletsAdmin/node_modules/@dnd-kit/.core-hGSN4QPE',
470 silly reify   '/Users/thilinaweerasinghe/YELM Technologies/OruthotaChaletsAdmin/node_modules/@dnd-kit/modifiers': '/Users/thilinaweerasinghe/YELM Technologies/OruthotaChaletsAdmin/node_modules/@dnd-kit/.modifiers-hQEL8O2v',
470 silly reify   '/Users/thilinaweerasinghe/YELM Technologies/OruthotaChaletsAdmin/node_modules/@dnd-kit/sortable': '/Users/thilinaweerasinghe/YELM Technologies/OruthotaChaletsAdmin/node_modules/@dnd-kit/.sortable-OloCYJJO',
470 silly reify   '/Users/thilinaweerasinghe/YELM Technologies/OruthotaChaletsAdmin/node_modules/@dnd-kit/utilities': '/Users/thilinaweerasinghe/YELM Technologies/OruthotaChaletsAdmin/node_modules/@dnd-kit/.utilities-dH68EmU9',
470 silly reify   '/Users/thilinaweerasinghe/YELM Technologies/OruthotaChaletsAdmin/node_modules/@google-cloud/firestore': '/Users/thilinaweerasinghe/YELM Technologies/OruthotaChaletsAdmin/node_modules/@google-cloud/.firestore-CYO0DBGf',
470 silly reify   '/Users/thilinaweerasinghe/YELM Technologies/OruthotaChaletsAdmin/node_modules/@google-cloud/opentelemetry-cloud-monitoring-exporter': '/Users/thilinaweerasinghe/YELM Technologies/OruthotaChaletsAdmin/node_modules/@google-cloud/.opentelemetry-cloud-monitoring-exporter-qaUSTvPO',
470 silly reify   '/Users/thilinaweerasinghe/YELM Technologies/OruthotaChaletsAdmin/node_modules/@google-cloud/opentelemetry-cloud-trace-exporter': '/Users/thilinaweerasinghe/YELM Technologies/OruthotaChaletsAdmin/node_modules/@google-cloud/.opentelemetry-cloud-trace-exporter-7ZEKag6v',
470 silly reify   '/Users/thilinaweerasinghe/YELM Technologies/OruthotaChaletsAdmin/node_modules/@google-cloud/opentelemetry-resource-util': '/Users/thilinaweerasinghe/YELM Technologies/OruthotaChaletsAdmin/node_modules/@google-cloud/.opentelemetry-resource-util-iXP3IxDU',
470 silly reify   '/Users/thilinaweerasinghe/YELM Technologies/OruthotaChaletsAdmin/node_modules/@google-cloud/paginator': '/Users/thilinaweerasinghe/YELM Technologies/OruthotaChaletsAdmin/node_modules/@google-cloud/.paginator-ORKGQHWQ',
470 silly reify   '/Users/thilinaweerasinghe/YELM Technologies/OruthotaChaletsAdmin/node_modules/@google-cloud/precise-date': '/Users/thilinaweerasinghe/YELM Technologies/OruthotaChaletsAdmin/node_modules/@google-cloud/.precise-date-z3PEPcAK',
470 silly reify   '/Users/thilinaweerasinghe/YELM Technologies/OruthotaChaletsAdmin/node_modules/@google-cloud/projectify': '/Users/thilinaweerasinghe/YELM Technologies/OruthotaChaletsAdmin/node_modules/@google-cloud/.projectify-46FjWnCc',
470 silly reify   '/Users/thilinaweerasinghe/YELM Technologies/OruthotaChaletsAdmin/node_modules/@google-cloud/promisify': '/Users/thilinaweerasinghe/YELM Technologies/OruthotaChaletsAdmin/node_modules/@google-cloud/.promisify-ljkDJzxp',
470 silly reify   '/Users/thilinaweerasinghe/YELM Technologies/OruthotaChaletsAdmin/node_modules/@grpc/proto-loader': '/Users/thilinaweerasinghe/YELM Technologies/OruthotaChaletsAdmin/node_modules/@grpc/.proto-loader-aitW3v56',
470 silly reify   '/Users/thilinaweerasinghe/YELM Technologies/OruthotaChaletsAdmin/node_modules/@hookform/resolvers': '/Users/thilinaweerasinghe/YELM Technologies/OruthotaChaletsAdmin/node_modules/@hookform/.resolvers-dZ0qmTl8',
470 silly reify   '/Users/thilinaweerasinghe/YELM Technologies/OruthotaChaletsAdmin/node_modules/@isaacs/cliui': '/Users/thilinaweerasinghe/YELM Technologies/OruthotaChaletsAdmin/node_modules/@isaacs/.cliui-e5uF7uuY',
470 silly reify   '/Users/thilinaweerasinghe/YELM Technologies/OruthotaChaletsAdmin/node_modules/@jridgewell/resolve-uri': '/Users/thilinaweerasinghe/YELM Technologies/OruthotaChaletsAdmin/node_modules/@jridgewell/.resolve-uri-nmtXWh50',
470 silly reify   '/Users/thilinaweerasinghe/YELM Technologies/OruthotaChaletsAdmin/node_modules/@js-sdsl/ordered-map': '/Users/thilinaweerasinghe/YELM Technologies/OruthotaChaletsAdmin/node_modules/@js-sdsl/.ordered-map-v2emdE70',
470 silly reify   '/Users/thilinaweerasinghe/YELM Technologies/OruthotaChaletsAdmin/node_modules/@next/env': '/Users/thilinaweerasinghe/YELM Technologies/OruthotaChaletsAdmin/node_modules/@next/.env-GMG9WoLY',
470 silly reify   '/Users/thilinaweerasinghe/YELM Technologies/OruthotaChaletsAdmin/node_modules/@nodelib/fs.scandir': '/Users/thilinaweerasinghe/YELM Technologies/OruthotaChaletsAdmin/node_modules/@nodelib/.fs.scandir-Mu6yEMFJ',
470 silly reify   '/Users/thilinaweerasinghe/YELM Technologies/OruthotaChaletsAdmin/node_modules/@nodelib/fs.walk': '/Users/thilinaweerasinghe/YELM Technologies/OruthotaChaletsAdmin/node_modules/@nodelib/.fs.walk-14uJpwGa',
470 silly reify   '/Users/thilinaweerasinghe/YELM Technologies/OruthotaChaletsAdmin/node_modules/@nodelib/fs.stat': '/Users/thilinaweerasinghe/YELM Technologies/OruthotaChaletsAdmin/node_modules/@nodelib/.fs.stat-GKW56mMr',
470 silly reify   '/Users/thilinaweerasinghe/YELM Technologies/OruthotaChaletsAdmin/node_modules/@opentelemetry/api-logs': '/Users/thilinaweerasinghe/YELM Technologies/OruthotaChaletsAdmin/node_modules/@opentelemetry/.api-logs-bJO2uOLZ',
470 silly reify   '/Users/thilinaweerasinghe/YELM Technologies/OruthotaChaletsAdmin/node_modules/@opentelemetry/auto-instrumentations-node': '/Users/thilinaweerasinghe/YELM Technologies/OruthotaChaletsAdmin/node_modules/@opentelemetry/.auto-instrumentations-node-ZvrFjTIQ',
470 silly reify   '/Users/thilinaweerasinghe/YELM Technologies/OruthotaChaletsAdmin/node_modules/@opentelemetry/context-async-hooks': '/Users/thilinaweerasinghe/YELM Technologies/OruthotaChaletsAdmin/node_modules/@opentelemetry/.context-async-hooks-9NKV42aP',
470 silly reify   '/Users/thilinaweerasinghe/YELM Technologies/OruthotaChaletsAdmin/node_modules/@opentelemetry/core': '/Users/thilinaweerasinghe/YELM Technologies/OruthotaChaletsAdmin/node_modules/@opentelemetry/.core-h8n7JVzZ',
470 silly reify   '/Users/thilinaweerasinghe/YELM Technologies/OruthotaChaletsAdmin/node_modules/@opentelemetry/exporter-trace-otlp-grpc': '/Users/thilinaweerasinghe/YELM Technologies/OruthotaChaletsAdmin/node_modules/@opentelemetry/.exporter-trace-otlp-grpc-SSaCaCJs',
470 silly reify   '/Users/thilinaweerasinghe/YELM Technologies/OruthotaChaletsAdmin/node_modules/@opentelemetry/exporter-trace-otlp-proto': '/Users/thilinaweerasinghe/YELM Technologies/OruthotaChaletsAdmin/node_modules/@opentelemetry/.exporter-trace-otlp-proto-N3iJzfFk',
470 silly reify   '/Users/thilinaweerasinghe/YELM Technologies/OruthotaChaletsAdmin/node_modules/@opentelemetry/exporter-trace-otlp-http': '/Users/thilinaweerasinghe/YELM Technologies/OruthotaChaletsAdmin/node_modules/@opentelemetry/.exporter-trace-otlp-http-tYmMEUAm',
470 silly reify   '/Users/thilinaweerasinghe/YELM Technologies/OruthotaChaletsAdmin/node_modules/@opentelemetry/exporter-zipkin': '/Users/thilinaweerasinghe/YELM Technologies/OruthotaChaletsAdmin/node_modules/@opentelemetry/.exporter-zipkin-HJqbiMoR',
470 silly reify   '/Users/thilinaweerasinghe/YELM Technologies/OruthotaChaletsAdmin/node_modules/@opentelemetry/instrumentation-amqplib': '/Users/thilinaweerasinghe/YELM Technologies/OruthotaChaletsAdmin/node_modules/@opentelemetry/.instrumentation-amqplib-83xo546e',
470 silly reify   '/Users/thilinaweerasinghe/YELM Technologies/OruthotaChaletsAdmin/node_modules/@opentelemetry/instrumentation': '/Users/thilinaweerasinghe/YELM Technologies/OruthotaChaletsAdmin/node_modules/@opentelemetry/.instrumentation-sSv5uhuk',
470 silly reify   '/Users/thilinaweerasinghe/YELM Technologies/OruthotaChaletsAdmin/node_modules/@opentelemetry/instrumentation-aws-lambda': '/Users/thilinaweerasinghe/YELM Technologies/OruthotaChaletsAdmin/node_modules/@opentelemetry/.instrumentation-aws-lambda-4pDyhHCD',
470 silly reify   '/Users/thilinaweerasinghe/YELM Technologies/OruthotaChaletsAdmin/node_modules/@opentelemetry/instrumentation-cassandra-driver': '/Users/thilinaweerasinghe/YELM Technologies/OruthotaChaletsAdmin/node_modules/@opentelemetry/.instrumentation-cassandra-driver-YUal5inU',
470 silly reify   '/Users/thilinaweerasinghe/YELM Technologies/OruthotaChaletsAdmin/node_modules/@opentelemetry/instrumentation-bunyan': '/Users/thilinaweerasinghe/YELM Technologies/OruthotaChaletsAdmin/node_modules/@opentelemetry/.instrumentation-bunyan-yiLmAXDC',
470 silly reify   '/Users/thilinaweerasinghe/YELM Technologies/OruthotaChaletsAdmin/node_modules/@opentelemetry/instrumentation-aws-sdk': '/Users/thilinaweerasinghe/YELM Technologies/OruthotaChaletsAdmin/node_modules/@opentelemetry/.instrumentation-aws-sdk-zG2qkI9S',
470 silly reify   '/Users/thilinaweerasinghe/YELM Technologies/OruthotaChaletsAdmin/node_modules/@opentelemetry/instrumentation-connect': '/Users/thilinaweerasinghe/YELM Technologies/OruthotaChaletsAdmin/node_modules/@opentelemetry/.instrumentation-connect-2oomtwf3',
470 silly reify   '/Users/thilinaweerasinghe/YELM Technologies/OruthotaChaletsAdmin/node_modules/@opentelemetry/instrumentation-cucumber': '/Users/thilinaweerasinghe/YELM Technologies/OruthotaChaletsAdmin/node_modules/@opentelemetry/.instrumentation-cucumber-NgxeBO7m',
470 silly reify   '/Users/thilinaweerasinghe/YELM Technologies/OruthotaChaletsAdmin/node_modules/@opentelemetry/instrumentation-dns': '/Users/thilinaweerasinghe/YELM Technologies/OruthotaChaletsAdmin/node_modules/@opentelemetry/.instrumentation-dns-1JqomR6I',
470 silly reify   '/Users/thilinaweerasinghe/YELM Technologies/OruthotaChaletsAdmin/node_modules/@opentelemetry/instrumentation-dataloader': '/Users/thilinaweerasinghe/YELM Technologies/OruthotaChaletsAdmin/node_modules/@opentelemetry/.instrumentation-dataloader-bOejkFqm',
470 silly reify   '/Users/thilinaweerasinghe/YELM Technologies/OruthotaChaletsAdmin/node_modules/@opentelemetry/instrumentation-express': '/Users/thilinaweerasinghe/YELM Technologies/OruthotaChaletsAdmin/node_modules/@opentelemetry/.instrumentation-express-zTKA5GVW',
470 silly reify   '/Users/thilinaweerasinghe/YELM Technologies/OruthotaChaletsAdmin/node_modules/@opentelemetry/instrumentation-fastify': '/Users/thilinaweerasinghe/YELM Technologies/OruthotaChaletsAdmin/node_modules/@opentelemetry/.instrumentation-fastify-9p6YYkz1',
470 silly reify   '/Users/thilinaweerasinghe/YELM Technologies/OruthotaChaletsAdmin/node_modules/@opentelemetry/instrumentation-fs': '/Users/thilinaweerasinghe/YELM Technologies/OruthotaChaletsAdmin/node_modules/@opentelemetry/.instrumentation-fs-EzRQ5yiY',
470 silly reify   '/Users/thilinaweerasinghe/YELM Technologies/OruthotaChaletsAdmin/node_modules/@opentelemetry/instrumentation-graphql': '/Users/thilinaweerasinghe/YELM Technologies/OruthotaChaletsAdmin/node_modules/@opentelemetry/.instrumentation-graphql-ws2QJ18L',
470 silly reify   '/Users/thilinaweerasinghe/YELM Technologies/OruthotaChaletsAdmin/node_modules/@opentelemetry/instrumentation-generic-pool': '/Users/thilinaweerasinghe/YELM Technologies/OruthotaChaletsAdmin/node_modules/@opentelemetry/.instrumentation-generic-pool-dg4SoGU2',
470 silly reify   '/Users/thilinaweerasinghe/YELM Technologies/OruthotaChaletsAdmin/node_modules/@opentelemetry/instrumentation-grpc': '/Users/thilinaweerasinghe/YELM Technologies/OruthotaChaletsAdmin/node_modules/@opentelemetry/.instrumentation-grpc-gaXW78O0',
470 silly reify   '/Users/thilinaweerasinghe/YELM Technologies/OruthotaChaletsAdmin/node_modules/@opentelemetry/instrumentation-hapi': '/Users/thilinaweerasinghe/YELM Technologies/OruthotaChaletsAdmin/node_modules/@opentelemetry/.instrumentation-hapi-gJ9RrniN',
470 silly reify   '/Users/thilinaweerasinghe/YELM Technologies/OruthotaChaletsAdmin/node_modules/@opentelemetry/instrumentation-http': '/Users/thilinaweerasinghe/YELM Technologies/OruthotaChaletsAdmin/node_modules/@opentelemetry/.instrumentation-http-7GZ6xMp6',
470 silly reify   '/Users/thilinaweerasinghe/YELM Technologies/OruthotaChaletsAdmin/node_modules/@opentelemetry/instrumentation-ioredis': '/Users/thilinaweerasinghe/YELM Technologies/OruthotaChaletsAdmin/node_modules/@opentelemetry/.instrumentation-ioredis-pot9mYyB',
470 silly reify   '/Users/thilinaweerasinghe/YELM Technologies/OruthotaChaletsAdmin/node_modules/@opentelemetry/instrumentation-kafkajs': '/Users/thilinaweerasinghe/YELM Technologies/OruthotaChaletsAdmin/node_modules/@opentelemetry/.instrumentation-kafkajs-oN2NGIAF',
470 silly reify   '/Users/thilinaweerasinghe/YELM Technologies/OruthotaChaletsAdmin/node_modules/@opentelemetry/instrumentation-koa': '/Users/thilinaweerasinghe/YELM Technologies/OruthotaChaletsAdmin/node_modules/@opentelemetry/.instrumentation-koa-RUL3zZht',
470 silly reify   '/Users/thilinaweerasinghe/YELM Technologies/OruthotaChaletsAdmin/node_modules/@opentelemetry/instrumentation-knex': '/Users/thilinaweerasinghe/YELM Technologies/OruthotaChaletsAdmin/node_modules/@opentelemetry/.instrumentation-knex-jAsxLHEy',
470 silly reify   '/Users/thilinaweerasinghe/YELM Technologies/OruthotaChaletsAdmin/node_modules/@opentelemetry/instrumentation-mongodb': '/Users/thilinaweerasinghe/YELM Technologies/OruthotaChaletsAdmin/node_modules/@opentelemetry/.instrumentation-mongodb-Tx7r96Hq',
470 silly reify   '/Users/thilinaweerasinghe/YELM Technologies/OruthotaChaletsAdmin/node_modules/@opentelemetry/instrumentation-mongoose': '/Users/thilinaweerasinghe/YELM Technologies/OruthotaChaletsAdmin/node_modules/@opentelemetry/.instrumentation-mongoose-qBFCwZbW',
470 silly reify   '/Users/thilinaweerasinghe/YELM Technologies/OruthotaChaletsAdmin/node_modules/@opentelemetry/instrumentation-lru-memoizer': '/Users/thilinaweerasinghe/YELM Technologies/OruthotaChaletsAdmin/node_modules/@opentelemetry/.instrumentation-lru-memoizer-Zr6GpKLx',
470 silly reify   '/Users/thilinaweerasinghe/YELM Technologies/OruthotaChaletsAdmin/node_modules/@opentelemetry/instrumentation-memcached': '/Users/thilinaweerasinghe/YELM Technologies/OruthotaChaletsAdmin/node_modules/@opentelemetry/.instrumentation-memcached-afrGs0zl',
470 silly reify   '/Users/thilinaweerasinghe/YELM Technologies/OruthotaChaletsAdmin/node_modules/@opentelemetry/instrumentation-mysql': '/Users/thilinaweerasinghe/YELM Technologies/OruthotaChaletsAdmin/node_modules/@opentelemetry/.instrumentation-mysql-NakwI57s',
470 silly reify   '/Users/thilinaweerasinghe/YELM Technologies/OruthotaChaletsAdmin/node_modules/@opentelemetry/instrumentation-mysql2': '/Users/thilinaweerasinghe/YELM Technologies/OruthotaChaletsAdmin/node_modules/@opentelemetry/.instrumentation-mysql2-dIRShuix',
470 silly reify   '/Users/thilinaweerasinghe/YELM Technologies/OruthotaChaletsAdmin/node_modules/@opentelemetry/instrumentation-pino': '/Users/thilinaweerasinghe/YELM Technologies/OruthotaChaletsAdmin/node_modules/@opentelemetry/.instrumentation-pino-YWCIuthF',
470 silly reify   '/Users/thilinaweerasinghe/YELM Technologies/OruthotaChaletsAdmin/node_modules/@opentelemetry/instrumentation-nestjs-core': '/Users/thilinaweerasinghe/YELM Technologies/OruthotaChaletsAdmin/node_modules/@opentelemetry/.instrumentation-nestjs-core-p0FJbDQf',
470 silly reify   '/Users/thilinaweerasinghe/YELM Technologies/OruthotaChaletsAdmin/node_modules/@opentelemetry/instrumentation-net': '/Users/thilinaweerasinghe/YELM Technologies/OruthotaChaletsAdmin/node_modules/@opentelemetry/.instrumentation-net-PIs53yUA',
470 silly reify   '/Users/thilinaweerasinghe/YELM Technologies/OruthotaChaletsAdmin/node_modules/@opentelemetry/instrumentation-pg': '/Users/thilinaweerasinghe/YELM Technologies/OruthotaChaletsAdmin/node_modules/@opentelemetry/.instrumentation-pg-2NxKZAeN',
470 silly reify   '/Users/thilinaweerasinghe/YELM Technologies/OruthotaChaletsAdmin/node_modules/@opentelemetry/instrumentation-redis': '/Users/thilinaweerasinghe/YELM Technologies/OruthotaChaletsAdmin/node_modules/@opentelemetry/.instrumentation-redis-lfnqxl0m',
470 silly reify   '/Users/thilinaweerasinghe/YELM Technologies/OruthotaChaletsAdmin/node_modules/@opentelemetry/instrumentation-restify': '/Users/thilinaweerasinghe/YELM Technologies/OruthotaChaletsAdmin/node_modules/@opentelemetry/.instrumentation-restify-t7IMOB8H',
470 silly reify   '/Users/thilinaweerasinghe/YELM Technologies/OruthotaChaletsAdmin/node_modules/@opentelemetry/instrumentation-redis-4': '/Users/thilinaweerasinghe/YELM Technologies/OruthotaChaletsAdmin/node_modules/@opentelemetry/.instrumentation-redis-4-klcunbjk',
470 silly reify   '/Users/thilinaweerasinghe/YELM Technologies/OruthotaChaletsAdmin/node_modules/@opentelemetry/instrumentation-socket.io': '/Users/thilinaweerasinghe/YELM Technologies/OruthotaChaletsAdmin/node_modules/@opentelemetry/.instrumentation-socket.io-lHwamhFx',
470 silly reify   '/Users/thilinaweerasinghe/YELM Technologies/OruthotaChaletsAdmin/node_modules/@opentelemetry/instrumentation-router': '/Users/thilinaweerasinghe/YELM Technologies/OruthotaChaletsAdmin/node_modules/@opentelemetry/.instrumentation-router-IJS84wut',
470 silly reify   '/Users/thilinaweerasinghe/YELM Technologies/OruthotaChaletsAdmin/node_modules/@opentelemetry/instrumentation-tedious': '/Users/thilinaweerasinghe/YELM Technologies/OruthotaChaletsAdmin/node_modules/@opentelemetry/.instrumentation-tedious-dCGFxWn0',
470 silly reify   '/Users/thilinaweerasinghe/YELM Technologies/OruthotaChaletsAdmin/node_modules/@opentelemetry/instrumentation-undici': '/Users/thilinaweerasinghe/YELM Technologies/OruthotaChaletsAdmin/node_modules/@opentelemetry/.instrumentation-undici-0NezJX9X',
470 silly reify   '/Users/thilinaweerasinghe/YELM Technologies/OruthotaChaletsAdmin/node_modules/@opentelemetry/instrumentation-winston': '/Users/thilinaweerasinghe/YELM Technologies/OruthotaChaletsAdmin/node_modules/@opentelemetry/.instrumentation-winston-NGifZfNV',
470 silly reify   '/Users/thilinaweerasinghe/YELM Technologies/OruthotaChaletsAdmin/node_modules/@opentelemetry/otlp-exporter-base': '/Users/thilinaweerasinghe/YELM Technologies/OruthotaChaletsAdmin/node_modules/@opentelemetry/.otlp-exporter-base-SsiitG0m',
470 silly reify   '/Users/thilinaweerasinghe/YELM Technologies/OruthotaChaletsAdmin/node_modules/@opentelemetry/otlp-grpc-exporter-base': '/Users/thilinaweerasinghe/YELM Technologies/OruthotaChaletsAdmin/node_modules/@opentelemetry/.otlp-grpc-exporter-base-eiRp4XMe',
470 silly reify   '/Users/thilinaweerasinghe/YELM Technologies/OruthotaChaletsAdmin/node_modules/@opentelemetry/propagation-utils': '/Users/thilinaweerasinghe/YELM Technologies/OruthotaChaletsAdmin/node_modules/@opentelemetry/.propagation-utils-vBGv3ufQ',
470 silly reify   '/Users/thilinaweerasinghe/YELM Technologies/OruthotaChaletsAdmin/node_modules/@opentelemetry/propagator-aws-xray': '/Users/thilinaweerasinghe/YELM Technologies/OruthotaChaletsAdmin/node_modules/@opentelemetry/.propagator-aws-xray-o6ctkobO',
470 silly reify   '/Users/thilinaweerasinghe/YELM Technologies/OruthotaChaletsAdmin/node_modules/@opentelemetry/propagator-b3': '/Users/thilinaweerasinghe/YELM Technologies/OruthotaChaletsAdmin/node_modules/@opentelemetry/.propagator-b3-dVG7eO3G',
470 silly reify   '/Users/thilinaweerasinghe/YELM Technologies/OruthotaChaletsAdmin/node_modules/@opentelemetry/otlp-transformer': '/Users/thilinaweerasinghe/YELM Technologies/OruthotaChaletsAdmin/node_modules/@opentelemetry/.otlp-transformer-e6l31uRO',
470 silly reify   '/Users/thilinaweerasinghe/YELM Technologies/OruthotaChaletsAdmin/node_modules/@opentelemetry/propagator-jaeger': '/Users/thilinaweerasinghe/YELM Technologies/OruthotaChaletsAdmin/node_modules/@opentelemetry/.propagator-jaeger-Z1meXhFs',
470 silly reify   '/Users/thilinaweerasinghe/YELM Technologies/OruthotaChaletsAdmin/node_modules/@opentelemetry/redis-common': '/Users/thilinaweerasinghe/YELM Technologies/OruthotaChaletsAdmin/node_modules/@opentelemetry/.redis-common-lbKQ3adw',
470 silly reify   '/Users/thilinaweerasinghe/YELM Technologies/OruthotaChaletsAdmin/node_modules/@opentelemetry/resource-detector-alibaba-cloud': '/Users/thilinaweerasinghe/YELM Technologies/OruthotaChaletsAdmin/node_modules/@opentelemetry/.resource-detector-alibaba-cloud-cwmhFBVv',
470 silly reify   '/Users/thilinaweerasinghe/YELM Technologies/OruthotaChaletsAdmin/node_modules/@opentelemetry/resource-detector-azure': '/Users/thilinaweerasinghe/YELM Technologies/OruthotaChaletsAdmin/node_modules/@opentelemetry/.resource-detector-azure-QQL2ftxJ',
470 silly reify   '/Users/thilinaweerasinghe/YELM Technologies/OruthotaChaletsAdmin/node_modules/@opentelemetry/resource-detector-aws': '/Users/thilinaweerasinghe/YELM Technologies/OruthotaChaletsAdmin/node_modules/@opentelemetry/.resource-detector-aws-pVtXjVgj',
470 silly reify   '/Users/thilinaweerasinghe/YELM Technologies/OruthotaChaletsAdmin/node_modules/@opentelemetry/resource-detector-container': '/Users/thilinaweerasinghe/YELM Technologies/OruthotaChaletsAdmin/node_modules/@opentelemetry/.resource-detector-container-VWHCCojX',
470 silly reify   '/Users/thilinaweerasinghe/YELM Technologies/OruthotaChaletsAdmin/node_modules/@opentelemetry/resource-detector-gcp': '/Users/thilinaweerasinghe/YELM Technologies/OruthotaChaletsAdmin/node_modules/@opentelemetry/.resource-detector-gcp-YlyUIQBU',
470 silly reify   '/Users/thilinaweerasinghe/YELM Technologies/OruthotaChaletsAdmin/node_modules/@opentelemetry/resources': '/Users/thilinaweerasinghe/YELM Technologies/OruthotaChaletsAdmin/node_modules/@opentelemetry/.resources-zHkdX2pJ',
470 silly reify   '/Users/thilinaweerasinghe/YELM Technologies/OruthotaChaletsAdmin/node_modules/@opentelemetry/sdk-node': '/Users/thilinaweerasinghe/YELM Technologies/OruthotaChaletsAdmin/node_modules/@opentelemetry/.sdk-node-vw9toRHR',
470 silly reify   '/Users/thilinaweerasinghe/YELM Technologies/OruthotaChaletsAdmin/node_modules/@opentelemetry/sdk-metrics': '/Users/thilinaweerasinghe/YELM Technologies/OruthotaChaletsAdmin/node_modules/@opentelemetry/.sdk-metrics-9RtSXKlR',
470 silly reify   '/Users/thilinaweerasinghe/YELM Technologies/OruthotaChaletsAdmin/node_modules/@opentelemetry/sdk-logs': '/Users/thilinaweerasinghe/YELM Technologies/OruthotaChaletsAdmin/node_modules/@opentelemetry/.sdk-logs-tbC6ajG5',
470 silly reify   '/Users/thilinaweerasinghe/YELM Technologies/OruthotaChaletsAdmin/node_modules/@opentelemetry/sdk-trace-base': '/Users/thilinaweerasinghe/YELM Technologies/OruthotaChaletsAdmin/node_modules/@opentelemetry/.sdk-trace-base-zqRax0ht',
470 silly reify   '/Users/thilinaweerasinghe/YELM Technologies/OruthotaChaletsAdmin/node_modules/@opentelemetry/sdk-trace-node': '/Users/thilinaweerasinghe/YELM Technologies/OruthotaChaletsAdmin/node_modules/@opentelemetry/.sdk-trace-node-iZBylrJv',
470 silly reify   '/Users/thilinaweerasinghe/YELM Technologies/OruthotaChaletsAdmin/node_modules/@pkgjs/parseargs': '/Users/thilinaweerasinghe/YELM Technologies/OruthotaChaletsAdmin/node_modules/@pkgjs/.parseargs-NRWPWUJS',
470 silly reify   '/Users/thilinaweerasinghe/YELM Technologies/OruthotaChaletsAdmin/node_modules/@protobufjs/aspromise': '/Users/thilinaweerasinghe/YELM Technologies/OruthotaChaletsAdmin/node_modules/@protobufjs/.aspromise-6c5LhYv3',
470 silly reify   '/Users/thilinaweerasinghe/YELM Technologies/OruthotaChaletsAdmin/node_modules/@opentelemetry/sql-common': '/Users/thilinaweerasinghe/YELM Technologies/OruthotaChaletsAdmin/node_modules/@opentelemetry/.sql-common-73vWjIA4',
470 silly reify   '/Users/thilinaweerasinghe/YELM Technologies/OruthotaChaletsAdmin/node_modules/@protobufjs/base64': '/Users/thilinaweerasinghe/YELM Technologies/OruthotaChaletsAdmin/node_modules/@protobufjs/.base64-8pybzDUb',
470 silly reify   '/Users/thilinaweerasinghe/YELM Technologies/OruthotaChaletsAdmin/node_modules/@protobufjs/float': '/Users/thilinaweerasinghe/YELM Technologies/OruthotaChaletsAdmin/node_modules/@protobufjs/.float-q7ZzGbmr',
470 silly reify   '/Users/thilinaweerasinghe/YELM Technologies/OruthotaChaletsAdmin/node_modules/@protobufjs/path': '/Users/thilinaweerasinghe/YELM Technologies/OruthotaChaletsAdmin/node_modules/@protobufjs/.path-sujUmO6P',
470 silly reify   '/Users/thilinaweerasinghe/YELM Technologies/OruthotaChaletsAdmin/node_modules/@protobufjs/pool': '/Users/thilinaweerasinghe/YELM Technologies/OruthotaChaletsAdmin/node_modules/@protobufjs/.pool-dCAuVH18',
470 silly reify   '/Users/thilinaweerasinghe/YELM Technologies/OruthotaChaletsAdmin/node_modules/@standard-schema/utils': '/Users/thilinaweerasinghe/YELM Technologies/OruthotaChaletsAdmin/node_modules/@standard-schema/.utils-xNwZMXw7',
470 silly reify   '/Users/thilinaweerasinghe/YELM Technologies/OruthotaChaletsAdmin/node_modules/@supabase/ssr': '/Users/thilinaweerasinghe/YELM Technologies/OruthotaChaletsAdmin/node_modules/@supabase/.ssr-95l13OPl',
470 silly reify   '/Users/thilinaweerasinghe/YELM Technologies/OruthotaChaletsAdmin/node_modules/@swc/counter': '/Users/thilinaweerasinghe/YELM Technologies/OruthotaChaletsAdmin/node_modules/@swc/.counter-RnC38Ity',
470 silly reify   '/Users/thilinaweerasinghe/YELM Technologies/OruthotaChaletsAdmin/node_modules/@swc/helpers': '/Users/thilinaweerasinghe/YELM Technologies/OruthotaChaletsAdmin/node_modules/@swc/.helpers-bsuJTRLK',
470 silly reify   '/Users/thilinaweerasinghe/YELM Technologies/OruthotaChaletsAdmin/node_modules/@tsconfig/node12': '/Users/thilinaweerasinghe/YELM Technologies/OruthotaChaletsAdmin/node_modules/@tsconfig/.node12-kxQgQsqH',
470 silly reify   '/Users/thilinaweerasinghe/YELM Technologies/OruthotaChaletsAdmin/node_modules/@tsconfig/node14': '/Users/thilinaweerasinghe/YELM Technologies/OruthotaChaletsAdmin/node_modules/@tsconfig/.node14-MdDG22vd',
470 silly reify   '/Users/thilinaweerasinghe/YELM Technologies/OruthotaChaletsAdmin/node_modules/@tsconfig/node16': '/Users/thilinaweerasinghe/YELM Technologies/OruthotaChaletsAdmin/node_modules/@tsconfig/.node16-njwYSIZS',
470 silly reify   '/Users/thilinaweerasinghe/YELM Technologies/OruthotaChaletsAdmin/node_modules/@types/aws-lambda': '/Users/thilinaweerasinghe/YELM Technologies/OruthotaChaletsAdmin/node_modules/@types/.aws-lambda-CiH8Lb9R',
470 silly reify   '/Users/thilinaweerasinghe/YELM Technologies/OruthotaChaletsAdmin/node_modules/@types/bcryptjs': '/Users/thilinaweerasinghe/YELM Technologies/OruthotaChaletsAdmin/node_modules/@types/.bcryptjs-frqG7wMg',
470 silly reify   '/Users/thilinaweerasinghe/YELM Technologies/OruthotaChaletsAdmin/node_modules/@types/bunyan': '/Users/thilinaweerasinghe/YELM Technologies/OruthotaChaletsAdmin/node_modules/@types/.bunyan-MI5GTH4n',
470 silly reify   '/Users/thilinaweerasinghe/YELM Technologies/OruthotaChaletsAdmin/node_modules/@types/caseless': '/Users/thilinaweerasinghe/YELM Technologies/OruthotaChaletsAdmin/node_modules/@types/.caseless-ISTWxDps',
470 silly reify   '/Users/thilinaweerasinghe/YELM Technologies/OruthotaChaletsAdmin/node_modules/@types/connect': '/Users/thilinaweerasinghe/YELM Technologies/OruthotaChaletsAdmin/node_modules/@types/.connect-LU7MT0pK',
470 silly reify   '/Users/thilinaweerasinghe/YELM Technologies/OruthotaChaletsAdmin/node_modules/@types/d3-ease': '/Users/thilinaweerasinghe/YELM Technologies/OruthotaChaletsAdmin/node_modules/@types/.d3-ease-7e48QCNe',
470 silly reify   '/Users/thilinaweerasinghe/YELM Technologies/OruthotaChaletsAdmin/node_modules/@types/d3-color': '/Users/thilinaweerasinghe/YELM Technologies/OruthotaChaletsAdmin/node_modules/@types/.d3-color-UUXa3a3k',
470 silly reify   '/Users/thilinaweerasinghe/YELM Technologies/OruthotaChaletsAdmin/node_modules/@types/d3-interpolate': '/Users/thilinaweerasinghe/YELM Technologies/OruthotaChaletsAdmin/node_modules/@types/.d3-interpolate-sXSZ9A11',
470 silly reify   '/Users/thilinaweerasinghe/YELM Technologies/OruthotaChaletsAdmin/node_modules/@types/d3-scale': '/Users/thilinaweerasinghe/YELM Technologies/OruthotaChaletsAdmin/node_modules/@types/.d3-scale-IeIorfYM',
470 silly reify   '/Users/thilinaweerasinghe/YELM Technologies/OruthotaChaletsAdmin/node_modules/@types/d3-timer': '/Users/thilinaweerasinghe/YELM Technologies/OruthotaChaletsAdmin/node_modules/@types/.d3-timer-AN0gluH9',
470 silly reify   '/Users/thilinaweerasinghe/YELM Technologies/OruthotaChaletsAdmin/node_modules/@types/d3-time': '/Users/thilinaweerasinghe/YELM Technologies/OruthotaChaletsAdmin/node_modules/@types/.d3-time-mN8dJ516',
470 silly reify   '/Users/thilinaweerasinghe/YELM Technologies/OruthotaChaletsAdmin/node_modules/@types/jsonwebtoken': '/Users/thilinaweerasinghe/YELM Technologies/OruthotaChaletsAdmin/node_modules/@types/.jsonwebtoken-eadm1Kui',
470 silly reify   '/Users/thilinaweerasinghe/YELM Technologies/OruthotaChaletsAdmin/node_modules/@types/long': '/Users/thilinaweerasinghe/YELM Technologies/OruthotaChaletsAdmin/node_modules/@types/.long-tFVZmvWD',
470 silly reify   '/Users/thilinaweerasinghe/YELM Technologies/OruthotaChaletsAdmin/node_modules/@types/memcached': '/Users/thilinaweerasinghe/YELM Technologies/OruthotaChaletsAdmin/node_modules/@types/.memcached-fu9dDNUm',
470 silly reify   '/Users/thilinaweerasinghe/YELM Technologies/OruthotaChaletsAdmin/node_modules/@types/ms': '/Users/thilinaweerasinghe/YELM Technologies/OruthotaChaletsAdmin/node_modules/@types/.ms-VefwbzqX',
470 silly reify   '/Users/thilinaweerasinghe/YELM Technologies/OruthotaChaletsAdmin/node_modules/@types/mysql': '/Users/thilinaweerasinghe/YELM Technologies/OruthotaChaletsAdmin/node_modules/@types/.mysql-uW8fobQV',
470 silly reify   '/Users/thilinaweerasinghe/YELM Technologies/OruthotaChaletsAdmin/node_modules/@types/pg-pool': '/Users/thilinaweerasinghe/YELM Technologies/OruthotaChaletsAdmin/node_modules/@types/.pg-pool-iwMs3oB8',
470 silly reify   '/Users/thilinaweerasinghe/YELM Technologies/OruthotaChaletsAdmin/node_modules/@types/pg': '/Users/thilinaweerasinghe/YELM Technologies/OruthotaChaletsAdmin/node_modules/@types/.pg-U5pmlV9w',
470 silly reify   '/Users/thilinaweerasinghe/YELM Technologies/OruthotaChaletsAdmin/node_modules/@types/recharts': '/Users/thilinaweerasinghe/YELM Technologies/OruthotaChaletsAdmin/node_modules/@types/.recharts-x6zkvf13',
470 silly reify   '/Users/thilinaweerasinghe/YELM Technologies/OruthotaChaletsAdmin/node_modules/@types/request': '/Users/thilinaweerasinghe/YELM Technologies/OruthotaChaletsAdmin/node_modules/@types/.request-3BNd7ZgA',
470 silly reify   '/Users/thilinaweerasinghe/YELM Technologies/OruthotaChaletsAdmin/node_modules/@types/shimmer': '/Users/thilinaweerasinghe/YELM Technologies/OruthotaChaletsAdmin/node_modules/@types/.shimmer-aCYnsNhG',
470 silly reify   '/Users/thilinaweerasinghe/YELM Technologies/OruthotaChaletsAdmin/node_modules/@types/tedious': '/Users/thilinaweerasinghe/YELM Technologies/OruthotaChaletsAdmin/node_modules/@types/.tedious-aynWqSGz',
470 silly reify   '/Users/thilinaweerasinghe/YELM Technologies/OruthotaChaletsAdmin/node_modules/@types/tough-cookie': '/Users/thilinaweerasinghe/YELM Technologies/OruthotaChaletsAdmin/node_modules/@types/.tough-cookie-FvEP1fmN',
470 silly reify   '/Users/thilinaweerasinghe/YELM Technologies/OruthotaChaletsAdmin/node_modules/@types/triple-beam': '/Users/thilinaweerasinghe/YELM Technologies/OruthotaChaletsAdmin/node_modules/@types/.triple-beam-WsHjYp3R',
470 silly reify   '/Users/thilinaweerasinghe/YELM Technologies/OruthotaChaletsAdmin/node_modules/@yarnpkg/lockfile': '/Users/thilinaweerasinghe/YELM Technologies/OruthotaChaletsAdmin/node_modules/@yarnpkg/.lockfile-9kxKSVKP',
470 silly reify   '/Users/thilinaweerasinghe/YELM Technologies/OruthotaChaletsAdmin/node_modules/eventid/node_modules/uuid': '/Users/thilinaweerasinghe/YELM Technologies/OruthotaChaletsAdmin/node_modules/eventid/node_modules/.uuid-VgckqqI0',
470 silly reify   '/Users/thilinaweerasinghe/YELM Technologies/OruthotaChaletsAdmin/node_modules/exceljs/node_modules/uuid': '/Users/thilinaweerasinghe/YELM Technologies/OruthotaChaletsAdmin/node_modules/exceljs/node_modules/.uuid-zKqoJwFF',
470 silly reify   '/Users/thilinaweerasinghe/YELM Technologies/OruthotaChaletsAdmin/node_modules/firebase-admin/node_modules/uuid': '/Users/thilinaweerasinghe/YELM Technologies/OruthotaChaletsAdmin/node_modules/firebase-admin/node_modules/.uuid-llIk29ap',
470 silly reify   '/Users/thilinaweerasinghe/YELM Technologies/OruthotaChaletsAdmin/node_modules/jaeger-client/node_modules/uuid': '/Users/thilinaweerasinghe/YELM Technologies/OruthotaChaletsAdmin/node_modules/jaeger-client/node_modules/.uuid-M4aBORSp',
470 silly reify   '/Users/thilinaweerasinghe/YELM Technologies/OruthotaChaletsAdmin/node_modules/make-dir/node_modules/semver': '/Users/thilinaweerasinghe/YELM Technologies/OruthotaChaletsAdmin/node_modules/make-dir/node_modules/.semver-zUEZnus0',
470 silly reify   '/Users/thilinaweerasinghe/YELM Technologies/OruthotaChaletsAdmin/node_modules/send/node_modules/mime': '/Users/thilinaweerasinghe/YELM Technologies/OruthotaChaletsAdmin/node_modules/send/node_modules/.mime-9WmgeDKP',
470 silly reify   '/Users/thilinaweerasinghe/YELM Technologies/OruthotaChaletsAdmin/node_modules/teeny-request/node_modules/uuid': '/Users/thilinaweerasinghe/YELM Technologies/OruthotaChaletsAdmin/node_modules/teeny-request/node_modules/.uuid-AxKlrp4m',
470 silly reify   '/Users/thilinaweerasinghe/YELM Technologies/OruthotaChaletsAdmin/node_modules/@genkit-ai/tools-common/node_modules/uuid': '/Users/thilinaweerasinghe/YELM Technologies/OruthotaChaletsAdmin/node_modules/@genkit-ai/tools-common/node_modules/.uuid-iznb1u7x',
470 silly reify   '/Users/thilinaweerasinghe/YELM Technologies/OruthotaChaletsAdmin/node_modules/@google-cloud/storage/node_modules/uuid': '/Users/thilinaweerasinghe/YELM Technologies/OruthotaChaletsAdmin/node_modules/@google-cloud/storage/node_modules/.uuid-3J0YJXLv',
470 silly reify   '/Users/thilinaweerasinghe/YELM Technologies/OruthotaChaletsAdmin/node_modules/@grpc/grpc-js/node_modules/@grpc/proto-loader': '/Users/thilinaweerasinghe/YELM Technologies/OruthotaChaletsAdmin/node_modules/@grpc/grpc-js/node_modules/@grpc/.proto-loader-ZJtrDe12',
470 silly reify   '/Users/thilinaweerasinghe/YELM Technologies/OruthotaChaletsAdmin/node_modules/@google-cloud/logging/node_modules/uuid': '/Users/thilinaweerasinghe/YELM Technologies/OruthotaChaletsAdmin/node_modules/@google-cloud/logging/node_modules/.uuid-UodCFqTB'
470 silly reify }
471 silly audit bulk request {
471 silly audit   '@alloc/quick-lru': [ '5.2.0' ],
471 silly audit   '@asteasolutions/zod-to-openapi': [ '7.3.4' ],
471 silly audit   '@babel/runtime': [ '7.26.9' ],
471 silly audit   '@colors/colors': [ '1.6.0' ],
471 silly audit   '@cspotcode/source-map-support': [ '0.8.1' ],
471 silly audit   '@jridgewell/trace-mapping': [ '0.3.9', '0.3.25' ],
471 silly audit   '@dabh/diagnostics': [ '2.0.3' ],
471 silly audit   '@dnd-kit/accessibility': [ '3.1.1' ],
471 silly audit   '@dnd-kit/core': [ '6.3.1' ],
471 silly audit   '@dnd-kit/modifiers': [ '7.0.0' ],
471 silly audit   '@dnd-kit/sortable': [ '8.0.0' ],
471 silly audit   '@dnd-kit/utilities': [ '3.2.2' ],
471 silly audit   '@ecies/ciphers': [ '0.2.6' ],
471 silly audit   '@emnapi/runtime': [ '1.4.3' ],
471 silly audit   '@esbuild/aix-ppc64': [ '0.25.10' ],
471 silly audit   '@esbuild/android-arm': [ '0.25.10' ],
471 silly audit   '@esbuild/android-arm64': [ '0.25.10' ],
471 silly audit   '@esbuild/android-x64': [ '0.25.10' ],
471 silly audit   '@esbuild/darwin-arm64': [ '0.25.10' ],
471 silly audit   '@esbuild/darwin-x64': [ '0.25.10' ],
471 silly audit   '@esbuild/freebsd-arm64': [ '0.25.10' ],
471 silly audit   '@esbuild/freebsd-x64': [ '0.25.10' ],
471 silly audit   '@esbuild/linux-arm': [ '0.25.10' ],
471 silly audit   '@esbuild/linux-arm64': [ '0.25.10' ],
471 silly audit   '@esbuild/linux-ia32': [ '0.25.10' ],
471 silly audit   '@esbuild/linux-loong64': [ '0.25.10' ],
471 silly audit   '@esbuild/linux-mips64el': [ '0.25.10' ],
471 silly audit   '@esbuild/linux-ppc64': [ '0.25.10' ],
471 silly audit   '@esbuild/linux-riscv64': [ '0.25.10' ],
471 silly audit   '@esbuild/linux-s390x': [ '0.25.10' ],
471 silly audit   '@esbuild/linux-x64': [ '0.25.10' ],
471 silly audit   '@esbuild/netbsd-arm64': [ '0.25.10' ],
471 silly audit   '@esbuild/netbsd-x64': [ '0.25.10' ],
471 silly audit   '@esbuild/openbsd-arm64': [ '0.25.10' ],
471 silly audit   '@esbuild/openbsd-x64': [ '0.25.10' ],
471 silly audit   '@esbuild/openharmony-arm64': [ '0.25.10' ],
471 silly audit   '@esbuild/sunos-x64': [ '0.25.10' ],
471 silly audit   '@esbuild/win32-arm64': [ '0.25.10' ],
471 silly audit   '@esbuild/win32-ia32': [ '0.25.10' ],
471 silly audit   '@esbuild/win32-x64': [ '0.25.10' ],
471 silly audit   '@fast-csv/format': [ '4.3.5' ],
471 silly audit   '@types/node': [ '14.18.63', '20.17.17', '22.18.6' ],
471 silly audit   '@fast-csv/parse': [ '4.3.6' ],
471 silly audit   '@fastify/busboy': [ '3.2.0' ],
471 silly audit   '@firebase/app-check-interop-types': [ '0.3.3' ],
471 silly audit   '@firebase/app-types': [ '0.9.3' ],
471 silly audit   '@firebase/auth-interop-types': [ '0.2.4' ],
471 silly audit   '@firebase/component': [ '0.6.17' ],
471 silly audit   '@firebase/database': [ '1.0.19' ],
471 silly audit   '@firebase/database-compat': [ '2.0.10' ],
471 silly audit   '@firebase/database-types': [ '1.0.14' ],
471 silly audit   '@firebase/logger': [ '0.4.4' ],
471 silly audit   '@firebase/util': [ '1.12.0' ],
471 silly audit   '@floating-ui/core': [ '1.6.9' ],
471 silly audit   '@floating-ui/dom': [ '1.6.13' ],
471 silly audit   '@floating-ui/react-dom': [ '2.1.2' ],
471 silly audit   '@floating-ui/utils': [ '0.2.9' ],
471 silly audit   '@genkit-ai/ai': [ '1.20.0' ],
471 silly audit   '@genkit-ai/core': [ '1.20.0' ],
471 silly audit   '@genkit-ai/firebase': [ '1.20.0' ],
471 silly audit   '@genkit-ai/google-cloud': [ '1.20.0' ],
471 silly audit   '@genkit-ai/google-genai': [ '1.20.0' ],
471 silly audit   '@genkit-ai/next': [ '1.20.0' ],
471 silly audit   '@genkit-ai/telemetry-server': [ '1.20.0' ],
471 silly audit   '@genkit-ai/tools-common': [ '1.20.0' ],
471 silly audit   commander: [ '11.1.0', '4.1.1' ],
471 silly audit   uuid: [ '9.0.1', '8.3.2', '11.1.0', '10.0.0' ],
471 silly audit   '@google-cloud/common': [ '5.0.2' ],
471 silly audit   '@google-cloud/firestore': [ '7.11.6' ],
471 silly audit   '@google-cloud/logging': [ '11.2.1' ],
471 silly audit   '@google-cloud/logging-winston': [ '6.0.1' ],
471 silly audit   '@google-cloud/opentelemetry-cloud-monitoring-exporter': [ '0.19.0' ],
471 silly audit   '@google-cloud/opentelemetry-cloud-trace-exporter': [ '2.4.1' ],
471 silly audit   '@google-cloud/opentelemetry-resource-util': [ '2.4.0' ],
471 silly audit   '@google-cloud/paginator': [ '5.0.2' ],
471 silly audit   '@google-cloud/precise-date': [ '4.0.0' ],
471 silly audit   '@google-cloud/projectify': [ '4.0.0' ],
471 silly audit   '@google-cloud/promisify': [ '4.0.0' ],
471 silly audit   '@google-cloud/storage': [ '7.17.1' ],
471 silly audit   '@grpc/grpc-js': [ '1.14.0' ],
471 silly audit   '@grpc/proto-loader': [ '0.8.0', '0.7.13' ],
471 silly audit   '@hookform/resolvers': [ '4.1.3' ],
471 silly audit   '@img/sharp-darwin-arm64': [ '0.34.2' ],
471 silly audit   '@img/sharp-darwin-x64': [ '0.34.2' ],
471 silly audit   '@img/sharp-libvips-darwin-arm64': [ '1.1.0' ],
471 silly audit   '@img/sharp-libvips-darwin-x64': [ '1.1.0' ],
471 silly audit   '@img/sharp-libvips-linux-arm': [ '1.1.0' ],
471 silly audit   '@img/sharp-libvips-linux-arm64': [ '1.1.0' ],
471 silly audit   '@img/sharp-libvips-linux-ppc64': [ '1.1.0' ],
471 silly audit   '@img/sharp-libvips-linux-s390x': [ '1.1.0' ],
471 silly audit   '@img/sharp-libvips-linux-x64': [ '1.1.0' ],
471 silly audit   '@img/sharp-libvips-linuxmusl-arm64': [ '1.1.0' ],
471 silly audit   '@img/sharp-libvips-linuxmusl-x64': [ '1.1.0' ],
471 silly audit   '@img/sharp-linux-arm': [ '0.34.2' ],
471 silly audit   '@img/sharp-linux-arm64': [ '0.34.2' ],
471 silly audit   '@img/sharp-linux-s390x': [ '0.34.2' ],
471 silly audit   '@img/sharp-linux-x64': [ '0.34.2' ],
471 silly audit   '@img/sharp-linuxmusl-arm64': [ '0.34.2' ],
471 silly audit   '@img/sharp-linuxmusl-x64': [ '0.34.2' ],
471 silly audit   '@img/sharp-wasm32': [ '0.34.2' ],
471 silly audit   '@img/sharp-win32-arm64': [ '0.34.2' ],
471 silly audit   '@img/sharp-win32-ia32': [ '0.34.2' ],
471 silly audit   '@img/sharp-win32-x64': [ '0.34.2' ],
471 silly audit   '@inquirer/ansi': [ '1.0.0' ],
471 silly audit   '@inquirer/checkbox': [ '4.2.4' ],
471 silly audit   '@inquirer/confirm': [ '5.1.18' ],
471 silly audit   '@inquirer/core': [ '10.2.2' ],
471 silly audit   'ansi-regex': [ '5.0.1', '6.1.0' ],
471 silly audit   'ansi-styles': [ '4.3.0', '6.2.1' ],
471 silly audit   'emoji-regex': [ '8.0.0', '9.2.2' ],
471 silly audit   'string-width': [ '4.2.3', '5.1.2' ],
471 silly audit   'strip-ansi': [ '6.0.1', '7.1.0' ],
471 silly audit   'wrap-ansi': [ '6.2.0', '7.0.0', '8.1.0' ],
471 silly audit   '@inquirer/editor': [ '4.2.20' ],
471 silly audit   '@inquirer/expand': [ '4.0.20' ],
471 silly audit   '@inquirer/external-editor': [ '1.0.2' ],
471 silly audit   'iconv-lite': [ '0.7.0', '0.6.3', '0.4.24' ],
471 silly audit   '@inquirer/figures': [ '1.0.13' ],
471 silly audit   '@inquirer/input': [ '4.2.4' ],
471 silly audit   '@inquirer/number': [ '3.0.20' ],
471 silly audit   '@inquirer/password': [ '4.0.20' ],
471 silly audit   '@inquirer/prompts': [ '7.8.6' ],
471 silly audit   '@inquirer/rawlist': [ '4.1.8' ],
471 silly audit   '@inquirer/search': [ '3.1.3' ],
471 silly audit   '@inquirer/select': [ '4.3.4' ],
471 silly audit   '@inquirer/type': [ '3.0.8' ],
471 silly audit   '@isaacs/cliui': [ '8.0.2' ],
471 silly audit   '@jridgewell/gen-mapping': [ '0.3.8' ],
471 silly audit   '@jridgewell/resolve-uri': [ '3.1.2' ],
471 silly audit   '@jridgewell/set-array': [ '1.2.1' ],
471 silly audit   '@jridgewell/sourcemap-codec': [ '1.5.0' ],
471 silly audit   '@js-sdsl/ordered-map': [ '4.4.2' ],
471 silly audit   '@modelcontextprotocol/sdk': [ '1.18.2' ],
471 silly audit   accepts: [ '2.0.0', '1.3.8' ],
471 silly audit   ajv: [ '6.12.6', '8.17.1' ],
471 silly audit   'body-parser': [ '2.2.0', '1.20.3' ],
471 silly audit   'content-disposition': [ '1.0.0', '0.5.4' ],
471 silly audit   'cookie-signature': [ '1.2.2', '1.0.6' ],
471 silly audit   debug: [ '4.4.3', '2.6.9', '4.4.0' ],
471 silly audit   express: [ '5.1.0', '4.21.2' ],
471 silly audit   finalhandler: [ '2.1.0', '1.3.1' ],
471 silly audit   fresh: [ '2.0.0', '0.5.2' ],
471 silly audit   'json-schema-traverse': [ '0.4.1', '1.0.0' ],
471 silly audit   'media-typer': [ '1.1.0', '0.3.0' ],
471 silly audit   'merge-descriptors': [ '2.0.0', '1.0.3' ],
471 silly audit   'mime-db': [ '1.54.0', '1.52.0' ],
471 silly audit   'mime-types': [ '3.0.1', '2.1.35' ],
471 silly audit   ms: [ '2.1.3', '2.0.0' ],
471 silly audit   negotiator: [ '1.0.0', '0.6.3' ],
471 silly audit   qs: [ '6.14.0', '6.13.0' ],
471 silly audit   'raw-body': [ '3.0.1', '2.5.2' ],
471 silly audit   send: [ '1.2.0', '0.19.0' ],
471 silly audit   'serve-static': [ '2.2.0', '1.16.2' ],
471 silly audit   'type-is': [ '2.0.1', '1.6.18' ],
471 silly audit   '@next/env': [ '15.3.8' ],
471 silly audit   '@next/swc-darwin-x64': [ '15.3.5' ],
471 silly audit   '@next/swc-linux-arm64-gnu': [ '15.3.5' ],
471 silly audit   '@next/swc-linux-arm64-musl': [ '15.3.5' ],
471 silly audit   '@next/swc-linux-x64-gnu': [ '15.3.5' ],
471 silly audit   '@next/swc-linux-x64-musl': [ '15.3.5' ],
471 silly audit   '@next/swc-win32-arm64-msvc': [ '15.3.5' ],
471 silly audit   '@next/swc-win32-x64-msvc': [ '15.3.5' ],
471 silly audit   '@noble/ciphers': [ '1.3.0' ],
471 silly audit   '@noble/curves': [ '1.9.7' ],
471 silly audit   '@noble/hashes': [ '1.8.0' ],
471 silly audit   '@nodelib/fs.scandir': [ '2.1.5' ],
471 silly audit   '@nodelib/fs.stat': [ '2.0.5' ],
471 silly audit   '@nodelib/fs.walk': [ '1.2.8' ],
471 silly audit   '@opentelemetry/api': [ '1.9.0' ],
471 silly audit   '@opentelemetry/api-logs': [ '0.52.1' ],
471 silly audit   '@opentelemetry/auto-instrumentations-node': [ '0.49.2' ],
471 silly audit   '@opentelemetry/context-async-hooks': [ '1.25.1' ],
471 silly audit   '@opentelemetry/core': [ '1.25.1', '1.30.1' ],
471 silly audit   '@opentelemetry/semantic-conventions': [ '1.25.1', '1.28.0', '1.37.0' ],
471 silly audit   '@opentelemetry/exporter-jaeger': [ '1.30.1' ],
471 silly audit   '@opentelemetry/resources': [ '1.30.1', '1.25.1' ],
471 silly audit   '@opentelemetry/sdk-trace-base': [ '1.30.1', '1.25.1' ],
471 silly audit   '@opentelemetry/exporter-trace-otlp-grpc': [ '0.52.1' ],
471 silly audit   '@opentelemetry/exporter-trace-otlp-http': [ '0.52.1' ],
471 silly audit   '@opentelemetry/exporter-trace-otlp-proto': [ '0.52.1' ],
471 silly audit   '@opentelemetry/exporter-zipkin': [ '1.25.1' ],
471 silly audit   '@opentelemetry/instrumentation': [ '0.52.1' ],
471 silly audit   '@opentelemetry/instrumentation-amqplib': [ '0.41.0' ],
471 silly audit   '@opentelemetry/instrumentation-aws-lambda': [ '0.43.0' ],
471 silly audit   '@opentelemetry/instrumentation-aws-sdk': [ '0.43.1' ],
471 silly audit   '@opentelemetry/instrumentation-bunyan': [ '0.40.0' ],
471 silly audit   '@opentelemetry/instrumentation-cassandra-driver': [ '0.40.0' ],
471 silly audit   '@opentelemetry/instrumentation-connect': [ '0.38.0' ],
471 silly audit   '@opentelemetry/instrumentation-cucumber': [ '0.8.0' ],
471 silly audit   '@opentelemetry/instrumentation-dataloader': [ '0.11.0' ],
471 silly audit   '@opentelemetry/instrumentation-dns': [ '0.38.0' ],
471 silly audit   '@opentelemetry/instrumentation-express': [ '0.41.1' ],
471 silly audit   '@opentelemetry/instrumentation-fastify': [ '0.38.0' ],
471 silly audit   '@opentelemetry/instrumentation-fs': [ '0.14.0' ],
471 silly audit   '@opentelemetry/instrumentation-generic-pool': [ '0.38.1' ],
471 silly audit   '@opentelemetry/instrumentation-graphql': [ '0.42.0' ],
471 silly audit   '@opentelemetry/instrumentation-grpc': [ '0.52.1' ],
471 silly audit   '@opentelemetry/instrumentation-hapi': [ '0.40.0' ],
471 silly audit   '@opentelemetry/instrumentation-http': [ '0.52.1' ],
471 silly audit   '@opentelemetry/instrumentation-ioredis': [ '0.42.0' ],
471 silly audit   '@opentelemetry/instrumentation-kafkajs': [ '0.2.0' ],
471 silly audit   '@opentelemetry/instrumentation-knex': [ '0.39.0' ],
471 silly audit   '@opentelemetry/instrumentation-koa': [ '0.42.0' ],
471 silly audit   '@opentelemetry/instrumentation-lru-memoizer': [ '0.39.0' ],
471 silly audit   '@opentelemetry/instrumentation-memcached': [ '0.38.0' ],
471 silly audit   '@opentelemetry/instrumentation-mongodb': [ '0.46.0' ],
471 silly audit   '@opentelemetry/instrumentation-mongoose': [ '0.41.0' ],
471 silly audit   '@opentelemetry/instrumentation-mysql': [ '0.40.0' ],
471 silly audit   '@opentelemetry/instrumentation-mysql2': [ '0.40.0' ],
471 silly audit   '@opentelemetry/instrumentation-nestjs-core': [ '0.39.0' ],
471 silly audit   '@opentelemetry/instrumentation-net': [ '0.38.0' ],
471 silly audit   '@opentelemetry/instrumentation-pg': [ '0.43.0' ],
471 silly audit   '@opentelemetry/instrumentation-pino': [ '0.41.0' ],
471 silly audit   '@opentelemetry/instrumentation-redis': [ '0.41.0' ],
471 silly audit   '@opentelemetry/instrumentation-redis-4': [ '0.41.1' ],
471 silly audit   '@opentelemetry/instrumentation-restify': [ '0.40.0' ],
471 silly audit   '@opentelemetry/instrumentation-router': [ '0.39.0' ],
471 silly audit   '@opentelemetry/instrumentation-socket.io': [ '0.41.0' ],
471 silly audit   '@opentelemetry/instrumentation-tedious': [ '0.13.0' ],
471 silly audit   '@opentelemetry/instrumentation-undici': [ '0.5.0' ],
471 silly audit   '@opentelemetry/instrumentation-winston': [ '0.39.0' ],
471 silly audit   '@opentelemetry/otlp-exporter-base': [ '0.52.1' ],
471 silly audit   '@opentelemetry/otlp-grpc-exporter-base': [ '0.52.1' ],
471 silly audit   '@opentelemetry/otlp-transformer': [ '0.52.1' ],
471 silly audit   '@opentelemetry/propagation-utils': [ '0.30.16' ],
471 silly audit   '@opentelemetry/propagator-aws-xray': [ '1.26.2' ],
471 silly audit   '@opentelemetry/propagator-b3': [ '1.25.1' ],
471 silly audit   '@opentelemetry/propagator-jaeger': [ '1.25.1' ],
471 silly audit   '@opentelemetry/redis-common': [ '0.36.2' ],
471 silly audit   '@opentelemetry/resource-detector-alibaba-cloud': [ '0.29.7' ],
471 silly audit   '@opentelemetry/resource-detector-aws': [ '1.12.0' ],
471 silly audit   '@opentelemetry/resource-detector-azure': [ '0.2.12' ],
471 silly audit   '@opentelemetry/resource-detector-container': [ '0.4.4' ],
471 silly audit   '@opentelemetry/resource-detector-gcp': [ '0.29.13' ],
471 silly audit   '@opentelemetry/sdk-logs': [ '0.52.1' ],
471 silly audit   '@opentelemetry/sdk-metrics': [ '1.25.1' ],
471 silly audit   '@opentelemetry/sdk-node': [ '0.52.1' ],
471 silly audit   '@opentelemetry/sdk-trace-node': [ '1.25.1' ],
471 silly audit   '@opentelemetry/sql-common': [ '0.40.1' ],
471 silly audit   '@pkgjs/parseargs': [ '0.11.0' ],
471 silly audit   '@protobufjs/aspromise': [ '1.1.2' ],
471 silly audit   '@protobufjs/base64': [ '1.1.2' ],
471 silly audit   '@protobufjs/codegen': [ '2.0.4' ],
471 silly audit   '@protobufjs/eventemitter': [ '1.1.0' ],
471 silly audit   '@protobufjs/fetch': [ '1.1.0' ],
471 silly audit   '@protobufjs/float': [ '1.0.2' ],
471 silly audit   '@protobufjs/inquire': [ '1.1.0' ],
471 silly audit   '@protobufjs/path': [ '1.1.2' ],
471 silly audit   '@protobufjs/pool': [ '1.1.0' ],
471 silly audit   '@protobufjs/utf8': [ '1.1.0' ],
471 silly audit   '@radix-ui/number': [ '1.1.0' ],
471 silly audit   '@radix-ui/primitive': [ '1.1.1', '1.1.2', '1.1.3' ],
471 silly audit   '@radix-ui/react-accordion': [ '1.2.3' ],
471 silly audit   '@radix-ui/react-collapsible': [ '1.1.3', '1.1.11' ],
471 silly audit   '@radix-ui/react-alert-dialog': [ '1.1.6' ],
471 silly audit   '@radix-ui/react-dialog': [ '1.1.6', '1.1.15' ],
471 silly audit   '@radix-ui/react-slot': [ '1.1.2', '1.2.3' ],
471 silly audit   '@radix-ui/react-arrow': [ '1.1.2' ],
471 silly audit   '@radix-ui/react-avatar': [ '1.1.3' ],
471 silly audit   '@radix-ui/react-checkbox': [ '1.1.4' ],
471 silly audit   '@radix-ui/react-compose-refs': [ '1.1.2', '1.1.1' ],
471 silly audit   '@radix-ui/react-context': [ '1.1.2', '1.1.1' ],
471 silly audit   '@radix-ui/react-id': [ '1.1.1', '1.1.0' ],
471 silly audit   '@radix-ui/react-presence': [ '1.1.4', '1.1.5', '1.1.2' ],
471 silly audit   '@radix-ui/react-primitive': [ '2.1.3', '2.0.2' ],
471 silly audit   '@radix-ui/react-use-controllable-state': [ '1.2.2', '1.1.0' ],
471 silly audit   '@radix-ui/react-use-layout-effect': [ '1.1.1', '1.1.0' ],
471 silly audit   '@radix-ui/react-collection': [ '1.1.2' ],
471 silly audit   '@radix-ui/react-dismissable-layer': [ '1.1.11', '1.1.5' ],
471 silly audit   '@radix-ui/react-focus-guards': [ '1.1.3', '1.1.1' ],
471 silly audit   '@radix-ui/react-focus-scope': [ '1.1.7', '1.1.2' ],
471 silly audit   '@radix-ui/react-portal': [ '1.1.9', '1.1.4' ],
471 silly audit   '@radix-ui/react-use-callback-ref': [ '1.1.1', '1.1.0' ],
471 silly audit   '@radix-ui/react-use-escape-keydown': [ '1.1.1', '1.1.0' ],
471 silly audit   '@radix-ui/react-direction': [ '1.1.0' ],
471 silly audit   '@radix-ui/react-dropdown-menu': [ '2.1.6' ],
471 silly audit   '@radix-ui/react-label': [ '2.1.2' ],
471 silly audit   '@radix-ui/react-menu': [ '2.1.6' ],
471 silly audit   '@radix-ui/react-menubar': [ '1.1.6' ],
471 silly audit   '@radix-ui/react-popover': [ '1.1.6' ],
471 silly audit   '@radix-ui/react-popper': [ '1.2.2' ],
471 silly audit   '@radix-ui/react-progress': [ '1.1.2' ],
471 silly audit   '@radix-ui/react-radio-group': [ '1.2.3' ],
471 silly audit   '@radix-ui/react-roving-focus': [ '1.1.2' ],
471 silly audit   '@radix-ui/react-scroll-area': [ '1.2.3' ],
471 silly audit   '@radix-ui/react-select': [ '2.1.6' ],
471 silly audit   '@radix-ui/react-separator': [ '1.1.2' ],
471 silly audit   '@radix-ui/react-slider': [ '1.2.3' ],
471 silly audit   '@radix-ui/react-switch': [ '1.1.3' ],
471 silly audit   '@radix-ui/react-tabs': [ '1.1.3' ],
471 silly audit   '@radix-ui/react-toast': [ '1.2.6' ],
471 silly audit   '@radix-ui/react-tooltip': [ '1.1.8' ],
471 silly audit   '@radix-ui/react-use-effect-event': [ '0.0.2' ],
471 silly audit   '@radix-ui/react-use-previous': [ '1.1.0' ],
471 silly audit   '@radix-ui/react-use-rect': [ '1.1.0' ],
471 silly audit   '@radix-ui/react-use-size': [ '1.1.0' ],
471 silly audit   '@radix-ui/react-visually-hidden': [ '1.1.2' ],
471 silly audit   '@radix-ui/rect': [ '1.1.0' ],
471 silly audit   '@standard-schema/utils': [ '0.3.0' ],
471 silly audit   '@supabase/auth-js': [ '2.93.1' ],
471 silly audit   '@supabase/cli-darwin-arm64': [ '2.117.0' ],
471 silly audit   '@supabase/cli-darwin-x64': [ '2.117.0' ],
471 silly audit   '@supabase/cli-linux-arm64': [ '2.117.0' ],
471 silly audit   '@supabase/cli-linux-arm64-musl': [ '2.117.0' ],
471 silly audit   '@supabase/cli-linux-x64': [ '2.117.0' ],
471 silly audit   '@supabase/cli-linux-x64-musl': [ '2.117.0' ],
471 silly audit   '@supabase/cli-windows-arm64': [ '2.117.0' ],
471 silly audit   '@supabase/cli-windows-x64': [ '2.117.0' ],
471 silly audit   '@supabase/functions-js': [ '2.93.1' ],
471 silly audit   '@supabase/postgrest-js': [ '2.93.1' ],
471 silly audit   '@supabase/realtime-js': [ '2.93.1' ],
471 silly audit   '@supabase/ssr': [ '0.8.0' ],
471 silly audit   cookie: [ '1.1.1', '0.7.1' ],
471 silly audit   '@supabase/storage-js': [ '2.93.1' ],
471 silly audit   '@supabase/supabase-js': [ '2.93.1' ],
471 silly audit   '@swc/counter': [ '0.1.3' ],
471 silly audit   '@swc/helpers': [ '0.5.15' ],
471 silly audit   '@tootallnate/once': [ '2.0.0' ],
471 silly audit   '@trpc/server': [ '10.45.2' ],
471 silly audit   '@tsconfig/node10': [ '1.0.11' ],
471 silly audit   '@tsconfig/node12': [ '1.0.11' ],
471 silly audit   '@tsconfig/node14': [ '1.0.3' ],
471 silly audit   '@tsconfig/node16': [ '1.0.4' ],
471 silly audit   '@types/aws-lambda': [ '8.10.122' ],
471 silly audit   '@types/bcryptjs': [ '2.4.6' ],
471 silly audit   '@types/body-parser': [ '1.19.6' ],
471 silly audit   '@types/bunyan': [ '1.8.9' ],
471 silly audit   '@types/caseless': [ '0.12.5' ],
471 silly audit   '@types/connect': [ '3.4.36' ],
471 silly audit   '@types/d3-array': [ '3.2.1' ],
471 silly audit   '@types/d3-color': [ '3.1.3' ],
471 silly audit   '@types/d3-ease': [ '3.0.2' ],
471 silly audit   '@types/d3-interpolate': [ '3.0.4' ],
471 silly audit   '@types/d3-path': [ '3.1.1', '1.0.11' ],
471 silly audit   '@types/d3-scale': [ '4.0.9' ],
471 silly audit   '@types/d3-shape': [ '3.1.7', '1.3.12' ],
471 silly audit   '@types/d3-time': [ '3.0.4' ],
471 silly audit   '@types/d3-timer': [ '3.0.2' ],
471 silly audit   '@types/express': [ '4.17.23' ],
471 silly audit   '@types/express-serve-static-core': [ '4.19.6' ],
471 silly audit   '@types/http-errors': [ '2.0.5' ],
471 silly audit   '@types/json-schema': [ '7.0.15' ],
471 silly audit   '@types/jsonwebtoken': [ '9.0.10' ],
471 silly audit   '@types/long': [ '4.0.2' ],
471 silly audit   '@types/memcached': [ '2.2.10' ],
471 silly audit   '@types/mime': [ '1.3.5' ],
471 silly audit   '@types/ms': [ '2.1.0' ],
471 silly audit   '@types/mysql': [ '2.15.22' ],
471 silly audit   '@types/nodemailer': [ '8.0.1' ],
471 silly audit   '@types/pg': [ '8.6.1' ],
471 silly audit   '@types/pg-pool': [ '2.0.4' ],
471 silly audit   '@types/phoenix': [ '1.6.7' ],
471 silly audit   '@types/prop-types': [ '15.7.14' ],
471 silly audit   '@types/qrcode': [ '1.5.6' ],
471 silly audit   '@types/qs': [ '6.14.0' ],
471 silly audit   '@types/range-parser': [ '1.2.7' ],
471 silly audit   '@types/react': [ '18.3.18' ],
471 silly audit   '@types/react-dom': [ '18.3.5' ],
471 silly audit   '@types/recharts': [ '1.8.29' ],
471 silly audit   '@types/request': [ '2.48.13' ],
471 silly audit   'form-data': [ '2.5.5', '4.0.4' ],
471 silly audit   '@types/send': [ '0.17.5' ],
471 silly audit   '@types/serve-static': [ '1.15.8' ],
471 silly audit   '@types/shimmer': [ '1.2.0' ],
471 silly audit   '@types/tedious': [ '4.0.14' ],
471 silly audit   '@types/tough-cookie': [ '4.0.5' ],
471 silly audit   '@types/triple-beam': [ '1.3.5' ],
471 silly audit   '@types/ws': [ '8.18.1' ],
471 silly audit   '@types/yauzl': [ '2.10.3' ],
471 silly audit   '@yarnpkg/lockfile': [ '1.1.0' ],
471 silly audit   'abort-controller': [ '3.0.0' ],
471 silly audit   acorn: [ '8.15.0' ],
471 silly audit   'acorn-import-attributes': [ '1.9.5' ],
471 silly audit   'acorn-walk': [ '8.3.4' ],
471 silly audit   'adler-32': [ '1.3.1' ],
471 silly audit   'adm-zip': [ '0.5.16' ],
471 silly audit   'agent-base': [ '7.1.3', '6.0.2' ],
471 silly audit   'ajv-formats': [ '3.0.1' ],
471 silly audit   'ansi-color': [ '0.2.1' ],
471 silly audit   'any-promise': [ '1.3.0' ],
471 silly audit   anymatch: [ '3.1.3' ],
471 silly audit   archiver: [ '5.3.2' ],
471 silly audit   'archiver-utils': [ '2.1.0', '3.0.4' ],
471 silly audit   'brace-expansion': [ '1.1.18', '2.0.1', '1.1.11' ],
471 silly audit   glob: [ '7.2.3', '10.4.5' ],
471 silly audit   isarray: [ '1.0.0', '2.0.5' ],
471 silly audit   minimatch: [ '3.1.5', '9.0.5', '5.1.9', '3.1.2' ],
471 silly audit   'readable-stream': [ '2.3.8', '3.6.2' ],
471 silly audit   'safe-buffer': [ '5.1.2', '5.2.1' ],
471 silly audit   string_decoder: [ '1.1.1', '1.3.0' ],
471 silly audit   arg: [ '5.0.2', '4.1.3' ],
471 silly audit   argparse: [ '2.0.1' ],
471 silly audit   'aria-hidden': [ '1.2.4' ],
471 silly audit   'array-flatten': [ '1.1.1' ],
471 silly audit   arrify: [ '2.0.1' ],
471 silly audit   async: [ '3.2.6' ],
471 silly audit   'async-mutex': [ '0.5.0' ],
471 silly audit   'async-retry': [ '1.3.3' ],
471 silly audit   asynckit: [ '0.4.0' ],
471 silly audit   'at-least-node': [ '1.0.0' ],
471 silly audit   axios: [ '1.12.2' ],
471 silly audit   'balanced-match': [ '1.0.2' ],
471 silly audit   'base64-js': [ '1.5.1' ],
471 silly audit   bcryptjs: [ '3.0.3' ],
471 silly audit   'big-integer': [ '1.6.52' ],
471 silly audit   'bignumber.js': [ '9.1.2' ],
471 silly audit   binary: [ '0.3.0' ],
471 silly audit   'binary-extensions': [ '2.3.0' ],
471 silly audit   bl: [ '4.1.0' ],
471 silly audit   bluebird: [ '3.4.7' ],
471 silly audit   braces: [ '3.0.3' ],
471 silly audit   buffer: [ '5.7.1' ],
471 silly audit   'buffer-crc32': [ '0.2.13' ],
471 silly audit   'buffer-equal-constant-time': [ '1.0.1' ],
471 silly audit   'buffer-indexof-polyfill': [ '1.0.2' ],
471 silly audit   buffers: [ '0.1.1' ],
471 silly audit   bufrw: [ '1.4.0' ],
471 silly audit   busboy: [ '1.6.0' ],
471 silly audit   bytes: [ '3.1.2' ],
471 silly audit   'call-bind': [ '1.0.8' ],
471 silly audit   'call-bind-apply-helpers': [ '1.0.1' ],
471 silly audit   'call-bound': [ '1.0.3' ],
471 silly audit   camelcase: [ '5.3.1' ],
471 silly audit   'camelcase-css': [ '2.0.1' ],
471 silly audit   'caniuse-lite': [ '1.0.30001699' ],
471 silly audit   cfb: [ '1.2.2' ],
471 silly audit   chainsaw: [ '0.1.0' ],
471 silly audit   chalk: [ '4.1.2' ],
471 silly audit   chardet: [ '2.1.0' ],
471 silly audit   chokidar: [ '3.6.0' ],
471 silly audit   'glob-parent': [ '5.1.2', '6.0.2' ],
471 silly audit   'ci-info': [ '3.9.0' ],
471 silly audit   'cjs-module-lexer': [ '1.4.3' ],
471 silly audit   'class-variance-authority': [ '0.7.1' ],
471 silly audit   'cli-cursor': [ '3.1.0' ],
471 silly audit   'cli-spinners': [ '2.9.2' ],
471 silly audit   'cli-width': [ '4.1.0' ],
471 silly audit   'client-only': [ '0.0.1' ],
471 silly audit   cliui: [ '8.0.1', '6.0.0' ],
471 silly audit   clone: [ '1.0.4' ],
471 silly audit   clsx: [ '2.1.1' ],
471 silly audit   cmdk: [ '1.1.1' ],
471 silly audit   codepage: [ '1.15.0' ],
471 silly audit   color: [ '4.2.3', '3.2.1' ],
471 silly audit   'color-convert': [ '2.0.1', '1.9.3' ],
471 silly audit   'color-name': [ '1.1.4', '1.1.3' ],
471 silly audit   'color-string': [ '1.9.1' ],
471 silly audit   colorette: [ '2.0.20' ],
471 silly audit   colorspace: [ '1.1.4' ],
471 silly audit   'combined-stream': [ '1.0.8' ],
471 silly audit   'compress-commons': [ '4.1.2' ],
471 silly audit   'concat-map': [ '0.0.1' ],
471 silly audit   configstore: [ '5.0.1' ],
471 silly audit   'dot-prop': [ '5.3.0', '6.0.1' ],
471 silly audit   'content-type': [ '1.0.5' ],
471 silly audit   'core-util-is': [ '1.0.3' ],
471 silly audit   cors: [ '2.8.5' ],
471 silly audit   'crc-32': [ '1.2.2' ],
471 silly audit   'crc32-stream': [ '4.0.3' ],
471 silly audit   'create-require': [ '1.1.1' ],
471 silly audit   'cross-spawn': [ '7.0.6' ],
471 silly audit   'crypto-random-string': [ '2.0.0' ],
471 silly audit   cssesc: [ '3.0.0' ],
471 silly audit   csstype: [ '3.1.3' ],
471 silly audit   'd3-array': [ '3.2.4' ],
471 silly audit   'd3-color': [ '3.1.0' ],
471 silly audit   'd3-ease': [ '3.0.1' ],
471 silly audit   'd3-format': [ '3.1.0' ],
471 silly audit   'd3-interpolate': [ '3.0.1' ],
471 silly audit   'd3-path': [ '3.1.0' ],
471 silly audit   'd3-scale': [ '4.0.2' ],
471 silly audit   'd3-shape': [ '3.2.0' ],
471 silly audit   'd3-time': [ '3.1.0' ],
471 silly audit   'd3-time-format': [ '4.1.0' ],
471 silly audit   'd3-timer': [ '3.0.1' ],
471 silly audit   'data-uri-to-buffer': [ '4.0.1' ],
471 silly audit   'date-fns': [ '3.6.0' ],
471 silly audit   dayjs: [ '1.11.23' ],
471 silly audit   decamelize: [ '1.2.0' ],
471 silly audit   'decimal.js-light': [ '2.5.1' ],
471 silly audit   deeks: [ '3.1.0' ],
471 silly audit   defaults: [ '1.0.4' ],
471 silly audit   'define-data-property': [ '1.1.4' ],
471 silly audit   'delayed-stream': [ '1.0.0' ],
471 silly audit   depd: [ '2.0.0' ],
471 silly audit   destroy: [ '1.2.0' ],
471 silly audit   'detect-libc': [ '2.0.4' ],
471 silly audit   'detect-node-es': [ '1.1.0' ],
471 silly audit   didyoumean: [ '1.2.2' ],
471 silly audit   diff: [ '4.0.2' ],
471 silly audit   dijkstrajs: [ '1.0.3' ],
471 silly audit   dlv: [ '1.1.3' ],
471 silly audit   'doc-path': [ '4.1.1' ],
471 silly audit   'dom-helpers': [ '5.2.1' ],
471 silly audit   dotenv: [ '16.5.0' ],
471 silly audit   dotprompt: [ '1.1.2' ],
471 silly audit   'dunder-proto': [ '1.0.1' ],
471 silly audit   duplexer: [ '0.1.2' ],
471 silly audit   duplexer2: [ '0.1.4' ],
471 silly audit   duplexify: [ '4.1.3' ],
471 silly audit   eastasianwidth: [ '0.2.0' ],
471 silly audit   'ecdsa-sig-formatter': [ '1.0.11' ],
471 silly audit   eciesjs: [ '0.5.0' ],
471 silly audit   'ee-first': [ '1.1.1' ],
471 silly audit   'embla-carousel': [ '8.6.0' ],
471 silly audit   'embla-carousel-react': [ '8.6.0' ],
471 silly audit   'embla-carousel-reactive-utils': [ '8.6.0' ],
471 silly audit   enabled: [ '2.0.0' ],
471 silly audit   encodeurl: [ '2.0.0', '1.0.2' ],
471 silly audit   'end-of-stream': [ '1.4.4' ],
471 silly audit   error: [ '7.0.2' ],
471 silly audit   'es-define-property': [ '1.0.1' ],
471 silly audit   'es-errors': [ '1.3.0' ],
471 silly audit   'es-object-atoms': [ '1.1.1' ],
471 silly audit   'es-set-tostringtag': [ '2.1.0' ],
471 silly audit   esbuild: [ '0.25.10' ],
471 silly audit   escalade: [ '3.2.0' ],
471 silly audit   'escape-html': [ '1.0.3' ],
471 silly audit   etag: [ '1.8.1' ],
471 silly audit   'event-stream': [ '3.3.4' ],
471 silly audit   'event-target-shim': [ '5.0.1' ],
471 silly audit   eventemitter3: [ '4.0.7' ],
471 silly audit   eventid: [ '2.0.1' ],
471 silly audit   eventsource: [ '3.0.7' ],
471 silly audit   'eventsource-parser': [ '3.0.6' ],
471 silly audit   exceljs: [ '4.4.0' ],
471 silly audit   tmp: [ '0.2.7', '0.0.33' ],
471 silly audit   'express-rate-limit': [ '7.5.1' ],
471 silly audit   extend: [ '3.0.2' ],
471 silly audit   'extract-zip': [ '2.0.1' ],
471 silly audit   'farmhash-modern': [ '1.1.0' ],
471 silly audit   'fast-csv': [ '4.3.6' ],
471 silly audit   'fast-deep-equal': [ '3.1.3' ],
471 silly audit   'fast-equals': [ '5.2.2' ],
471 silly audit   'fast-glob': [ '3.3.3' ],
471 silly audit   'fast-json-stable-stringify': [ '2.1.0' ],
471 silly audit   'fast-uri': [ '3.1.0' ],
471 silly audit   'fast-xml-parser': [ '4.5.3' ],
471 silly audit   fastq: [ '1.19.0' ],
471 silly audit   'faye-websocket': [ '0.11.4' ],
471 silly audit   'fd-slicer': [ '1.1.0' ],
471 silly audit   fecha: [ '4.2.3' ],
471 silly audit   'fetch-blob': [ '3.2.0' ],
471 silly audit   'fill-range': [ '7.1.1' ],
471 silly audit   'find-up': [ '4.1.0' ],
471 silly audit   'find-yarn-workspace-root': [ '2.0.0' ],
471 silly audit   'firebase-admin': [ '13.5.0' ],
471 silly audit   'undici-types': [ '6.21.0', '6.19.8' ],
471 silly audit   'fn.name': [ '1.1.0' ],
471 silly audit   'follow-redirects': [ '1.15.11' ],
471 silly audit   'foreground-child': [ '3.3.0' ],
471 silly audit   'formdata-polyfill': [ '4.0.10' ],
471 silly audit   forwarded: [ '0.2.0' ],
471 silly audit   frac: [ '1.1.2' ],
471 silly audit   from: [ '0.1.7' ],
471 silly audit   'fs-constants': [ '1.0.0' ],
471 silly audit   'fs-extra': [ '9.1.0' ],
471 silly audit   'fs.realpath': [ '1.0.0' ],
471 silly audit   fsevents: [ '2.3.3' ],
471 silly audit   fstream: [ '1.0.12' ],
471 silly audit   'function-bind': [ '1.1.2' ],
471 silly audit   'functional-red-black-tree': [ '1.0.1' ],
471 silly audit   gaxios: [ '6.7.1' ],
471 silly audit   'node-fetch': [ '2.7.0', '3.3.2' ],
471 silly audit   'gcp-metadata': [ '6.1.1' ],
471 silly audit   genkit: [ '1.20.0' ],
471 silly audit   'genkit-cli': [ '1.20.0' ],
471 silly audit   'get-caller-file': [ '2.0.5' ],
471 silly audit   'get-intrinsic': [ '1.2.7' ],
471 silly audit   'get-nonce': [ '1.0.1' ],
471 silly audit   'get-port': [ '5.1.1' ],
471 silly audit   'get-proto': [ '1.0.1' ],
471 silly audit   'get-stream': [ '5.2.0' ],
471 silly audit   'get-tsconfig': [ '4.10.1' ],
471 silly audit   'google-auth-library': [ '9.15.1' ],
471 silly audit   'google-gax': [ '4.6.1' ],
471 silly audit   'google-logging-utils': [ '0.0.2' ],
471 silly audit   googleapis: [ '137.1.0' ],
471 silly audit   'googleapis-common': [ '7.2.0' ],
471 silly audit   gopd: [ '1.2.0' ],
471 silly audit   'graceful-fs': [ '4.2.11' ],
471 silly audit   gtoken: [ '7.1.0' ],
471 silly audit   handlebars: [ '4.7.8' ],
471 silly audit   'has-flag': [ '4.0.0' ],
471 silly audit   'has-property-descriptors': [ '1.0.2' ],
471 silly audit   'has-symbols': [ '1.1.0' ],
471 silly audit   'has-tostringtag': [ '1.0.2' ],
471 silly audit   hasown: [ '2.0.2' ],
471 silly audit   hexer: [ '1.5.0' ],
471 silly audit   'html-entities': [ '2.6.0' ],
471 silly audit   'html5-qrcode': [ '2.3.8' ],
471 silly audit   'http-errors': [ '2.0.0' ],
471 silly audit   'http-parser-js': [ '0.5.10' ],
471 silly audit   'http-proxy-agent': [ '5.0.0' ],
471 silly audit   'https-proxy-agent': [ '7.0.6', '5.0.1' ],
471 silly audit   'iceberg-js': [ '0.8.1' ],
471 silly audit   ieee754: [ '1.2.1' ],
471 silly audit   immediate: [ '3.0.6' ],
471 silly audit   'import-in-the-middle': [ '1.14.4' ],
471 silly audit   imurmurhash: [ '0.1.4' ],
471 silly audit   inflight: [ '1.0.6' ],
471 silly audit   inherits: [ '2.0.4' ],
471 silly audit   internmap: [ '2.0.3' ],
471 silly audit   'ipaddr.js': [ '1.9.1' ],
471 silly audit   'is-arrayish': [ '0.3.2' ],
471 silly audit   'is-binary-path': [ '2.1.0' ],
471 silly audit   'is-core-module': [ '2.16.1' ],
471 silly audit   'is-docker': [ '2.2.1' ],
471 silly audit   'is-extglob': [ '2.1.1' ],
471 silly audit   'is-fullwidth-code-point': [ '3.0.0' ],
471 silly audit   'is-glob': [ '4.0.3' ],
471 silly audit   'is-interactive': [ '1.0.0' ],
471 silly audit   'is-number': [ '7.0.0' ],
471 silly audit   'is-obj': [ '2.0.0' ],
471 silly audit   'is-promise': [ '4.0.0' ],
471 silly audit   'is-stream': [ '2.0.1' ],
471 silly audit   'is-typedarray': [ '1.0.0' ],
471 silly audit   'is-unicode-supported': [ '0.1.0' ],
471 silly audit   'is-wsl': [ '1.1.0', '2.2.0' ],
471 silly audit   isexe: [ '2.0.0' ],
471 silly audit   jackspeak: [ '3.4.3' ],
471 silly audit   'jaeger-client': [ '3.19.0' ],
471 silly audit   jiti: [ '1.21.7' ],
471 silly audit   jodit: [ '4.7.9' ],
471 silly audit   'jodit-react': [ '4.1.2' ],
471 silly audit   jose: [ '6.2.12', '4.15.9' ],
471 silly audit   'js-tokens': [ '4.0.0' ],
471 silly audit   'js-yaml': [ '4.1.0' ],
471 silly audit   'json-2-csv': [ '5.5.9' ],
471 silly audit   'json-bigint': [ '1.0.0' ],
471 silly audit   'json-schema': [ '0.4.0' ],
471 silly audit   'json-stable-stringify': [ '1.2.1' ],
471 silly audit   json5: [ '2.2.3' ],
471 silly audit   jsonfile: [ '6.1.0' ],
471 silly audit   jsonify: [ '0.0.1' ],
471 silly audit   jsonwebtoken: [ '9.0.2' ],
471 silly audit   jwa: [ '1.4.2', '2.0.0' ],
471 silly audit   jws: [ '3.2.2', '4.0.0' ],
471 silly audit   jszip: [ '3.10.1' ],
471 silly audit   'jwks-rsa': [ '3.2.0' ],
471 silly audit   'klaw-sync': [ '6.0.0' ],
471 silly audit   kuler: [ '2.0.0' ],
471 silly audit   lazystream: [ '1.0.1' ],
471 silly audit   lie: [ '3.3.0' ],
471 silly audit   lilconfig: [ '3.1.3' ],
471 silly audit   limiter: [ '1.1.5' ],
471 silly audit   'lines-and-columns': [ '1.2.4' ],
471 silly audit   listenercount: [ '1.0.1' ],
471 silly audit   'locate-path': [ '5.0.0' ],
471 silly audit   lockfile: [ '1.0.4' ],
471 silly audit   'signal-exit': [ '3.0.7', '4.1.0' ],
471 silly audit   lodash: [ '4.17.21' ],
471 silly audit   'lodash.camelcase': [ '4.3.0' ],
471 silly audit   'lodash.clonedeep': [ '4.5.0' ],
471 silly audit   'lodash.defaults': [ '4.2.0' ],
471 silly audit   'lodash.difference': [ '4.5.0' ],
471 silly audit   'lodash.escaperegexp': [ '4.1.2' ],
471 silly audit   'lodash.flatten': [ '4.4.0' ],
471 silly audit   'lodash.groupby': [ '4.6.0' ],
471 silly audit   'lodash.includes': [ '4.3.0' ],
471 silly audit   'lodash.isboolean': [ '3.0.3' ],
471 silly audit   'lodash.isequal': [ '4.5.0' ],
471 silly audit   'lodash.isfunction': [ '3.0.9' ],
471 silly audit   'lodash.isinteger': [ '4.0.4' ],
471 silly audit   'lodash.isnil': [ '4.0.0' ],
471 silly audit   'lodash.isnumber': [ '3.0.3' ],
471 silly audit   'lodash.isplainobject': [ '4.0.6' ],
471 silly audit   'lodash.isstring': [ '4.0.1' ],
471 silly audit   'lodash.isundefined': [ '3.0.1' ],
471 silly audit   'lodash.mapvalues': [ '4.6.0' ],
471 silly audit   'lodash.merge': [ '4.6.2' ],
471 silly audit   'lodash.once': [ '4.1.1' ],
471 silly audit   'lodash.union': [ '4.6.0' ],
471 silly audit   'lodash.uniq': [ '4.5.0' ],
471 silly audit   'log-symbols': [ '4.1.0' ],
471 silly audit   logform: [ '2.7.0' ],
471 silly audit   long: [ '5.3.0', '2.4.0' ],
471 silly audit   'loose-envify': [ '1.4.0' ],
471 silly audit   'lru-cache': [ '10.4.3', '6.0.0' ],
471 silly audit   'lru-memoizer': [ '2.3.0' ],
471 silly audit   'lucide-react': [ '0.475.0' ],
471 silly audit   'make-dir': [ '3.1.0' ],
471 silly audit   semver: [ '6.3.1', '7.7.2' ],
471 silly audit   'make-error': [ '1.3.6' ],
471 silly audit   'map-stream': [ '0.1.0' ],
471 silly audit   'math-intrinsics': [ '1.1.0' ],
471 silly audit   merge2: [ '1.4.1' ],
471 silly audit   methods: [ '1.1.2' ],
471 silly audit   micromatch: [ '4.0.8' ],
471 silly audit   mime: [ '3.0.0', '1.6.0' ],
471 silly audit   'mimic-fn': [ '2.1.0' ],
471 silly audit   minimist: [ '1.2.8' ],
471 silly audit   minipass: [ '7.1.2' ],
471 silly audit   mkdirp: [ '0.5.6' ],
471 silly audit   'module-details-from-path': [ '1.0.4' ],
471 silly audit   'mute-stream': [ '2.0.0' ],
471 silly audit   mz: [ '2.7.0' ],
471 silly audit   nanoid: [ '3.3.8' ],
471 silly audit   'neo-async': [ '2.6.2' ],
471 silly audit   next: [ '15.3.8' ],
471 silly audit   '@next/swc-darwin-arm64': [ '15.3.5' ],
471 silly audit   postcss: [ '8.4.31', '8.5.2' ],
471 silly audit   'node-domexception': [ '1.0.0' ],
471 silly audit   'node-forge': [ '1.3.1' ],
471 silly audit   'node-int64': [ '0.4.0' ],
471 silly audit   nodemailer: [ '9.0.5' ],
471 silly audit   'normalize-path': [ '3.0.0' ],
471 silly audit   'object-assign': [ '4.1.1' ],
471 silly audit   'object-hash': [ '3.0.0' ],
471 silly audit   'object-inspect': [ '1.13.4' ],
471 silly audit   'object-keys': [ '1.1.1' ],
471 silly audit   'on-finished': [ '2.4.1' ],
471 silly audit   once: [ '1.4.0' ],
471 silly audit   'one-time': [ '1.0.0' ],
471 silly audit   onetime: [ '5.1.2' ],
471 silly audit   open: [ '6.4.0', '7.4.2' ],
471 silly audit   'openapi3-ts': [ '4.5.0' ],
471 silly audit   opentracing: [ '0.14.7' ],
471 silly audit   ora: [ '5.4.1' ],
471 silly audit   'os-tmpdir': [ '1.0.2' ],
471 silly audit   'p-limit': [ '3.1.0', '2.3.0' ],
471 silly audit   'p-locate': [ '4.1.0' ],
471 silly audit   'p-try': [ '2.2.0' ],
471 silly audit   'package-json-from-dist': [ '1.0.1' ],
471 silly audit   pako: [ '1.0.11' ],
471 silly audit   parseurl: [ '1.3.3' ],
471 silly audit   'partial-json': [ '0.1.7' ],
471 silly audit   'patch-package': [ '8.0.0' ],
471 silly audit   'path-exists': [ '4.0.0' ],
471 silly audit   'path-is-absolute': [ '1.0.1' ],
471 silly audit   'path-key': [ '3.1.1' ],
471 silly audit   'path-parse': [ '1.0.7' ],
471 silly audit   'path-scurry': [ '1.11.1' ],
471 silly audit   'path-to-regexp': [ '0.1.12', '8.3.0' ],
471 silly audit   'pause-stream': [ '0.0.11' ],
471 silly audit   pend: [ '1.2.0' ],
471 silly audit   'pg-int8': [ '1.0.1' ],
471 silly audit   'pg-protocol': [ '1.10.3' ],
471 silly audit   'pg-types': [ '2.2.0' ],
471 silly audit   picocolors: [ '1.1.1' ],
471 silly audit   picomatch: [ '2.3.1' ],
471 silly audit   pify: [ '2.3.0' ],
471 silly audit   pirates: [ '4.0.6' ],
471 silly audit   'pkce-challenge': [ '5.0.0' ],
471 silly audit   pngjs: [ '5.0.0' ],
471 silly audit   'postcss-import': [ '15.1.0' ],
471 silly audit   'postcss-js': [ '4.0.1' ],
471 silly audit   'postcss-load-config': [ '4.0.2' ],
471 silly audit   'postcss-nested': [ '6.2.0' ],
471 silly audit   'postcss-selector-parser': [ '6.1.2' ],
471 silly audit   'postcss-value-parser': [ '4.2.0' ],
471 silly audit   'postgres-array': [ '2.0.0' ],
471 silly audit   'postgres-bytea': [ '1.0.0' ],
471 silly audit   'postgres-date': [ '1.0.7' ],
471 silly audit   'postgres-interval': [ '1.2.0' ],
471 silly audit   process: [ '0.10.1' ],
471 silly audit   'process-nextick-args': [ '2.0.1' ],
471 silly audit   'prop-types': [ '15.8.1' ],
471 silly audit   'react-is': [ '16.13.1', '18.3.1' ],
471 silly audit   'proto3-json-serializer': [ '2.0.2' ],
471 silly audit   protobufjs: [ '7.5.4' ],
471 silly audit   'proxy-addr': [ '2.0.7' ],
471 silly audit   'proxy-from-env': [ '1.1.0' ],
471 silly audit   'ps-tree': [ '1.2.0' ],
471 silly audit   pump: [ '3.0.2' ],
471 silly audit   pumpify: [ '2.0.1' ],
471 silly audit   punycode: [ '2.3.1' ],
471 silly audit   qrcode: [ '1.5.4' ],
471 silly audit   y18n: [ '4.0.3', '5.0.8' ],
471 silly audit   yargs: [ '15.4.1', '17.7.2' ],
471 silly audit   'yargs-parser': [ '18.1.3', '21.1.1' ],
471 silly audit   'queue-microtask': [ '1.2.3' ],
471 silly audit   'range-parser': [ '1.2.1' ],
471 silly audit   react: [ '18.3.1' ],
471 silly audit   'react-day-picker': [ '8.10.1' ],
471 silly audit   'react-dom': [ '18.3.1' ],
471 silly audit   'react-hook-form': [ '7.54.2' ],
471 silly audit   'react-remove-scroll': [ '2.6.3' ],
471 silly audit   'react-remove-scroll-bar': [ '2.3.8' ],
471 silly audit   'react-smooth': [ '4.0.4' ],
471 silly audit   'react-style-singleton': [ '2.2.3' ],
471 silly audit   'react-transition-group': [ '4.4.5' ],
471 silly audit   'read-cache': [ '1.0.0' ],
471 silly audit   'readdir-glob': [ '1.1.3' ],
471 silly audit   readdirp: [ '3.6.0' ],
471 silly audit   recharts: [ '2.15.1' ],
471 silly audit   'recharts-scale': [ '0.4.5' ],
471 silly audit   'regenerator-runtime': [ '0.14.1' ],
471 silly audit   'require-directory': [ '2.1.1' ],
471 silly audit   'require-from-string': [ '2.0.2' ],
471 silly audit   'require-in-the-middle': [ '7.5.2' ],
471 silly audit   'require-main-filename': [ '2.0.0' ],
471 silly audit   resolve: [ '1.22.10' ],
471 silly audit   'resolve-pkg-maps': [ '1.0.0' ],
471 silly audit   'restore-cursor': [ '3.1.0' ],
471 silly audit   retry: [ '0.13.1' ],
471 silly audit   'retry-request': [ '7.0.2' ],
471 silly audit   reusify: [ '1.0.4' ],
471 silly audit   rimraf: [ '2.7.1' ],
471 silly audit   router: [ '2.2.0' ],
471 silly audit   'run-parallel': [ '1.2.0' ],
471 silly audit   'safe-stable-stringify': [ '2.5.0' ],
471 silly audit   'safer-buffer': [ '2.1.2' ],
471 silly audit   saxes: [ '5.0.1' ],
471 silly audit   scheduler: [ '0.23.2' ],
471 silly audit   'set-blocking': [ '2.0.0' ],
471 silly audit   'set-function-length': [ '1.2.2' ],
471 silly audit   setimmediate: [ '1.0.5' ],
471 silly audit   setprototypeof: [ '1.2.0' ],
471 silly audit   sharp: [ '0.34.2' ],
471 silly audit   'shebang-command': [ '2.0.0' ],
471 silly audit   'shebang-regex': [ '3.0.0' ],
471 silly audit   shimmer: [ '1.2.1' ],
471 silly audit   'side-channel': [ '1.1.0' ],
471 silly audit   'side-channel-list': [ '1.0.0' ],
471 silly audit   'side-channel-map': [ '1.0.1' ],
471 silly audit   'side-channel-weakmap': [ '1.0.2' ],
471 silly audit   'simple-swizzle': [ '0.2.2' ],
471 silly audit   slash: [ '2.0.0' ],
471 silly audit   'source-map': [ '0.6.1' ],
471 silly audit   'source-map-js': [ '1.2.1' ],
471 silly audit   split: [ '0.3.3' ],
471 silly audit   ssf: [ '0.11.2' ],
471 silly audit   'stack-trace': [ '0.0.10' ],
471 silly audit   statuses: [ '2.0.1' ],
471 silly audit   'stream-combiner': [ '0.0.4' ],
471 silly audit   'stream-events': [ '1.0.5' ],
471 silly audit   'stream-shift': [ '1.0.3' ],
471 silly audit   streamsearch: [ '1.1.0' ],
471 silly audit   'string-template': [ '0.2.1' ],
471 silly audit   strnum: [ '1.1.2' ],
471 silly audit   stubs: [ '3.0.0' ],
471 silly audit   'styled-jsx': [ '5.1.6' ],
471 silly audit   sucrase: [ '3.35.0' ],
471 silly audit   supabase: [ '2.117.0' ],
471 silly audit   'supports-color': [ '7.2.0' ],
471 silly audit   'supports-preserve-symlinks-flag': [ '1.0.0' ],
471 silly audit   'tailwind-merge': [ '3.0.1' ],
471 silly audit   tailwindcss: [ '3.4.17' ],
471 silly audit   'tailwindcss-animate': [ '1.0.7' ],
471 silly audit   'tar-stream': [ '2.2.0' ],
471 silly audit   'teeny-request': [ '9.0.0' ],
471 silly audit   terminate: [ '2.8.0' ],
471 silly audit   'text-hex': [ '1.0.0' ],
471 silly audit   thenify: [ '3.3.1' ],
471 silly audit   'thenify-all': [ '1.6.0' ],
471 silly audit   thriftrw: [ '3.11.4' ],
471 silly audit   through: [ '2.3.8' ],
471 silly audit   'tiny-invariant': [ '1.3.3' ],
471 silly audit   'to-regex-range': [ '5.0.1' ],
471 silly audit   toidentifier: [ '1.0.1' ],
471 silly audit   tr46: [ '0.0.3' ],
471 silly audit   traverse: [ '0.3.9' ],
471 silly audit   'triple-beam': [ '1.4.1' ],
471 silly audit   'ts-interface-checker': [ '0.1.13' ],
471 silly audit   'ts-node': [ '10.9.2' ],
471 silly audit   tslib: [ '2.8.1' ],
471 silly audit   tsx: [ '4.20.6' ],
471 silly audit   'typedarray-to-buffer': [ '3.1.5' ],
471 silly audit   typescript: [ '5.7.3' ],
471 silly audit   'uglify-js': [ '3.19.3' ],
471 silly audit   'unique-string': [ '2.0.0' ],
471 silly audit   universalify: [ '2.0.1' ],
471 silly audit   unpipe: [ '1.0.0' ],
471 silly audit   unzipper: [ '0.10.14' ],
471 silly audit   'uri-js': [ '4.4.1' ],
471 silly audit   'uri-templates': [ '0.2.0' ],
471 silly audit   'url-template': [ '2.0.8' ],
471 silly audit   'use-callback-ref': [ '1.3.3' ],
471 silly audit   'use-sidecar': [ '1.1.3' ],
471 silly audit   'util-deprecate': [ '1.0.2' ],
471 silly audit   'utils-merge': [ '1.0.1' ],
471 silly audit   'v8-compile-cache-lib': [ '3.0.1' ],
471 silly audit   vary: [ '1.1.2' ],
471 silly audit   'victory-vendor': [ '36.9.2' ],
471 silly audit   wcwidth: [ '1.0.1' ],
471 silly audit   'web-streams-polyfill': [ '3.3.3' ],
471 silly audit   'webidl-conversions': [ '3.0.1' ],
471 silly audit   'websocket-driver': [ '0.7.4' ],
471 silly audit   'websocket-extensions': [ '0.1.4' ],
471 silly audit   'whatwg-url': [ '5.0.0' ],
471 silly audit   which: [ '2.0.2' ],
471 silly audit   'which-module': [ '2.0.1' ],
471 silly audit   winston: [ '3.17.0' ],
471 silly audit   'winston-transport': [ '4.9.0' ],
471 silly audit   wmf: [ '1.0.2' ],
471 silly audit   word: [ '0.3.0' ],
471 silly audit   wordwrap: [ '1.0.0' ],
471 silly audit   wrappy: [ '1.0.2' ],
471 silly audit   'write-file-atomic': [ '3.0.3' ],
471 silly audit   ws: [ '8.19.0' ],
471 silly audit   'xdg-basedir': [ '4.0.0' ],
471 silly audit   xlsx: [ '0.18.5' ],
471 silly audit   xmlchars: [ '2.2.0' ],
471 silly audit   xorshift: [ '1.2.0' ],
471 silly audit   xtend: [ '4.0.2' ],
471 silly audit   yallist: [ '4.0.0' ],
471 silly audit   yaml: [ '2.8.0' ],
471 silly audit   yauzl: [ '2.10.0' ],
471 silly audit   yn: [ '3.1.1' ],
471 silly audit   'yocto-queue': [ '0.1.0' ],
471 silly audit   'yoctocolors-cjs': [ '2.1.3' ],
471 silly audit   'zip-stream': [ '4.1.1' ],
471 silly audit   zod: [ '3.24.2' ],
471 silly audit   'zod-to-json-schema': [ '3.24.6' ]
471 silly audit }
472 http cache @yarnpkg/lockfile@https://registry.npmjs.org/@yarnpkg/lockfile/-/lockfile-1.1.0.tgz 1ms (cache hit)
473 http cache @types/tedious@https://registry.npmjs.org/@types/tedious/-/tedious-4.0.14.tgz 0ms (cache hit)
474 http cache @types/triple-beam@https://registry.npmjs.org/@types/triple-beam/-/triple-beam-1.3.5.tgz 0ms (cache hit)
475 http cache @types/tough-cookie@https://registry.npmjs.org/@types/tough-cookie/-/tough-cookie-4.0.5.tgz 0ms (cache hit)
476 http cache @types/shimmer@https://registry.npmjs.org/@types/shimmer/-/shimmer-1.2.0.tgz 0ms (cache hit)
477 http cache @types/request@https://registry.npmjs.org/@types/request/-/request-2.48.13.tgz 0ms (cache hit)
478 http cache @types/recharts@https://registry.npmjs.org/@types/recharts/-/recharts-1.8.29.tgz 0ms (cache hit)
479 http cache @types/pg@https://registry.npmjs.org/@types/pg/-/pg-8.6.1.tgz 0ms (cache hit)
480 http cache @types/pg-pool@https://registry.npmjs.org/@types/pg-pool/-/pg-pool-2.0.4.tgz 0ms (cache hit)
481 http cache @types/mysql@https://registry.npmjs.org/@types/mysql/-/mysql-2.15.22.tgz 0ms (cache hit)
482 http cache @types/memcached@https://registry.npmjs.org/@types/memcached/-/memcached-2.2.10.tgz 0ms (cache hit)
483 http cache @types/ms@https://registry.npmjs.org/@types/ms/-/ms-2.1.0.tgz 0ms (cache hit)
484 http cache @types/long@https://registry.npmjs.org/@types/long/-/long-4.0.2.tgz 0ms (cache hit)
485 http cache @types/d3-time@https://registry.npmjs.org/@types/d3-time/-/d3-time-3.0.4.tgz 0ms (cache hit)
486 http cache @types/d3-timer@https://registry.npmjs.org/@types/d3-timer/-/d3-timer-3.0.2.tgz 0ms (cache hit)
487 http cache @types/jsonwebtoken@https://registry.npmjs.org/@types/jsonwebtoken/-/jsonwebtoken-9.0.10.tgz 0ms (cache hit)
488 http cache @types/d3-scale@https://registry.npmjs.org/@types/d3-scale/-/d3-scale-4.0.9.tgz 0ms (cache hit)
489 http cache @types/d3-interpolate@https://registry.npmjs.org/@types/d3-interpolate/-/d3-interpolate-3.0.4.tgz 0ms (cache hit)
490 http cache @types/d3-color@https://registry.npmjs.org/@types/d3-color/-/d3-color-3.1.3.tgz 0ms (cache hit)
491 http cache @types/d3-ease@https://registry.npmjs.org/@types/d3-ease/-/d3-ease-3.0.2.tgz 0ms (cache hit)
492 http cache @types/connect@https://registry.npmjs.org/@types/connect/-/connect-3.4.36.tgz 0ms (cache hit)
493 http cache @types/bunyan@https://registry.npmjs.org/@types/bunyan/-/bunyan-1.8.9.tgz 0ms (cache hit)
494 http cache @types/bcryptjs@https://registry.npmjs.org/@types/bcryptjs/-/bcryptjs-2.4.6.tgz 0ms (cache hit)
495 http cache @tsconfig/node16@https://registry.npmjs.org/@tsconfig/node16/-/node16-1.0.4.tgz 0ms (cache hit)
496 http cache @types/aws-lambda@https://registry.npmjs.org/@types/aws-lambda/-/aws-lambda-8.10.122.tgz 0ms (cache hit)
497 http cache @types/caseless@https://registry.npmjs.org/@types/caseless/-/caseless-0.12.5.tgz 0ms (cache hit)
498 http cache @tsconfig/node14@https://registry.npmjs.org/@tsconfig/node14/-/node14-1.0.3.tgz 0ms (cache hit)
499 http cache @tsconfig/node12@https://registry.npmjs.org/@tsconfig/node12/-/node12-1.0.11.tgz 0ms (cache hit)
500 http cache @swc/counter@https://registry.npmjs.org/@swc/counter/-/counter-0.1.3.tgz 0ms (cache hit)
501 http cache @swc/helpers@https://registry.npmjs.org/@swc/helpers/-/helpers-0.5.15.tgz 0ms (cache hit)
502 http cache @supabase/ssr@https://registry.npmjs.org/@supabase/ssr/-/ssr-0.8.0.tgz 0ms (cache hit)
503 http cache @standard-schema/utils@https://registry.npmjs.org/@standard-schema/utils/-/utils-0.3.0.tgz 0ms (cache hit)
504 http cache @protobufjs/pool@https://registry.npmjs.org/@protobufjs/pool/-/pool-1.1.0.tgz 0ms (cache hit)
505 http cache @protobufjs/path@https://registry.npmjs.org/@protobufjs/path/-/path-1.1.2.tgz 0ms (cache hit)
506 http cache @protobufjs/float@https://registry.npmjs.org/@protobufjs/float/-/float-1.0.2.tgz 0ms (cache hit)
507 http cache @opentelemetry/sql-common@https://registry.npmjs.org/@opentelemetry/sql-common/-/sql-common-0.40.1.tgz 0ms (cache hit)
508 http cache @protobufjs/base64@https://registry.npmjs.org/@protobufjs/base64/-/base64-1.1.2.tgz 0ms (cache hit)
509 http cache @protobufjs/aspromise@https://registry.npmjs.org/@protobufjs/aspromise/-/aspromise-1.1.2.tgz 0ms (cache hit)
510 http cache @pkgjs/parseargs@https://registry.npmjs.org/@pkgjs/parseargs/-/parseargs-0.11.0.tgz 0ms (cache hit)
511 http cache @opentelemetry/sdk-trace-base@https://registry.npmjs.org/@opentelemetry/sdk-trace-base/-/sdk-trace-base-1.25.1.tgz 0ms (cache hit)
512 http cache @opentelemetry/sdk-trace-node@https://registry.npmjs.org/@opentelemetry/sdk-trace-node/-/sdk-trace-node-1.25.1.tgz 0ms (cache hit)
513 http cache @opentelemetry/sdk-logs@https://registry.npmjs.org/@opentelemetry/sdk-logs/-/sdk-logs-0.52.1.tgz 0ms (cache hit)
514 http cache @opentelemetry/sdk-metrics@https://registry.npmjs.org/@opentelemetry/sdk-metrics/-/sdk-metrics-1.25.1.tgz 0ms (cache hit)
515 http cache @opentelemetry/resource-detector-gcp@https://registry.npmjs.org/@opentelemetry/resource-detector-gcp/-/resource-detector-gcp-0.29.13.tgz 0ms (cache hit)
516 http cache @opentelemetry/resources@https://registry.npmjs.org/@opentelemetry/resources/-/resources-1.25.1.tgz 0ms (cache hit)
517 http cache @opentelemetry/sdk-node@https://registry.npmjs.org/@opentelemetry/sdk-node/-/sdk-node-0.52.1.tgz 0ms (cache hit)
518 http cache @opentelemetry/resource-detector-container@https://registry.npmjs.org/@opentelemetry/resource-detector-container/-/resource-detector-container-0.4.4.tgz 0ms (cache hit)
519 http cache @opentelemetry/resource-detector-aws@https://registry.npmjs.org/@opentelemetry/resource-detector-aws/-/resource-detector-aws-1.12.0.tgz 0ms (cache hit)
520 http cache @opentelemetry/resource-detector-alibaba-cloud@https://registry.npmjs.org/@opentelemetry/resource-detector-alibaba-cloud/-/resource-detector-alibaba-cloud-0.29.7.tgz 0ms (cache hit)
521 http cache @opentelemetry/redis-common@https://registry.npmjs.org/@opentelemetry/redis-common/-/redis-common-0.36.2.tgz 0ms (cache hit)
522 http cache @opentelemetry/propagator-jaeger@https://registry.npmjs.org/@opentelemetry/propagator-jaeger/-/propagator-jaeger-1.25.1.tgz 0ms (cache hit)
523 http cache @opentelemetry/resource-detector-azure@https://registry.npmjs.org/@opentelemetry/resource-detector-azure/-/resource-detector-azure-0.2.12.tgz 0ms (cache hit)
524 http cache @opentelemetry/propagator-b3@https://registry.npmjs.org/@opentelemetry/propagator-b3/-/propagator-b3-1.25.1.tgz 0ms (cache hit)
525 http cache @opentelemetry/otlp-transformer@https://registry.npmjs.org/@opentelemetry/otlp-transformer/-/otlp-transformer-0.52.1.tgz 0ms (cache hit)
526 http cache @opentelemetry/propagation-utils@https://registry.npmjs.org/@opentelemetry/propagation-utils/-/propagation-utils-0.30.16.tgz 0ms (cache hit)
527 http cache @opentelemetry/otlp-grpc-exporter-base@https://registry.npmjs.org/@opentelemetry/otlp-grpc-exporter-base/-/otlp-grpc-exporter-base-0.52.1.tgz 0ms (cache hit)
528 http cache @opentelemetry/propagator-aws-xray@https://registry.npmjs.org/@opentelemetry/propagator-aws-xray/-/propagator-aws-xray-1.26.2.tgz 0ms (cache hit)
529 http cache @opentelemetry/instrumentation-winston@https://registry.npmjs.org/@opentelemetry/instrumentation-winston/-/instrumentation-winston-0.39.0.tgz 0ms (cache hit)
530 http cache @opentelemetry/otlp-exporter-base@https://registry.npmjs.org/@opentelemetry/otlp-exporter-base/-/otlp-exporter-base-0.52.1.tgz 0ms (cache hit)
531 http cache @opentelemetry/instrumentation-undici@https://registry.npmjs.org/@opentelemetry/instrumentation-undici/-/instrumentation-undici-0.5.0.tgz 0ms (cache hit)
532 http cache @opentelemetry/instrumentation-tedious@https://registry.npmjs.org/@opentelemetry/instrumentation-tedious/-/instrumentation-tedious-0.13.0.tgz 0ms (cache hit)
533 http cache @opentelemetry/instrumentation-router@https://registry.npmjs.org/@opentelemetry/instrumentation-router/-/instrumentation-router-0.39.0.tgz 0ms (cache hit)
534 http cache @opentelemetry/instrumentation-redis-4@https://registry.npmjs.org/@opentelemetry/instrumentation-redis-4/-/instrumentation-redis-4-0.41.1.tgz 0ms (cache hit)
535 http cache @opentelemetry/instrumentation-socket.io@https://registry.npmjs.org/@opentelemetry/instrumentation-socket.io/-/instrumentation-socket.io-0.41.0.tgz 0ms (cache hit)
536 http cache @opentelemetry/instrumentation-restify@https://registry.npmjs.org/@opentelemetry/instrumentation-restify/-/instrumentation-restify-0.40.0.tgz 0ms (cache hit)
537 http cache @opentelemetry/instrumentation-redis@https://registry.npmjs.org/@opentelemetry/instrumentation-redis/-/instrumentation-redis-0.41.0.tgz 0ms (cache hit)
538 http cache @opentelemetry/instrumentation-pg@https://registry.npmjs.org/@opentelemetry/instrumentation-pg/-/instrumentation-pg-0.43.0.tgz 0ms (cache hit)
539 http cache @opentelemetry/instrumentation-nestjs-core@https://registry.npmjs.org/@opentelemetry/instrumentation-nestjs-core/-/instrumentation-nestjs-core-0.39.0.tgz 0ms (cache hit)
540 http cache @opentelemetry/instrumentation-net@https://registry.npmjs.org/@opentelemetry/instrumentation-net/-/instrumentation-net-0.38.0.tgz 0ms (cache hit)
541 http cache @opentelemetry/instrumentation-pino@https://registry.npmjs.org/@opentelemetry/instrumentation-pino/-/instrumentation-pino-0.41.0.tgz 0ms (cache hit)
542 http cache @opentelemetry/instrumentation-mysql2@https://registry.npmjs.org/@opentelemetry/instrumentation-mysql2/-/instrumentation-mysql2-0.40.0.tgz 0ms (cache hit)
543 http cache @opentelemetry/instrumentation-mysql@https://registry.npmjs.org/@opentelemetry/instrumentation-mysql/-/instrumentation-mysql-0.40.0.tgz 0ms (cache hit)
544 http cache @opentelemetry/instrumentation-memcached@https://registry.npmjs.org/@opentelemetry/instrumentation-memcached/-/instrumentation-memcached-0.38.0.tgz 0ms (cache hit)
545 http cache @opentelemetry/instrumentation-mongoose@https://registry.npmjs.org/@opentelemetry/instrumentation-mongoose/-/instrumentation-mongoose-0.41.0.tgz 0ms (cache hit)
546 http cache @opentelemetry/instrumentation-mongodb@https://registry.npmjs.org/@opentelemetry/instrumentation-mongodb/-/instrumentation-mongodb-0.46.0.tgz 0ms (cache hit)
547 http cache @opentelemetry/instrumentation-lru-memoizer@https://registry.npmjs.org/@opentelemetry/instrumentation-lru-memoizer/-/instrumentation-lru-memoizer-0.39.0.tgz 0ms (cache hit)
548 http cache @opentelemetry/instrumentation-knex@https://registry.npmjs.org/@opentelemetry/instrumentation-knex/-/instrumentation-knex-0.39.0.tgz 0ms (cache hit)
549 http cache @opentelemetry/instrumentation-ioredis@https://registry.npmjs.org/@opentelemetry/instrumentation-ioredis/-/instrumentation-ioredis-0.42.0.tgz 0ms (cache hit)
550 http cache @opentelemetry/instrumentation-koa@https://registry.npmjs.org/@opentelemetry/instrumentation-koa/-/instrumentation-koa-0.42.0.tgz 0ms (cache hit)
551 http cache @opentelemetry/instrumentation-kafkajs@https://registry.npmjs.org/@opentelemetry/instrumentation-kafkajs/-/instrumentation-kafkajs-0.2.0.tgz 0ms (cache hit)
552 http cache @opentelemetry/instrumentation-http@https://registry.npmjs.org/@opentelemetry/instrumentation-http/-/instrumentation-http-0.52.1.tgz 0ms (cache hit)
553 http cache @opentelemetry/instrumentation-hapi@https://registry.npmjs.org/@opentelemetry/instrumentation-hapi/-/instrumentation-hapi-0.40.0.tgz 0ms (cache hit)
554 http cache @opentelemetry/instrumentation-grpc@https://registry.npmjs.org/@opentelemetry/instrumentation-grpc/-/instrumentation-grpc-0.52.1.tgz 0ms (cache hit)
555 http cache @opentelemetry/instrumentation-generic-pool@https://registry.npmjs.org/@opentelemetry/instrumentation-generic-pool/-/instrumentation-generic-pool-0.38.1.tgz 0ms (cache hit)
556 http cache @opentelemetry/instrumentation-graphql@https://registry.npmjs.org/@opentelemetry/instrumentation-graphql/-/instrumentation-graphql-0.42.0.tgz 0ms (cache hit)
557 http cache @opentelemetry/instrumentation-fastify@https://registry.npmjs.org/@opentelemetry/instrumentation-fastify/-/instrumentation-fastify-0.38.0.tgz 0ms (cache hit)
558 http cache @opentelemetry/instrumentation-dataloader@https://registry.npmjs.org/@opentelemetry/instrumentation-dataloader/-/instrumentation-dataloader-0.11.0.tgz 0ms (cache hit)
559 http cache @opentelemetry/instrumentation-fs@https://registry.npmjs.org/@opentelemetry/instrumentation-fs/-/instrumentation-fs-0.14.0.tgz 0ms (cache hit)
560 http cache @opentelemetry/instrumentation-express@https://registry.npmjs.org/@opentelemetry/instrumentation-express/-/instrumentation-express-0.41.1.tgz 0ms (cache hit)
561 http cache @opentelemetry/instrumentation-cucumber@https://registry.npmjs.org/@opentelemetry/instrumentation-cucumber/-/instrumentation-cucumber-0.8.0.tgz 0ms (cache hit)
562 http cache @opentelemetry/instrumentation-aws-sdk@https://registry.npmjs.org/@opentelemetry/instrumentation-aws-sdk/-/instrumentation-aws-sdk-0.43.1.tgz 0ms (cache hit)
563 http cache @opentelemetry/instrumentation-dns@https://registry.npmjs.org/@opentelemetry/instrumentation-dns/-/instrumentation-dns-0.38.0.tgz 0ms (cache hit)
564 http cache @opentelemetry/instrumentation-connect@https://registry.npmjs.org/@opentelemetry/instrumentation-connect/-/instrumentation-connect-0.38.0.tgz 0ms (cache hit)
565 http cache @opentelemetry/instrumentation-bunyan@https://registry.npmjs.org/@opentelemetry/instrumentation-bunyan/-/instrumentation-bunyan-0.40.0.tgz 0ms (cache hit)
566 http cache @opentelemetry/instrumentation-cassandra-driver@https://registry.npmjs.org/@opentelemetry/instrumentation-cassandra-driver/-/instrumentation-cassandra-driver-0.40.0.tgz 0ms (cache hit)
567 http cache @opentelemetry/instrumentation-aws-lambda@https://registry.npmjs.org/@opentelemetry/instrumentation-aws-lambda/-/instrumentation-aws-lambda-0.43.0.tgz 0ms (cache hit)
568 http cache @opentelemetry/instrumentation@https://registry.npmjs.org/@opentelemetry/instrumentation/-/instrumentation-0.52.1.tgz 0ms (cache hit)
569 http cache @opentelemetry/instrumentation-amqplib@https://registry.npmjs.org/@opentelemetry/instrumentation-amqplib/-/instrumentation-amqplib-0.41.0.tgz 0ms (cache hit)
570 http cache @opentelemetry/exporter-trace-otlp-http@https://registry.npmjs.org/@opentelemetry/exporter-trace-otlp-http/-/exporter-trace-otlp-http-0.52.1.tgz 0ms (cache hit)
571 http cache @opentelemetry/exporter-zipkin@https://registry.npmjs.org/@opentelemetry/exporter-zipkin/-/exporter-zipkin-1.25.1.tgz 0ms (cache hit)
572 http cache @opentelemetry/exporter-trace-otlp-proto@https://registry.npmjs.org/@opentelemetry/exporter-trace-otlp-proto/-/exporter-trace-otlp-proto-0.52.1.tgz 0ms (cache hit)
573 http cache @opentelemetry/exporter-trace-otlp-grpc@https://registry.npmjs.org/@opentelemetry/exporter-trace-otlp-grpc/-/exporter-trace-otlp-grpc-0.52.1.tgz 0ms (cache hit)
574 http cache @opentelemetry/auto-instrumentations-node@https://registry.npmjs.org/@opentelemetry/auto-instrumentations-node/-/auto-instrumentations-node-0.49.2.tgz 0ms (cache hit)
575 http cache @opentelemetry/core@https://registry.npmjs.org/@opentelemetry/core/-/core-1.25.1.tgz 0ms (cache hit)
576 http cache @opentelemetry/context-async-hooks@https://registry.npmjs.org/@opentelemetry/context-async-hooks/-/context-async-hooks-1.25.1.tgz 0ms (cache hit)
577 http cache @nodelib/fs.stat@https://registry.npmjs.org/@nodelib/fs.stat/-/fs.stat-2.0.5.tgz 0ms (cache hit)
578 http cache @opentelemetry/api-logs@https://registry.npmjs.org/@opentelemetry/api-logs/-/api-logs-0.52.1.tgz 0ms (cache hit)
579 http cache @nodelib/fs.scandir@https://registry.npmjs.org/@nodelib/fs.scandir/-/fs.scandir-2.1.5.tgz 0ms (cache hit)
580 http cache @nodelib/fs.walk@https://registry.npmjs.org/@nodelib/fs.walk/-/fs.walk-1.2.8.tgz 0ms (cache hit)
581 http cache @next/env@https://registry.npmjs.org/@next/env/-/env-15.3.8.tgz 0ms (cache hit)
582 http cache @jridgewell/resolve-uri@https://registry.npmjs.org/@jridgewell/resolve-uri/-/resolve-uri-3.1.2.tgz 0ms (cache hit)
583 http cache @hookform/resolvers@https://registry.npmjs.org/@hookform/resolvers/-/resolvers-4.1.3.tgz 0ms (cache hit)
584 http cache @isaacs/cliui@https://registry.npmjs.org/@isaacs/cliui/-/cliui-8.0.2.tgz 0ms (cache hit)
585 http cache @js-sdsl/ordered-map@https://registry.npmjs.org/@js-sdsl/ordered-map/-/ordered-map-4.4.2.tgz 0ms (cache hit)
586 http cache @google-cloud/projectify@https://registry.npmjs.org/@google-cloud/projectify/-/projectify-4.0.0.tgz 0ms (cache hit)
587 http cache @grpc/proto-loader@https://registry.npmjs.org/@grpc/proto-loader/-/proto-loader-0.7.13.tgz 0ms (cache hit)
588 http cache @google-cloud/precise-date@https://registry.npmjs.org/@google-cloud/precise-date/-/precise-date-4.0.0.tgz 0ms (cache hit)
589 http cache @google-cloud/paginator@https://registry.npmjs.org/@google-cloud/paginator/-/paginator-5.0.2.tgz 0ms (cache hit)
590 http cache @google-cloud/opentelemetry-resource-util@https://registry.npmjs.org/@google-cloud/opentelemetry-resource-util/-/opentelemetry-resource-util-2.4.0.tgz 0ms (cache hit)
591 http cache @google-cloud/opentelemetry-cloud-trace-exporter@https://registry.npmjs.org/@google-cloud/opentelemetry-cloud-trace-exporter/-/opentelemetry-cloud-trace-exporter-2.4.1.tgz 0ms (cache hit)
592 http cache @google-cloud/firestore@https://registry.npmjs.org/@google-cloud/firestore/-/firestore-7.11.6.tgz 0ms (cache hit)
593 http cache @dnd-kit/utilities@https://registry.npmjs.org/@dnd-kit/utilities/-/utilities-3.2.2.tgz 0ms (cache hit)
594 http cache @google-cloud/opentelemetry-cloud-monitoring-exporter@https://registry.npmjs.org/@google-cloud/opentelemetry-cloud-monitoring-exporter/-/opentelemetry-cloud-monitoring-exporter-0.19.0.tgz 0ms (cache hit)
595 http cache @google-cloud/promisify@https://registry.npmjs.org/@google-cloud/promisify/-/promisify-4.0.0.tgz 0ms (cache hit)
596 http cache @dnd-kit/sortable@https://registry.npmjs.org/@dnd-kit/sortable/-/sortable-8.0.0.tgz 0ms (cache hit)
597 http cache @dnd-kit/accessibility@https://registry.npmjs.org/@dnd-kit/accessibility/-/accessibility-3.1.1.tgz 0ms (cache hit)
598 http cache @dnd-kit/modifiers@https://registry.npmjs.org/@dnd-kit/modifiers/-/modifiers-7.0.0.tgz 0ms (cache hit)
599 http cache @cspotcode/source-map-support@https://registry.npmjs.org/@cspotcode/source-map-support/-/source-map-support-0.8.1.tgz 0ms (cache hit)
600 http cache @dnd-kit/core@https://registry.npmjs.org/@dnd-kit/core/-/core-6.3.1.tgz 0ms (cache hit)
601 http cache yargs-parser@https://registry.npmjs.org/yargs-parser/-/yargs-parser-21.1.1.tgz 0ms (cache hit)
602 http cache y18n@https://registry.npmjs.org/y18n/-/y18n-5.0.8.tgz 0ms (cache hit)
603 http cache yn@https://registry.npmjs.org/yn/-/yn-3.1.1.tgz 0ms (cache hit)
604 http cache xtend@https://registry.npmjs.org/xtend/-/xtend-4.0.2.tgz 0ms (cache hit)
605 http cache yaml@https://registry.npmjs.org/yaml/-/yaml-2.8.0.tgz 0ms (cache hit)
606 http cache xlsx@https://registry.npmjs.org/xlsx/-/xlsx-0.18.5.tgz 0ms (cache hit)
607 http cache wrappy@https://registry.npmjs.org/wrappy/-/wrappy-1.0.2.tgz 0ms (cache hit)
608 http cache wrap-ansi-cjs@https://registry.npmjs.org/wrap-ansi/-/wrap-ansi-7.0.0.tgz 0ms (cache hit)
609 http cache wordwrap@https://registry.npmjs.org/wordwrap/-/wordwrap-1.0.0.tgz 0ms (cache hit)
610 http cache word@https://registry.npmjs.org/word/-/word-0.3.0.tgz 0ms (cache hit)
611 http cache wmf@https://registry.npmjs.org/wmf/-/wmf-1.0.2.tgz 0ms (cache hit)
612 http cache winston-transport@https://registry.npmjs.org/winston-transport/-/winston-transport-4.9.0.tgz 0ms (cache hit)
613 http cache which@https://registry.npmjs.org/which/-/which-2.0.2.tgz 0ms (cache hit)
614 http cache whatwg-url@https://registry.npmjs.org/whatwg-url/-/whatwg-url-5.0.0.tgz 0ms (cache hit)
615 http cache websocket-extensions@https://registry.npmjs.org/websocket-extensions/-/websocket-extensions-0.1.4.tgz 0ms (cache hit)
616 http cache victory-vendor@https://registry.npmjs.org/victory-vendor/-/victory-vendor-36.9.2.tgz 0ms (cache hit)
617 http cache webidl-conversions@https://registry.npmjs.org/webidl-conversions/-/webidl-conversions-3.0.1.tgz 0ms (cache hit)
618 http cache vary@https://registry.npmjs.org/vary/-/vary-1.1.2.tgz 0ms (cache hit)
619 http cache web-streams-polyfill@https://registry.npmjs.org/web-streams-polyfill/-/web-streams-polyfill-3.3.3.tgz 0ms (cache hit)
620 http cache uuid@https://registry.npmjs.org/uuid/-/uuid-10.0.0.tgz 0ms (cache hit)
621 http cache v8-compile-cache-lib@https://registry.npmjs.org/v8-compile-cache-lib/-/v8-compile-cache-lib-3.0.1.tgz 0ms (cache hit)
622 http cache util-deprecate@https://registry.npmjs.org/util-deprecate/-/util-deprecate-1.0.2.tgz 0ms (cache hit)
623 http cache utils-merge@https://registry.npmjs.org/utils-merge/-/utils-merge-1.0.1.tgz 0ms (cache hit)
624 http cache use-callback-ref@https://registry.npmjs.org/use-callback-ref/-/use-callback-ref-1.3.3.tgz 0ms (cache hit)
625 http cache use-sidecar@https://registry.npmjs.org/use-sidecar/-/use-sidecar-1.1.3.tgz 0ms (cache hit)
626 http cache uri-templates@https://registry.npmjs.org/uri-templates/-/uri-templates-0.2.0.tgz 0ms (cache hit)
627 http cache url-template@https://registry.npmjs.org/url-template/-/url-template-2.0.8.tgz 0ms (cache hit)
628 http cache universalify@https://registry.npmjs.org/universalify/-/universalify-2.0.1.tgz 0ms (cache hit)
629 http cache typescript@https://registry.npmjs.org/typescript/-/typescript-5.7.3.tgz 0ms (cache hit)
630 http cache unpipe@https://registry.npmjs.org/unpipe/-/unpipe-1.0.0.tgz 0ms (cache hit)
631 http cache uglify-js@https://registry.npmjs.org/uglify-js/-/uglify-js-3.19.3.tgz 0ms (cache hit)
632 http cache type-is@https://registry.npmjs.org/type-is/-/type-is-1.6.18.tgz 0ms (cache hit)
633 http cache tsx@https://registry.npmjs.org/tsx/-/tsx-4.20.6.tgz 0ms (cache hit)
634 http cache tslib@https://registry.npmjs.org/tslib/-/tslib-2.8.1.tgz 0ms (cache hit)
635 http cache ts-node@https://registry.npmjs.org/ts-node/-/ts-node-10.9.2.tgz 0ms (cache hit)
636 http cache triple-beam@https://registry.npmjs.org/triple-beam/-/triple-beam-1.4.1.tgz 0ms (cache hit)
637 http cache toidentifier@https://registry.npmjs.org/toidentifier/-/toidentifier-1.0.1.tgz 0ms (cache hit)
638 http cache tr46@https://registry.npmjs.org/tr46/-/tr46-0.0.3.tgz 0ms (cache hit)
639 http cache to-regex-range@https://registry.npmjs.org/to-regex-range/-/to-regex-range-5.0.1.tgz 0ms (cache hit)
640 http cache tiny-invariant@https://registry.npmjs.org/tiny-invariant/-/tiny-invariant-1.3.3.tgz 0ms (cache hit)
641 http cache thriftrw@https://registry.npmjs.org/thriftrw/-/thriftrw-3.11.4.tgz 0ms (cache hit)
642 http cache thenify@https://registry.npmjs.org/thenify/-/thenify-3.3.1.tgz 0ms (cache hit)
643 http cache thenify-all@https://registry.npmjs.org/thenify-all/-/thenify-all-1.6.0.tgz 0ms (cache hit)
644 http cache ts-interface-checker@https://registry.npmjs.org/ts-interface-checker/-/ts-interface-checker-0.1.13.tgz 0ms (cache hit)
645 http cache text-hex@https://registry.npmjs.org/text-hex/-/text-hex-1.0.0.tgz 0ms (cache hit)
646 http cache tailwindcss-animate@https://registry.npmjs.org/tailwindcss-animate/-/tailwindcss-animate-1.0.7.tgz 0ms (cache hit)
647 http cache supports-color@https://registry.npmjs.org/supports-color/-/supports-color-7.2.0.tgz 0ms (cache hit)
648 http cache tailwindcss@https://registry.npmjs.org/tailwindcss/-/tailwindcss-3.4.17.tgz 0ms (cache hit)
649 http cache supports-preserve-symlinks-flag@https://registry.npmjs.org/supports-preserve-symlinks-flag/-/supports-preserve-symlinks-flag-1.0.0.tgz 0ms (cache hit)
650 http cache supabase@https://registry.npmjs.org/supabase/-/supabase-2.117.0.tgz 0ms (cache hit)
651 http cache sucrase@https://registry.npmjs.org/sucrase/-/sucrase-3.35.0.tgz 0ms (cache hit)
652 http cache styled-jsx@https://registry.npmjs.org/styled-jsx/-/styled-jsx-5.1.6.tgz 0ms (cache hit)
653 http cache stubs@https://registry.npmjs.org/stubs/-/stubs-3.0.0.tgz 0ms (cache hit)
654 http cache string_decoder@https://registry.npmjs.org/string_decoder/-/string_decoder-1.3.0.tgz 0ms (cache hit)
655 http cache streamsearch@https://registry.npmjs.org/streamsearch/-/streamsearch-1.1.0.tgz 0ms (cache hit)
656 http cache stack-trace@https://registry.npmjs.org/stack-trace/-/stack-trace-0.0.10.tgz 0ms (cache hit)
657 http cache ssf@https://registry.npmjs.org/ssf/-/ssf-0.11.2.tgz 0ms (cache hit)
658 http cache stream-shift@https://registry.npmjs.org/stream-shift/-/stream-shift-1.0.3.tgz 0ms (cache hit)
659 http cache source-map-js@https://registry.npmjs.org/source-map-js/-/source-map-js-1.2.1.tgz 0ms (cache hit)
660 http cache stream-events@https://registry.npmjs.org/stream-events/-/stream-events-1.0.5.tgz 0ms (cache hit)
661 http cache source-map@https://registry.npmjs.org/source-map/-/source-map-0.6.1.tgz 0ms (cache hit)
662 http cache slash@https://registry.npmjs.org/slash/-/slash-2.0.0.tgz 0ms (cache hit)
663 http cache signal-exit@https://registry.npmjs.org/signal-exit/-/signal-exit-4.1.0.tgz 0ms (cache hit)
664 http cache side-channel-weakmap@https://registry.npmjs.org/side-channel-weakmap/-/side-channel-weakmap-1.0.2.tgz 0ms (cache hit)
665 http cache side-channel-map@https://registry.npmjs.org/side-channel-map/-/side-channel-map-1.0.1.tgz 0ms (cache hit)
666 http cache setprototypeof@https://registry.npmjs.org/setprototypeof/-/setprototypeof-1.2.0.tgz 0ms (cache hit)
667 http cache set-function-length@https://registry.npmjs.org/set-function-length/-/set-function-length-1.2.2.tgz 0ms (cache hit)
668 http cache semver@https://registry.npmjs.org/semver/-/semver-7.7.2.tgz 0ms (cache hit)
669 http cache scheduler@https://registry.npmjs.org/scheduler/-/scheduler-0.23.2.tgz 0ms (cache hit)
670 http cache safer-buffer@https://registry.npmjs.org/safer-buffer/-/safer-buffer-2.1.2.tgz 0ms (cache hit)
671 http cache shimmer@https://registry.npmjs.org/shimmer/-/shimmer-1.2.1.tgz 0ms (cache hit)
672 http cache safe-buffer@https://registry.npmjs.org/safe-buffer/-/safe-buffer-5.2.1.tgz 0ms (cache hit)
673 http cache safe-stable-stringify@https://registry.npmjs.org/safe-stable-stringify/-/safe-stable-stringify-2.5.0.tgz 0ms (cache hit)
674 http cache rimraf@https://registry.npmjs.org/rimraf/-/rimraf-2.7.1.tgz 0ms (cache hit)
675 http cache run-parallel@https://registry.npmjs.org/run-parallel/-/run-parallel-1.2.0.tgz 0ms (cache hit)
676 http cache retry@https://registry.npmjs.org/retry/-/retry-0.13.1.tgz 0ms (cache hit)
677 http cache resolve@https://registry.npmjs.org/resolve/-/resolve-1.22.10.tgz 0ms (cache hit)
678 http cache require-from-string@https://registry.npmjs.org/require-from-string/-/require-from-string-2.0.2.tgz 0ms (cache hit)
679 http cache require-in-the-middle@https://registry.npmjs.org/require-in-the-middle/-/require-in-the-middle-7.5.2.tgz 0ms (cache hit)
680 http cache require-directory@https://registry.npmjs.org/require-directory/-/require-directory-2.1.1.tgz 0ms (cache hit)
681 http cache readdirp@https://registry.npmjs.org/readdirp/-/readdirp-3.6.0.tgz 0ms (cache hit)
682 http cache readable-stream@https://registry.npmjs.org/readable-stream/-/readable-stream-3.6.2.tgz 0ms (cache hit)
683 http cache recharts-scale@https://registry.npmjs.org/recharts-scale/-/recharts-scale-0.4.5.tgz 0ms (cache hit)
684 http cache react-transition-group@https://registry.npmjs.org/react-transition-group/-/react-transition-group-4.4.5.tgz 0ms (cache hit)
685 http cache react-style-singleton@https://registry.npmjs.org/react-style-singleton/-/react-style-singleton-2.2.3.tgz 0ms (cache hit)
686 http cache react-smooth@https://registry.npmjs.org/react-smooth/-/react-smooth-4.0.4.tgz 0ms (cache hit)
687 http cache react-remove-scroll-bar@https://registry.npmjs.org/react-remove-scroll-bar/-/react-remove-scroll-bar-2.3.8.tgz 0ms (cache hit)
688 http cache react-dom@https://registry.npmjs.org/react-dom/-/react-dom-18.3.1.tgz 0ms (cache hit)
689 http cache react-is@https://registry.npmjs.org/react-is/-/react-is-18.3.1.tgz 0ms (cache hit)
690 http cache react@https://registry.npmjs.org/react/-/react-18.3.1.tgz 0ms (cache hit)
691 http cache range-parser@https://registry.npmjs.org/range-parser/-/range-parser-1.2.1.tgz 0ms (cache hit)
692 http cache queue-microtask@https://registry.npmjs.org/queue-microtask/-/queue-microtask-1.2.3.tgz 0ms (cache hit)
693 http cache pumpify@https://registry.npmjs.org/pumpify/-/pumpify-2.0.1.tgz 0ms (cache hit)
694 http cache qrcode@https://registry.npmjs.org/qrcode/-/qrcode-1.5.4.tgz 0ms (cache hit)
695 http cache ps-tree@https://registry.npmjs.org/ps-tree/-/ps-tree-1.2.0.tgz 0ms (cache hit)
696 http cache proxy-addr@https://registry.npmjs.org/proxy-addr/-/proxy-addr-2.0.7.tgz 0ms (cache hit)
697 http cache proto3-json-serializer@https://registry.npmjs.org/proto3-json-serializer/-/proto3-json-serializer-2.0.2.tgz 0ms (cache hit)
698 http cache prop-types@https://registry.npmjs.org/prop-types/-/prop-types-15.8.1.tgz 0ms (cache hit)
699 http cache postgres-date@https://registry.npmjs.org/postgres-date/-/postgres-date-1.0.7.tgz 0ms (cache hit)
700 http cache postgres-interval@https://registry.npmjs.org/postgres-interval/-/postgres-interval-1.2.0.tgz 0ms (cache hit)
701 http cache postcss-value-parser@https://registry.npmjs.org/postcss-value-parser/-/postcss-value-parser-4.2.0.tgz 0ms (cache hit)
702 http cache postgres-array@https://registry.npmjs.org/postgres-array/-/postgres-array-2.0.0.tgz 0ms (cache hit)
703 http cache postcss-nested@https://registry.npmjs.org/postcss-nested/-/postcss-nested-6.2.0.tgz 0ms (cache hit)
704 http cache postcss-import@https://registry.npmjs.org/postcss-import/-/postcss-import-15.1.0.tgz 0ms (cache hit)
705 http cache pg-types@https://registry.npmjs.org/pg-types/-/pg-types-2.2.0.tgz 0ms (cache hit)
706 http cache picocolors@https://registry.npmjs.org/picocolors/-/picocolors-1.1.1.tgz 0ms (cache hit)
707 http cache path-parse@https://registry.npmjs.org/path-parse/-/path-parse-1.0.7.tgz 0ms (cache hit)
708 http cache pg-int8@https://registry.npmjs.org/pg-int8/-/pg-int8-1.0.1.tgz 0ms (cache hit)
709 http cache path-is-absolute@https://registry.npmjs.org/path-is-absolute/-/path-is-absolute-1.0.1.tgz 0ms (cache hit)
710 http cache path-scurry@https://registry.npmjs.org/path-scurry/-/path-scurry-1.11.1.tgz 0ms (cache hit)
711 http cache partial-json@https://registry.npmjs.org/partial-json/-/partial-json-0.1.7.tgz 0ms (cache hit)
712 http cache parseurl@https://registry.npmjs.org/parseurl/-/parseurl-1.3.3.tgz 0ms (cache hit)
713 http cache package-json-from-dist@https://registry.npmjs.org/package-json-from-dist/-/package-json-from-dist-1.0.1.tgz 0ms (cache hit)
714 http cache once@https://registry.npmjs.org/once/-/once-1.4.0.tgz 0ms (cache hit)
715 http cache one-time@https://registry.npmjs.org/one-time/-/one-time-1.0.0.tgz 0ms (cache hit)
716 http cache on-finished@https://registry.npmjs.org/on-finished/-/on-finished-2.4.1.tgz 0ms (cache hit)
717 http cache patch-package@https://registry.npmjs.org/patch-package/-/patch-package-8.0.0.tgz 0ms (cache hit)
718 http cache object-inspect@https://registry.npmjs.org/object-inspect/-/object-inspect-1.13.4.tgz 0ms (cache hit)
719 http cache object-keys@https://registry.npmjs.org/object-keys/-/object-keys-1.1.1.tgz 0ms (cache hit)
720 http cache object-hash@https://registry.npmjs.org/object-hash/-/object-hash-3.0.0.tgz 0ms (cache hit)
721 http cache object-assign@https://registry.npmjs.org/object-assign/-/object-assign-4.1.1.tgz 0ms (cache hit)
722 http cache normalize-path@https://registry.npmjs.org/normalize-path/-/normalize-path-3.0.0.tgz 0ms (cache hit)
723 http cache node-fetch@https://registry.npmjs.org/node-fetch/-/node-fetch-3.3.2.tgz 0ms (cache hit)
724 http cache node-domexception@https://registry.npmjs.org/node-domexception/-/node-domexception-1.0.0.tgz 0ms (cache hit)
725 http cache next@https://registry.npmjs.org/next/-/next-15.3.8.tgz 0ms (cache hit)
726 http cache neo-async@https://registry.npmjs.org/neo-async/-/neo-async-2.6.2.tgz 0ms (cache hit)
727 http cache negotiator@https://registry.npmjs.org/negotiator/-/negotiator-0.6.3.tgz 0ms (cache hit)
728 http cache ms@https://registry.npmjs.org/ms/-/ms-2.0.0.tgz 0ms (cache hit)
729 http cache mz@https://registry.npmjs.org/mz/-/mz-2.7.0.tgz 0ms (cache hit)
730 http cache module-details-from-path@https://registry.npmjs.org/module-details-from-path/-/module-details-from-path-1.0.4.tgz 0ms (cache hit)
731 http cache mkdirp@https://registry.npmjs.org/mkdirp/-/mkdirp-0.5.6.tgz 0ms (cache hit)
732 http cache mime@https://registry.npmjs.org/mime/-/mime-3.0.0.tgz 0ms (cache hit)
733 http cache minimist@https://registry.npmjs.org/minimist/-/minimist-1.2.8.tgz 0ms (cache hit)
734 http cache mime-types@https://registry.npmjs.org/mime-types/-/mime-types-2.1.35.tgz 0ms (cache hit)
735 http cache mime-db@https://registry.npmjs.org/mime-db/-/mime-db-1.52.0.tgz 0ms (cache hit)
736 http cache methods@https://registry.npmjs.org/methods/-/methods-1.1.2.tgz 0ms (cache hit)
737 http cache micromatch@https://registry.npmjs.org/micromatch/-/micromatch-4.0.8.tgz 0ms (cache hit)
738 http cache nanoid@https://registry.npmjs.org/nanoid/-/nanoid-3.3.8.tgz 0ms (cache hit)
739 http cache merge2@https://registry.npmjs.org/merge2/-/merge2-1.4.1.tgz 0ms (cache hit)
740 http cache merge-descriptors@https://registry.npmjs.org/merge-descriptors/-/merge-descriptors-1.0.3.tgz 0ms (cache hit)
741 http cache math-intrinsics@https://registry.npmjs.org/math-intrinsics/-/math-intrinsics-1.1.0.tgz 0ms (cache hit)
742 http cache media-typer@https://registry.npmjs.org/media-typer/-/media-typer-0.3.0.tgz 0ms (cache hit)
743 http cache lucide-react@https://registry.npmjs.org/lucide-react/-/lucide-react-0.475.0.tgz 0ms (cache hit)
744 http cache make-error@https://registry.npmjs.org/make-error/-/make-error-1.3.6.tgz 0ms (cache hit)
745 http cache loose-envify@https://registry.npmjs.org/loose-envify/-/loose-envify-1.4.0.tgz 0ms (cache hit)
746 http cache logform@https://registry.npmjs.org/logform/-/logform-2.7.0.tgz 0ms (cache hit)
747 http cache lodash.once@https://registry.npmjs.org/lodash.once/-/lodash.once-4.1.1.tgz 0ms (cache hit)
748 http cache lodash.merge@https://registry.npmjs.org/lodash.merge/-/lodash.merge-4.6.2.tgz 0ms (cache hit)
749 http cache lodash.mapvalues@https://registry.npmjs.org/lodash.mapvalues/-/lodash.mapvalues-4.6.0.tgz 0ms (cache hit)
750 http cache lodash.isplainobject@https://registry.npmjs.org/lodash.isplainobject/-/lodash.isplainobject-4.0.6.tgz 0ms (cache hit)
751 http cache lodash.isnumber@https://registry.npmjs.org/lodash.isnumber/-/lodash.isnumber-3.0.3.tgz 0ms (cache hit)
752 http cache lodash.isstring@https://registry.npmjs.org/lodash.isstring/-/lodash.isstring-4.0.1.tgz 0ms (cache hit)
753 http cache lodash.isinteger@https://registry.npmjs.org/lodash.isinteger/-/lodash.isinteger-4.0.4.tgz 0ms (cache hit)
754 http cache lodash.clonedeep@https://registry.npmjs.org/lodash.clonedeep/-/lodash.clonedeep-4.5.0.tgz 0ms (cache hit)
755 http cache lodash.includes@https://registry.npmjs.org/lodash.includes/-/lodash.includes-4.3.0.tgz 0ms (cache hit)
756 http cache lodash.isboolean@https://registry.npmjs.org/lodash.isboolean/-/lodash.isboolean-3.0.3.tgz 0ms (cache hit)
757 http cache lodash.camelcase@https://registry.npmjs.org/lodash.camelcase/-/lodash.camelcase-4.3.0.tgz 0ms (cache hit)
758 http cache lines-and-columns@https://registry.npmjs.org/lines-and-columns/-/lines-and-columns-1.2.4.tgz 0ms (cache hit)
759 http cache lilconfig@https://registry.npmjs.org/lilconfig/-/lilconfig-3.1.3.tgz 0ms (cache hit)
760 http cache limiter@https://registry.npmjs.org/limiter/-/limiter-1.1.5.tgz 0ms (cache hit)
761 http cache kuler@https://registry.npmjs.org/kuler/-/kuler-2.0.0.tgz 0ms (cache hit)
762 http cache klaw-sync@https://registry.npmjs.org/klaw-sync/-/klaw-sync-6.0.0.tgz 0ms (cache hit)
763 http cache jsonify@https://registry.npmjs.org/jsonify/-/jsonify-0.0.1.tgz 0ms (cache hit)
764 http cache json5@https://registry.npmjs.org/json5/-/json5-2.2.3.tgz 0ms (cache hit)
765 http cache json-schema@https://registry.npmjs.org/json-schema/-/json-schema-0.4.0.tgz 0ms (cache hit)
766 http cache js-yaml@https://registry.npmjs.org/js-yaml/-/js-yaml-4.1.0.tgz 0ms (cache hit)
767 http cache js-tokens@https://registry.npmjs.org/js-tokens/-/js-tokens-4.0.0.tgz 0ms (cache hit)
768 http cache json-bigint@https://registry.npmjs.org/json-bigint/-/json-bigint-1.0.0.tgz 0ms (cache hit)
769 http cache jodit-react@https://registry.npmjs.org/jodit-react/-/jodit-react-4.1.2.tgz 0ms (cache hit)
770 http cache jiti@https://registry.npmjs.org/jiti/-/jiti-1.21.7.tgz 0ms (cache hit)
771 http cache isarray@https://registry.npmjs.org/isarray/-/isarray-2.0.5.tgz 0ms (cache hit)
772 http cache is-stream@https://registry.npmjs.org/is-stream/-/is-stream-2.0.1.tgz 0ms (cache hit)
773 http cache is-obj@https://registry.npmjs.org/is-obj/-/is-obj-2.0.0.tgz 0ms (cache hit)
774 http cache is-number@https://registry.npmjs.org/is-number/-/is-number-7.0.0.tgz 0ms (cache hit)
775 http cache inherits@https://registry.npmjs.org/inherits/-/inherits-2.0.4.tgz 0ms (cache hit)
776 http cache is-fullwidth-code-point@https://registry.npmjs.org/is-fullwidth-code-point/-/is-fullwidth-code-point-3.0.0.tgz 0ms (cache hit)
777 http cache is-docker@https://registry.npmjs.org/is-docker/-/is-docker-2.2.1.tgz 0ms (cache hit)
778 http cache is-binary-path@https://registry.npmjs.org/is-binary-path/-/is-binary-path-2.1.0.tgz 0ms (cache hit)
779 http cache ipaddr.js@https://registry.npmjs.org/ipaddr.js/-/ipaddr.js-1.9.1.tgz 0ms (cache hit)
780 http cache jackspeak@https://registry.npmjs.org/jackspeak/-/jackspeak-3.4.3.tgz 0ms (cache hit)
781 http cache iconv-lite@https://registry.npmjs.org/iconv-lite/-/iconv-lite-0.4.24.tgz 0ms (cache hit)
782 http cache https-proxy-agent@https://registry.npmjs.org/https-proxy-agent/-/https-proxy-agent-7.0.6.tgz 0ms (cache hit)
783 http cache internmap@https://registry.npmjs.org/internmap/-/internmap-2.0.3.tgz 0ms (cache hit)
784 http cache html5-qrcode@https://registry.npmjs.org/html5-qrcode/-/html5-qrcode-2.3.8.tgz 0ms (cache hit)
785 http cache iceberg-js@https://registry.npmjs.org/iceberg-js/-/iceberg-js-0.8.1.tgz 0ms (cache hit)
786 http cache http-parser-js@https://registry.npmjs.org/http-parser-js/-/http-parser-js-0.5.10.tgz 0ms (cache hit)
787 http cache html-entities@https://registry.npmjs.org/html-entities/-/html-entities-2.6.0.tgz 0ms (cache hit)
788 http cache hexer@https://registry.npmjs.org/hexer/-/hexer-1.5.0.tgz 0ms (cache hit)
789 http cache has-tostringtag@https://registry.npmjs.org/has-tostringtag/-/has-tostringtag-1.0.2.tgz 0ms (cache hit)
790 http cache has-symbols@https://registry.npmjs.org/has-symbols/-/has-symbols-1.1.0.tgz 0ms (cache hit)
791 http cache has-flag@https://registry.npmjs.org/has-flag/-/has-flag-4.0.0.tgz 0ms (cache hit)
792 http cache has-property-descriptors@https://registry.npmjs.org/has-property-descriptors/-/has-property-descriptors-1.0.2.tgz 0ms (cache hit)
793 http cache handlebars@https://registry.npmjs.org/handlebars/-/handlebars-4.7.8.tgz 0ms (cache hit)
794 http cache graceful-fs@https://registry.npmjs.org/graceful-fs/-/graceful-fs-4.2.11.tgz 0ms (cache hit)
795 http cache gtoken@https://registry.npmjs.org/gtoken/-/gtoken-7.1.0.tgz 0ms (cache hit)
796 http cache gopd@https://registry.npmjs.org/gopd/-/gopd-1.2.0.tgz 0ms (cache hit)
797 http cache googleapis@https://registry.npmjs.org/googleapis/-/googleapis-137.1.0.tgz 0ms (cache hit)
798 http cache googleapis-common@https://registry.npmjs.org/googleapis-common/-/googleapis-common-7.2.0.tgz 0ms (cache hit)
799 http cache google-gax@https://registry.npmjs.org/google-gax/-/google-gax-4.6.1.tgz 0ms (cache hit)
800 http cache google-logging-utils@https://registry.npmjs.org/google-logging-utils/-/google-logging-utils-0.0.2.tgz 0ms (cache hit)
801 http cache google-auth-library@https://registry.npmjs.org/google-auth-library/-/google-auth-library-9.15.1.tgz 0ms (cache hit)
802 http cache glob@https://registry.npmjs.org/glob/-/glob-10.4.5.tgz 0ms (cache hit)
803 http cache get-proto@https://registry.npmjs.org/get-proto/-/get-proto-1.0.1.tgz 0ms (cache hit)
804 http cache get-nonce@https://registry.npmjs.org/get-nonce/-/get-nonce-1.0.1.tgz 0ms (cache hit)
805 http cache get-port@https://registry.npmjs.org/get-port/-/get-port-5.1.1.tgz 0ms (cache hit)
806 http cache get-caller-file@https://registry.npmjs.org/get-caller-file/-/get-caller-file-2.0.5.tgz 0ms (cache hit)
807 http cache gcp-metadata@https://registry.npmjs.org/gcp-metadata/-/gcp-metadata-6.1.1.tgz 0ms (cache hit)
808 http cache genkit-cli@https://registry.npmjs.org/genkit-cli/-/genkit-cli-1.20.0.tgz 0ms (cache hit)
809 http cache gaxios@https://registry.npmjs.org/gaxios/-/gaxios-6.7.1.tgz 0ms (cache hit)
810 http cache function-bind@https://registry.npmjs.org/function-bind/-/function-bind-1.1.2.tgz 0ms (cache hit)
811 http cache functional-red-black-tree@https://registry.npmjs.org/functional-red-black-tree/-/functional-red-black-tree-1.0.1.tgz 0ms (cache hit)
812 http cache inflight@https://registry.npmjs.org/inflight/-/inflight-1.0.6.tgz 0ms (cache hit)
813 http cache fsevents@https://registry.npmjs.org/fsevents/-/fsevents-2.3.3.tgz 0ms (cache hit)
814 http cache fs.realpath@https://registry.npmjs.org/fs.realpath/-/fs.realpath-1.0.0.tgz 0ms (cache hit)
815 http cache frac@https://registry.npmjs.org/frac/-/frac-1.1.2.tgz 0ms (cache hit)
816 http cache fresh@https://registry.npmjs.org/fresh/-/fresh-0.5.2.tgz 0ms (cache hit)
817 http cache forwarded@https://registry.npmjs.org/forwarded/-/forwarded-0.2.0.tgz 0ms (cache hit)
818 http cache fn.name@https://registry.npmjs.org/fn.name/-/fn.name-1.1.0.tgz 0ms (cache hit)
819 http cache find-yarn-workspace-root@https://registry.npmjs.org/find-yarn-workspace-root/-/find-yarn-workspace-root-2.0.0.tgz 0ms (cache hit)
820 http cache fill-range@https://registry.npmjs.org/fill-range/-/fill-range-7.1.1.tgz 0ms (cache hit)
821 http cache fetch-blob@https://registry.npmjs.org/fetch-blob/-/fetch-blob-3.2.0.tgz 0ms (cache hit)
822 http cache fecha@https://registry.npmjs.org/fecha/-/fecha-4.2.3.tgz 0ms (cache hit)
823 http cache formdata-polyfill@https://registry.npmjs.org/formdata-polyfill/-/formdata-polyfill-4.0.10.tgz 0ms (cache hit)
824 http cache faye-websocket@https://registry.npmjs.org/faye-websocket/-/faye-websocket-0.11.4.tgz 0ms (cache hit)
825 http cache fast-glob@https://registry.npmjs.org/fast-glob/-/fast-glob-3.3.3.tgz 0ms (cache hit)
826 http cache extract-zip@https://registry.npmjs.org/extract-zip/-/extract-zip-2.0.1.tgz 0ms (cache hit)
827 http cache extend@https://registry.npmjs.org/extend/-/extend-3.0.2.tgz 0ms (cache hit)
828 http cache fast-xml-parser@https://registry.npmjs.org/fast-xml-parser/-/fast-xml-parser-4.5.3.tgz 0ms (cache hit)
829 http cache eventemitter3@https://registry.npmjs.org/eventemitter3/-/eventemitter3-4.0.7.tgz 0ms (cache hit)
830 http cache event-target-shim@https://registry.npmjs.org/event-target-shim/-/event-target-shim-5.0.1.tgz 0ms (cache hit)
831 http cache etag@https://registry.npmjs.org/etag/-/etag-1.8.1.tgz 0ms (cache hit)
832 http cache es-set-tostringtag@https://registry.npmjs.org/es-set-tostringtag/-/es-set-tostringtag-2.1.0.tgz 0ms (cache hit)
833 http cache escape-html@https://registry.npmjs.org/escape-html/-/escape-html-1.0.3.tgz 0ms (cache hit)
834 http cache es-errors@https://registry.npmjs.org/es-errors/-/es-errors-1.3.0.tgz 0ms (cache hit)
835 http cache esbuild@https://registry.npmjs.org/esbuild/-/esbuild-0.25.10.tgz 0ms (cache hit)
836 http cache es-define-property@https://registry.npmjs.org/es-define-property/-/es-define-property-1.0.1.tgz 0ms (cache hit)
837 http cache enabled@https://registry.npmjs.org/enabled/-/enabled-2.0.0.tgz 0ms (cache hit)
838 http cache embla-carousel-reactive-utils@https://registry.npmjs.org/embla-carousel-reactive-utils/-/embla-carousel-reactive-utils-8.6.0.tgz 0ms (cache hit)
839 http cache embla-carousel-react@https://registry.npmjs.org/embla-carousel-react/-/embla-carousel-react-8.6.0.tgz 0ms (cache hit)
840 http cache ee-first@https://registry.npmjs.org/ee-first/-/ee-first-1.1.1.tgz 0ms (cache hit)
841 http cache encodeurl@https://registry.npmjs.org/encodeurl/-/encodeurl-2.0.0.tgz 0ms (cache hit)
842 http cache embla-carousel@https://registry.npmjs.org/embla-carousel/-/embla-carousel-8.6.0.tgz 0ms (cache hit)
843 http cache ecdsa-sig-formatter@https://registry.npmjs.org/ecdsa-sig-formatter/-/ecdsa-sig-formatter-1.0.11.tgz 0ms (cache hit)
844 http cache duplexify@https://registry.npmjs.org/duplexify/-/duplexify-4.1.3.tgz 0ms (cache hit)
845 http cache dunder-proto@https://registry.npmjs.org/dunder-proto/-/dunder-proto-1.0.1.tgz 0ms (cache hit)
846 http cache eastasianwidth@https://registry.npmjs.org/eastasianwidth/-/eastasianwidth-0.2.0.tgz 0ms (cache hit)
847 http cache dotprompt@https://registry.npmjs.org/dotprompt/-/dotprompt-1.1.2.tgz 0ms (cache hit)
848 http cache dot-prop@https://registry.npmjs.org/dot-prop/-/dot-prop-6.0.1.tgz 0ms (cache hit)
849 http cache dlv@https://registry.npmjs.org/dlv/-/dlv-1.1.3.tgz 0ms (cache hit)
850 http cache didyoumean@https://registry.npmjs.org/didyoumean/-/didyoumean-1.2.2.tgz 0ms (cache hit)
851 http cache detect-node-es@https://registry.npmjs.org/detect-node-es/-/detect-node-es-1.1.0.tgz 0ms (cache hit)
852 http cache dom-helpers@https://registry.npmjs.org/dom-helpers/-/dom-helpers-5.2.1.tgz 0ms (cache hit)
853 http cache depd@https://registry.npmjs.org/depd/-/depd-2.0.0.tgz 0ms (cache hit)
854 http cache destroy@https://registry.npmjs.org/destroy/-/destroy-1.2.0.tgz 0ms (cache hit)
855 http cache define-data-property@https://registry.npmjs.org/define-data-property/-/define-data-property-1.1.4.tgz 0ms (cache hit)
856 http cache delayed-stream@https://registry.npmjs.org/delayed-stream/-/delayed-stream-1.0.0.tgz 0ms (cache hit)
857 http cache decimal.js-light@https://registry.npmjs.org/decimal.js-light/-/decimal.js-light-2.5.1.tgz 0ms (cache hit)
858 http cache debug@https://registry.npmjs.org/debug/-/debug-2.6.9.tgz 0ms (cache hit)
859 http cache date-fns@https://registry.npmjs.org/date-fns/-/date-fns-3.6.0.tgz 0ms (cache hit)
860 http cache data-uri-to-buffer@https://registry.npmjs.org/data-uri-to-buffer/-/data-uri-to-buffer-4.0.1.tgz 0ms (cache hit)
861 http cache d3-timer@https://registry.npmjs.org/d3-timer/-/d3-timer-3.0.1.tgz 0ms (cache hit)
862 http cache d3-scale@https://registry.npmjs.org/d3-scale/-/d3-scale-4.0.2.tgz 0ms (cache hit)
863 http cache d3-time-format@https://registry.npmjs.org/d3-time-format/-/d3-time-format-4.1.0.tgz 0ms (cache hit)
864 http cache d3-shape@https://registry.npmjs.org/d3-shape/-/d3-shape-3.2.0.tgz 0ms (cache hit)
865 http cache d3-path@https://registry.npmjs.org/d3-path/-/d3-path-3.1.0.tgz 0ms (cache hit)
866 http cache d3-interpolate@https://registry.npmjs.org/d3-interpolate/-/d3-interpolate-3.0.1.tgz 0ms (cache hit)
867 http cache d3-ease@https://registry.npmjs.org/d3-ease/-/d3-ease-3.0.1.tgz 0ms (cache hit)
868 http cache d3-time@https://registry.npmjs.org/d3-time/-/d3-time-3.1.0.tgz 0ms (cache hit)
869 http cache d3-color@https://registry.npmjs.org/d3-color/-/d3-color-3.1.0.tgz 0ms (cache hit)
870 http cache cssesc@https://registry.npmjs.org/cssesc/-/cssesc-3.0.0.tgz 0ms (cache hit)
871 http cache d3-array@https://registry.npmjs.org/d3-array/-/d3-array-3.2.4.tgz 0ms (cache hit)
872 http cache create-require@https://registry.npmjs.org/create-require/-/create-require-1.1.1.tgz 0ms (cache hit)
873 http cache crc-32@https://registry.npmjs.org/crc-32/-/crc-32-1.2.2.tgz 0ms (cache hit)
874 http cache content-type@https://registry.npmjs.org/content-type/-/content-type-1.0.5.tgz 0ms (cache hit)
875 http cache content-disposition@https://registry.npmjs.org/content-disposition/-/content-disposition-0.5.4.tgz 0ms (cache hit)
876 http cache concat-map@https://registry.npmjs.org/concat-map/-/concat-map-0.0.1.tgz 0ms (cache hit)
877 http cache combined-stream@https://registry.npmjs.org/combined-stream/-/combined-stream-1.0.8.tgz 0ms (cache hit)
878 http cache colorette@https://registry.npmjs.org/colorette/-/colorette-2.0.20.tgz 0ms (cache hit)
879 http cache color-convert@https://registry.npmjs.org/color-convert/-/color-convert-2.0.1.tgz 0ms (cache hit)
880 http cache color-name@https://registry.npmjs.org/color-name/-/color-name-1.1.4.tgz 0ms (cache hit)
881 http cache cmdk@https://registry.npmjs.org/cmdk/-/cmdk-1.1.1.tgz 0ms (cache hit)
882 http cache clsx@https://registry.npmjs.org/clsx/-/clsx-2.1.1.tgz 0ms (cache hit)
883 http cache class-variance-authority@https://registry.npmjs.org/class-variance-authority/-/class-variance-authority-0.7.1.tgz 0ms (cache hit)
884 http cache client-only@https://registry.npmjs.org/client-only/-/client-only-0.0.1.tgz 0ms (cache hit)
885 http cache codepage@https://registry.npmjs.org/codepage/-/codepage-1.15.0.tgz 0ms (cache hit)
886 http cache cliui@https://registry.npmjs.org/cliui/-/cliui-8.0.1.tgz 0ms (cache hit)
887 http cache cjs-module-lexer@https://registry.npmjs.org/cjs-module-lexer/-/cjs-module-lexer-1.4.3.tgz 0ms (cache hit)
888 http cache chokidar@https://registry.npmjs.org/chokidar/-/chokidar-3.6.0.tgz 0ms (cache hit)
889 http cache ci-info@https://registry.npmjs.org/ci-info/-/ci-info-3.9.0.tgz 0ms (cache hit)
890 http cache chalk@https://registry.npmjs.org/chalk/-/chalk-4.1.2.tgz 0ms (cache hit)
891 http cache cfb@https://registry.npmjs.org/cfb/-/cfb-1.2.2.tgz 0ms (cache hit)
892 http cache bytes@https://registry.npmjs.org/bytes/-/bytes-3.1.2.tgz 0ms (cache hit)
893 http cache busboy@https://registry.npmjs.org/busboy/-/busboy-1.6.0.tgz 0ms (cache hit)
894 http cache camelcase-css@https://registry.npmjs.org/camelcase-css/-/camelcase-css-2.0.1.tgz 0ms (cache hit)
895 http cache buffer-equal-constant-time@https://registry.npmjs.org/buffer-equal-constant-time/-/buffer-equal-constant-time-1.0.1.tgz 0ms (cache hit)
896 http cache braces@https://registry.npmjs.org/braces/-/braces-3.0.3.tgz 0ms (cache hit)
897 http cache binary-extensions@https://registry.npmjs.org/binary-extensions/-/binary-extensions-2.3.0.tgz 0ms (cache hit)
898 http cache base64-js@https://registry.npmjs.org/base64-js/-/base64-js-1.5.1.tgz 0ms (cache hit)
899 http cache bcryptjs@https://registry.npmjs.org/bcryptjs/-/bcryptjs-3.0.3.tgz 0ms (cache hit)
900 http cache balanced-match@https://registry.npmjs.org/balanced-match/-/balanced-match-1.0.2.tgz 0ms (cache hit)
901 http cache asynckit@https://registry.npmjs.org/asynckit/-/asynckit-0.4.0.tgz 0ms (cache hit)
902 http cache async-retry@https://registry.npmjs.org/async-retry/-/async-retry-1.3.3.tgz 0ms (cache hit)
903 http cache async@https://registry.npmjs.org/async/-/async-3.2.6.tgz 0ms (cache hit)
904 http cache async-mutex@https://registry.npmjs.org/async-mutex/-/async-mutex-0.5.0.tgz 0ms (cache hit)
905 http cache arrify@https://registry.npmjs.org/arrify/-/arrify-2.0.1.tgz 0ms (cache hit)
906 http cache argparse@https://registry.npmjs.org/argparse/-/argparse-2.0.1.tgz 0ms (cache hit)
907 http cache array-flatten@https://registry.npmjs.org/array-flatten/-/array-flatten-1.1.1.tgz 0ms (cache hit)
908 http cache arg@https://registry.npmjs.org/arg/-/arg-5.0.2.tgz 0ms (cache hit)
909 http cache anymatch@https://registry.npmjs.org/anymatch/-/anymatch-3.1.3.tgz 0ms (cache hit)
910 http cache ajv-formats@https://registry.npmjs.org/ajv-formats/-/ajv-formats-3.0.1.tgz 0ms (cache hit)
911 http cache any-promise@https://registry.npmjs.org/any-promise/-/any-promise-1.3.0.tgz 0ms (cache hit)
912 http cache adler-32@https://registry.npmjs.org/adler-32/-/adler-32-1.3.1.tgz 0ms (cache hit)
913 http cache acorn-import-attributes@https://registry.npmjs.org/acorn-import-attributes/-/acorn-import-attributes-1.9.5.tgz 0ms (cache hit)
914 http cache acorn@https://registry.npmjs.org/acorn/-/acorn-8.15.0.tgz 0ms (cache hit)
915 http cache accepts@https://registry.npmjs.org/accepts/-/accepts-1.3.8.tgz 0ms (cache hit)
916 http cache abort-controller@https://registry.npmjs.org/abort-controller/-/abort-controller-3.0.0.tgz 0ms (cache hit)
917 http cache uuid@https://registry.npmjs.org/uuid/-/uuid-9.0.1.tgz 0ms (cache hit)
918 http cache @grpc/proto-loader@https://registry.npmjs.org/@grpc/proto-loader/-/proto-loader-0.8.0.tgz 0ms (cache hit)
919 http cache uuid@https://registry.npmjs.org/uuid/-/uuid-8.3.2.tgz 0ms (cache hit)
920 http cache mime@https://registry.npmjs.org/mime/-/mime-1.6.0.tgz 0ms (cache hit)
921 http cache uuid@https://registry.npmjs.org/uuid/-/uuid-9.0.1.tgz 0ms (cache hit)
922 http cache semver@https://registry.npmjs.org/semver/-/semver-6.3.1.tgz 0ms (cache hit)
923 http cache uuid@https://registry.npmjs.org/uuid/-/uuid-8.3.2.tgz 0ms (cache hit)
924 http cache uuid@https://registry.npmjs.org/uuid/-/uuid-11.1.0.tgz 0ms (cache hit)
925 http cache uuid@https://registry.npmjs.org/uuid/-/uuid-8.3.2.tgz 0ms (cache hit)
926 http cache uuid@https://registry.npmjs.org/uuid/-/uuid-8.3.2.tgz 0ms (cache hit)
927 http cache form-data@https://registry.npmjs.org/form-data/-/form-data-2.5.5.tgz 0ms (cache hit)
928 http cache @types/d3-path@https://registry.npmjs.org/@types/d3-path/-/d3-path-1.0.11.tgz 0ms (cache hit)
929 http cache @types/d3-shape@https://registry.npmjs.org/@types/d3-shape/-/d3-shape-1.3.12.tgz 0ms (cache hit)
930 http cache cookie@https://registry.npmjs.org/cookie/-/cookie-1.1.1.tgz 0ms (cache hit)
931 http cache uuid@https://registry.npmjs.org/uuid/-/uuid-9.0.1.tgz 0ms (cache hit)
932 http cache @opentelemetry/semantic-conventions@https://registry.npmjs.org/@opentelemetry/semantic-conventions/-/semantic-conventions-1.25.1.tgz 0ms (cache hit)
933 http cache @opentelemetry/semantic-conventions@https://registry.npmjs.org/@opentelemetry/semantic-conventions/-/semantic-conventions-1.25.1.tgz 0ms (cache hit)
934 http cache @opentelemetry/semantic-conventions@https://registry.npmjs.org/@opentelemetry/semantic-conventions/-/semantic-conventions-1.28.0.tgz 0ms (cache hit)
935 http cache @opentelemetry/semantic-conventions@https://registry.npmjs.org/@opentelemetry/semantic-conventions/-/semantic-conventions-1.28.0.tgz 0ms (cache hit)
936 http cache @opentelemetry/core@https://registry.npmjs.org/@opentelemetry/core/-/core-1.30.1.tgz 0ms (cache hit)
937 http cache @opentelemetry/core@https://registry.npmjs.org/@opentelemetry/core/-/core-1.30.1.tgz 0ms (cache hit)
938 http cache @opentelemetry/semantic-conventions@https://registry.npmjs.org/@opentelemetry/semantic-conventions/-/semantic-conventions-1.25.1.tgz 0ms (cache hit)
939 http cache @opentelemetry/semantic-conventions@https://registry.npmjs.org/@opentelemetry/semantic-conventions/-/semantic-conventions-1.25.1.tgz 0ms (cache hit)
940 http cache @opentelemetry/semantic-conventions@https://registry.npmjs.org/@opentelemetry/semantic-conventions/-/semantic-conventions-1.25.1.tgz 0ms (cache hit)
941 http cache @opentelemetry/semantic-conventions@https://registry.npmjs.org/@opentelemetry/semantic-conventions/-/semantic-conventions-1.25.1.tgz 0ms (cache hit)
942 http cache @opentelemetry/semantic-conventions@https://registry.npmjs.org/@opentelemetry/semantic-conventions/-/semantic-conventions-1.25.1.tgz 0ms (cache hit)
943 http cache strip-ansi@https://registry.npmjs.org/strip-ansi/-/strip-ansi-6.0.1.tgz 1ms (cache hit)
944 http cache @jridgewell/trace-mapping@https://registry.npmjs.org/@jridgewell/trace-mapping/-/trace-mapping-0.3.9.tgz 0ms (cache hit)
945 http cache string-width@https://registry.npmjs.org/string-width/-/string-width-4.2.3.tgz 0ms (cache hit)
946 http cache emoji-regex@https://registry.npmjs.org/emoji-regex/-/emoji-regex-8.0.0.tgz 0ms (cache hit)
947 http cache arg@https://registry.npmjs.org/arg/-/arg-4.1.3.tgz 0ms (cache hit)
948 http cache ansi-regex@https://registry.npmjs.org/ansi-regex/-/ansi-regex-5.0.1.tgz 0ms (cache hit)
949 http cache long@https://registry.npmjs.org/long/-/long-2.4.0.tgz 0ms (cache hit)
950 http cache minimatch@https://registry.npmjs.org/minimatch/-/minimatch-3.1.2.tgz 0ms (cache hit)
951 http cache glob@https://registry.npmjs.org/glob/-/glob-7.2.3.tgz 0ms (cache hit)
952 http cache brace-expansion@https://registry.npmjs.org/brace-expansion/-/brace-expansion-1.1.11.tgz 0ms (cache hit)
953 http cache ansi-styles@https://registry.npmjs.org/ansi-styles/-/ansi-styles-4.3.0.tgz 0ms (cache hit)
954 http cache ms@https://registry.npmjs.org/ms/-/ms-2.1.3.tgz 0ms (cache hit)
955 http cache yargs@https://registry.npmjs.org/yargs/-/yargs-15.4.1.tgz 0ms (cache hit)
956 http cache debug@https://registry.npmjs.org/debug/-/debug-4.4.3.tgz 0ms (cache hit)
957 http cache yargs-parser@https://registry.npmjs.org/yargs-parser/-/yargs-parser-18.1.3.tgz 0ms (cache hit)
958 http cache y18n@https://registry.npmjs.org/y18n/-/y18n-4.0.3.tgz 0ms (cache hit)
959 http cache wrap-ansi@https://registry.npmjs.org/wrap-ansi/-/wrap-ansi-6.2.0.tgz 0ms (cache hit)
960 http cache string-width@https://registry.npmjs.org/string-width/-/string-width-4.2.3.tgz 0ms (cache hit)
961 http cache cliui@https://registry.npmjs.org/cliui/-/cliui-6.0.0.tgz 0ms (cache hit)
962 http cache ansi-styles@https://registry.npmjs.org/ansi-styles/-/ansi-styles-4.3.0.tgz 0ms (cache hit)
963 http cache react-is@https://registry.npmjs.org/react-is/-/react-is-16.13.1.tgz 0ms (cache hit)
964 http cache ansi-regex@https://registry.npmjs.org/ansi-regex/-/ansi-regex-5.0.1.tgz 0ms (cache hit)
965 http cache open@https://registry.npmjs.org/open/-/open-7.4.2.tgz 0ms (cache hit)
966 http cache strip-ansi@https://registry.npmjs.org/strip-ansi/-/strip-ansi-6.0.1.tgz 0ms (cache hit)
967 http cache emoji-regex@https://registry.npmjs.org/emoji-regex/-/emoji-regex-8.0.0.tgz 0ms (cache hit)
968 http cache is-wsl@https://registry.npmjs.org/is-wsl/-/is-wsl-2.2.0.tgz 0ms (cache hit)
969 http cache ms@https://registry.npmjs.org/ms/-/ms-2.1.3.tgz 0ms (cache hit)
970 http cache postcss@https://registry.npmjs.org/postcss/-/postcss-8.4.31.tgz 0ms (cache hit)
971 http cache ms@https://registry.npmjs.org/ms/-/ms-2.1.3.tgz 0ms (cache hit)
972 http cache debug@https://registry.npmjs.org/debug/-/debug-4.4.0.tgz 0ms (cache hit)
973 http cache @next/swc-darwin-arm64@https://registry.npmjs.org/@next/swc-darwin-arm64/-/swc-darwin-arm64-15.3.5.tgz 0ms (cache hit)
974 http cache uuid@https://registry.npmjs.org/uuid/-/uuid-9.0.1.tgz 0ms (cache hit)
975 http cache commander@https://registry.npmjs.org/commander/-/commander-11.1.0.tgz 0ms (cache hit)
976 http cache uuid@https://registry.npmjs.org/uuid/-/uuid-9.0.1.tgz 0ms (cache hit)
977 http cache node-fetch@https://registry.npmjs.org/node-fetch/-/node-fetch-2.7.0.tgz 0ms (cache hit)
978 http cache uuid@https://registry.npmjs.org/uuid/-/uuid-9.0.1.tgz 0ms (cache hit)
979 http cache ms@https://registry.npmjs.org/ms/-/ms-2.1.3.tgz 0ms (cache hit)
980 http cache debug@https://registry.npmjs.org/debug/-/debug-4.4.0.tgz 0ms (cache hit)
981 http cache glob-parent@https://registry.npmjs.org/glob-parent/-/glob-parent-5.1.2.tgz 0ms (cache hit)
982 http cache node-fetch@https://registry.npmjs.org/node-fetch/-/node-fetch-2.7.0.tgz 0ms (cache hit)
983 http cache strip-ansi@https://registry.npmjs.org/strip-ansi/-/strip-ansi-6.0.1.tgz 1ms (cache hit)
984 http cache emoji-regex@https://registry.npmjs.org/emoji-regex/-/emoji-regex-8.0.0.tgz 0ms (cache hit)
985 http cache string-width@https://registry.npmjs.org/string-width/-/string-width-4.2.3.tgz 0ms (cache hit)
986 http cache ansi-styles@https://registry.npmjs.org/ansi-styles/-/ansi-styles-4.3.0.tgz 0ms (cache hit)
987 http cache ansi-regex@https://registry.npmjs.org/ansi-regex/-/ansi-regex-5.0.1.tgz 0ms (cache hit)
988 http cache wrap-ansi@https://registry.npmjs.org/wrap-ansi/-/wrap-ansi-7.0.0.tgz 0ms (cache hit)
989 http cache glob-parent@https://registry.npmjs.org/glob-parent/-/glob-parent-5.1.2.tgz 0ms (cache hit)
990 http cache ansi-styles@https://registry.npmjs.org/ansi-styles/-/ansi-styles-4.3.0.tgz 0ms (cache hit)
991 silly tarball no local data for @yarnpkg/lockfile@https://registry.npmjs.org/@yarnpkg/lockfile/-/lockfile-1.1.0.tgz. Extracting by manifest.
992 silly tarball no local data for @types/tedious@https://registry.npmjs.org/@types/tedious/-/tedious-4.0.14.tgz. Extracting by manifest.
993 silly tarball no local data for @types/triple-beam@https://registry.npmjs.org/@types/triple-beam/-/triple-beam-1.3.5.tgz. Extracting by manifest.
994 silly tarball no local data for @types/tough-cookie@https://registry.npmjs.org/@types/tough-cookie/-/tough-cookie-4.0.5.tgz. Extracting by manifest.
995 silly tarball no local data for @types/shimmer@https://registry.npmjs.org/@types/shimmer/-/shimmer-1.2.0.tgz. Extracting by manifest.
996 silly tarball no local data for @types/request@https://registry.npmjs.org/@types/request/-/request-2.48.13.tgz. Extracting by manifest.
997 silly tarball no local data for @types/recharts@https://registry.npmjs.org/@types/recharts/-/recharts-1.8.29.tgz. Extracting by manifest.
998 silly tarball no local data for @types/pg@https://registry.npmjs.org/@types/pg/-/pg-8.6.1.tgz. Extracting by manifest.
999 silly tarball no local data for @types/pg-pool@https://registry.npmjs.org/@types/pg-pool/-/pg-pool-2.0.4.tgz. Extracting by manifest.
1000 silly tarball no local data for @types/mysql@https://registry.npmjs.org/@types/mysql/-/mysql-2.15.22.tgz. Extracting by manifest.
1001 silly tarball no local data for @types/memcached@https://registry.npmjs.org/@types/memcached/-/memcached-2.2.10.tgz. Extracting by manifest.
1002 silly tarball no local data for @types/ms@https://registry.npmjs.org/@types/ms/-/ms-2.1.0.tgz. Extracting by manifest.
1003 silly tarball no local data for @types/long@https://registry.npmjs.org/@types/long/-/long-4.0.2.tgz. Extracting by manifest.
1004 silly tarball no local data for @types/d3-time@https://registry.npmjs.org/@types/d3-time/-/d3-time-3.0.4.tgz. Extracting by manifest.
1005 silly tarball no local data for @types/d3-timer@https://registry.npmjs.org/@types/d3-timer/-/d3-timer-3.0.2.tgz. Extracting by manifest.
1006 silly tarball no local data for @types/jsonwebtoken@https://registry.npmjs.org/@types/jsonwebtoken/-/jsonwebtoken-9.0.10.tgz. Extracting by manifest.
1007 silly tarball no local data for @types/d3-scale@https://registry.npmjs.org/@types/d3-scale/-/d3-scale-4.0.9.tgz. Extracting by manifest.
1008 silly tarball no local data for @types/d3-interpolate@https://registry.npmjs.org/@types/d3-interpolate/-/d3-interpolate-3.0.4.tgz. Extracting by manifest.
1009 silly tarball no local data for @types/d3-color@https://registry.npmjs.org/@types/d3-color/-/d3-color-3.1.3.tgz. Extracting by manifest.
1010 silly tarball no local data for @types/d3-ease@https://registry.npmjs.org/@types/d3-ease/-/d3-ease-3.0.2.tgz. Extracting by manifest.
1011 silly tarball no local data for @types/connect@https://registry.npmjs.org/@types/connect/-/connect-3.4.36.tgz. Extracting by manifest.
1012 silly tarball no local data for @types/bunyan@https://registry.npmjs.org/@types/bunyan/-/bunyan-1.8.9.tgz. Extracting by manifest.
1013 silly tarball no local data for @types/bcryptjs@https://registry.npmjs.org/@types/bcryptjs/-/bcryptjs-2.4.6.tgz. Extracting by manifest.
1014 silly tarball no local data for @tsconfig/node16@https://registry.npmjs.org/@tsconfig/node16/-/node16-1.0.4.tgz. Extracting by manifest.
1015 silly tarball no local data for @types/aws-lambda@https://registry.npmjs.org/@types/aws-lambda/-/aws-lambda-8.10.122.tgz. Extracting by manifest.
1016 silly tarball no local data for @types/caseless@https://registry.npmjs.org/@types/caseless/-/caseless-0.12.5.tgz. Extracting by manifest.
1017 silly tarball no local data for @tsconfig/node14@https://registry.npmjs.org/@tsconfig/node14/-/node14-1.0.3.tgz. Extracting by manifest.
1018 silly tarball no local data for @tsconfig/node12@https://registry.npmjs.org/@tsconfig/node12/-/node12-1.0.11.tgz. Extracting by manifest.
1019 silly tarball no local data for @swc/counter@https://registry.npmjs.org/@swc/counter/-/counter-0.1.3.tgz. Extracting by manifest.
1020 silly tarball no local data for @swc/helpers@https://registry.npmjs.org/@swc/helpers/-/helpers-0.5.15.tgz. Extracting by manifest.
1021 silly tarball no local data for @supabase/ssr@https://registry.npmjs.org/@supabase/ssr/-/ssr-0.8.0.tgz. Extracting by manifest.
1022 silly tarball no local data for @standard-schema/utils@https://registry.npmjs.org/@standard-schema/utils/-/utils-0.3.0.tgz. Extracting by manifest.
1023 silly tarball no local data for @protobufjs/pool@https://registry.npmjs.org/@protobufjs/pool/-/pool-1.1.0.tgz. Extracting by manifest.
1024 silly tarball no local data for @protobufjs/path@https://registry.npmjs.org/@protobufjs/path/-/path-1.1.2.tgz. Extracting by manifest.
1025 silly tarball no local data for @protobufjs/float@https://registry.npmjs.org/@protobufjs/float/-/float-1.0.2.tgz. Extracting by manifest.
1026 silly tarball no local data for @opentelemetry/sql-common@https://registry.npmjs.org/@opentelemetry/sql-common/-/sql-common-0.40.1.tgz. Extracting by manifest.
1027 silly tarball no local data for @protobufjs/base64@https://registry.npmjs.org/@protobufjs/base64/-/base64-1.1.2.tgz. Extracting by manifest.
1028 silly tarball no local data for @protobufjs/aspromise@https://registry.npmjs.org/@protobufjs/aspromise/-/aspromise-1.1.2.tgz. Extracting by manifest.
1029 silly tarball no local data for @pkgjs/parseargs@https://registry.npmjs.org/@pkgjs/parseargs/-/parseargs-0.11.0.tgz. Extracting by manifest.
1030 silly tarball no local data for @opentelemetry/sdk-trace-base@https://registry.npmjs.org/@opentelemetry/sdk-trace-base/-/sdk-trace-base-1.25.1.tgz. Extracting by manifest.
1031 silly tarball no local data for @opentelemetry/sdk-trace-node@https://registry.npmjs.org/@opentelemetry/sdk-trace-node/-/sdk-trace-node-1.25.1.tgz. Extracting by manifest.
1032 silly tarball no local data for @opentelemetry/sdk-logs@https://registry.npmjs.org/@opentelemetry/sdk-logs/-/sdk-logs-0.52.1.tgz. Extracting by manifest.
1033 silly tarball no local data for @opentelemetry/sdk-metrics@https://registry.npmjs.org/@opentelemetry/sdk-metrics/-/sdk-metrics-1.25.1.tgz. Extracting by manifest.
1034 silly tarball no local data for @opentelemetry/resource-detector-gcp@https://registry.npmjs.org/@opentelemetry/resource-detector-gcp/-/resource-detector-gcp-0.29.13.tgz. Extracting by manifest.
1035 silly tarball no local data for @opentelemetry/resources@https://registry.npmjs.org/@opentelemetry/resources/-/resources-1.25.1.tgz. Extracting by manifest.
1036 silly tarball no local data for @opentelemetry/sdk-node@https://registry.npmjs.org/@opentelemetry/sdk-node/-/sdk-node-0.52.1.tgz. Extracting by manifest.
1037 silly tarball no local data for @opentelemetry/resource-detector-container@https://registry.npmjs.org/@opentelemetry/resource-detector-container/-/resource-detector-container-0.4.4.tgz. Extracting by manifest.
1038 silly tarball no local data for @opentelemetry/resource-detector-aws@https://registry.npmjs.org/@opentelemetry/resource-detector-aws/-/resource-detector-aws-1.12.0.tgz. Extracting by manifest.
1039 silly tarball no local data for @opentelemetry/resource-detector-alibaba-cloud@https://registry.npmjs.org/@opentelemetry/resource-detector-alibaba-cloud/-/resource-detector-alibaba-cloud-0.29.7.tgz. Extracting by manifest.
1040 silly tarball no local data for @opentelemetry/redis-common@https://registry.npmjs.org/@opentelemetry/redis-common/-/redis-common-0.36.2.tgz. Extracting by manifest.
1041 silly tarball no local data for @opentelemetry/propagator-jaeger@https://registry.npmjs.org/@opentelemetry/propagator-jaeger/-/propagator-jaeger-1.25.1.tgz. Extracting by manifest.
1042 silly tarball no local data for @opentelemetry/resource-detector-azure@https://registry.npmjs.org/@opentelemetry/resource-detector-azure/-/resource-detector-azure-0.2.12.tgz. Extracting by manifest.
1043 silly tarball no local data for @opentelemetry/propagator-b3@https://registry.npmjs.org/@opentelemetry/propagator-b3/-/propagator-b3-1.25.1.tgz. Extracting by manifest.
1044 silly tarball no local data for @opentelemetry/otlp-transformer@https://registry.npmjs.org/@opentelemetry/otlp-transformer/-/otlp-transformer-0.52.1.tgz. Extracting by manifest.
1045 silly tarball no local data for @opentelemetry/propagation-utils@https://registry.npmjs.org/@opentelemetry/propagation-utils/-/propagation-utils-0.30.16.tgz. Extracting by manifest.
1046 silly tarball no local data for @opentelemetry/otlp-grpc-exporter-base@https://registry.npmjs.org/@opentelemetry/otlp-grpc-exporter-base/-/otlp-grpc-exporter-base-0.52.1.tgz. Extracting by manifest.
1047 silly tarball no local data for @opentelemetry/propagator-aws-xray@https://registry.npmjs.org/@opentelemetry/propagator-aws-xray/-/propagator-aws-xray-1.26.2.tgz. Extracting by manifest.
1048 silly tarball no local data for @opentelemetry/instrumentation-winston@https://registry.npmjs.org/@opentelemetry/instrumentation-winston/-/instrumentation-winston-0.39.0.tgz. Extracting by manifest.
1049 silly tarball no local data for @opentelemetry/otlp-exporter-base@https://registry.npmjs.org/@opentelemetry/otlp-exporter-base/-/otlp-exporter-base-0.52.1.tgz. Extracting by manifest.
1050 silly tarball no local data for @opentelemetry/instrumentation-undici@https://registry.npmjs.org/@opentelemetry/instrumentation-undici/-/instrumentation-undici-0.5.0.tgz. Extracting by manifest.
1051 silly tarball no local data for @opentelemetry/instrumentation-tedious@https://registry.npmjs.org/@opentelemetry/instrumentation-tedious/-/instrumentation-tedious-0.13.0.tgz. Extracting by manifest.
1052 silly tarball no local data for @opentelemetry/instrumentation-router@https://registry.npmjs.org/@opentelemetry/instrumentation-router/-/instrumentation-router-0.39.0.tgz. Extracting by manifest.
1053 silly tarball no local data for @opentelemetry/instrumentation-redis-4@https://registry.npmjs.org/@opentelemetry/instrumentation-redis-4/-/instrumentation-redis-4-0.41.1.tgz. Extracting by manifest.
1054 silly tarball no local data for @opentelemetry/instrumentation-socket.io@https://registry.npmjs.org/@opentelemetry/instrumentation-socket.io/-/instrumentation-socket.io-0.41.0.tgz. Extracting by manifest.
1055 silly tarball no local data for @opentelemetry/instrumentation-restify@https://registry.npmjs.org/@opentelemetry/instrumentation-restify/-/instrumentation-restify-0.40.0.tgz. Extracting by manifest.
1056 silly tarball no local data for @opentelemetry/instrumentation-redis@https://registry.npmjs.org/@opentelemetry/instrumentation-redis/-/instrumentation-redis-0.41.0.tgz. Extracting by manifest.
1057 silly tarball no local data for @opentelemetry/instrumentation-pg@https://registry.npmjs.org/@opentelemetry/instrumentation-pg/-/instrumentation-pg-0.43.0.tgz. Extracting by manifest.
1058 silly tarball no local data for @opentelemetry/instrumentation-nestjs-core@https://registry.npmjs.org/@opentelemetry/instrumentation-nestjs-core/-/instrumentation-nestjs-core-0.39.0.tgz. Extracting by manifest.
1059 silly tarball no local data for @opentelemetry/instrumentation-net@https://registry.npmjs.org/@opentelemetry/instrumentation-net/-/instrumentation-net-0.38.0.tgz. Extracting by manifest.
1060 silly tarball no local data for @opentelemetry/instrumentation-pino@https://registry.npmjs.org/@opentelemetry/instrumentation-pino/-/instrumentation-pino-0.41.0.tgz. Extracting by manifest.
1061 silly tarball no local data for @opentelemetry/instrumentation-mysql2@https://registry.npmjs.org/@opentelemetry/instrumentation-mysql2/-/instrumentation-mysql2-0.40.0.tgz. Extracting by manifest.
1062 silly tarball no local data for @opentelemetry/instrumentation-mysql@https://registry.npmjs.org/@opentelemetry/instrumentation-mysql/-/instrumentation-mysql-0.40.0.tgz. Extracting by manifest.
1063 silly tarball no local data for @opentelemetry/instrumentation-memcached@https://registry.npmjs.org/@opentelemetry/instrumentation-memcached/-/instrumentation-memcached-0.38.0.tgz. Extracting by manifest.
1064 silly tarball no local data for @opentelemetry/instrumentation-mongoose@https://registry.npmjs.org/@opentelemetry/instrumentation-mongoose/-/instrumentation-mongoose-0.41.0.tgz. Extracting by manifest.
1065 silly tarball no local data for @opentelemetry/instrumentation-mongodb@https://registry.npmjs.org/@opentelemetry/instrumentation-mongodb/-/instrumentation-mongodb-0.46.0.tgz. Extracting by manifest.
1066 silly tarball no local data for @opentelemetry/instrumentation-lru-memoizer@https://registry.npmjs.org/@opentelemetry/instrumentation-lru-memoizer/-/instrumentation-lru-memoizer-0.39.0.tgz. Extracting by manifest.
1067 silly tarball no local data for @opentelemetry/instrumentation-knex@https://registry.npmjs.org/@opentelemetry/instrumentation-knex/-/instrumentation-knex-0.39.0.tgz. Extracting by manifest.
1068 silly tarball no local data for @opentelemetry/instrumentation-ioredis@https://registry.npmjs.org/@opentelemetry/instrumentation-ioredis/-/instrumentation-ioredis-0.42.0.tgz. Extracting by manifest.
1069 silly tarball no local data for @opentelemetry/instrumentation-koa@https://registry.npmjs.org/@opentelemetry/instrumentation-koa/-/instrumentation-koa-0.42.0.tgz. Extracting by manifest.
1070 silly tarball no local data for @opentelemetry/instrumentation-kafkajs@https://registry.npmjs.org/@opentelemetry/instrumentation-kafkajs/-/instrumentation-kafkajs-0.2.0.tgz. Extracting by manifest.
1071 silly tarball no local data for @opentelemetry/instrumentation-http@https://registry.npmjs.org/@opentelemetry/instrumentation-http/-/instrumentation-http-0.52.1.tgz. Extracting by manifest.
1072 silly tarball no local data for @opentelemetry/instrumentation-hapi@https://registry.npmjs.org/@opentelemetry/instrumentation-hapi/-/instrumentation-hapi-0.40.0.tgz. Extracting by manifest.
1073 silly tarball no local data for @opentelemetry/instrumentation-grpc@https://registry.npmjs.org/@opentelemetry/instrumentation-grpc/-/instrumentation-grpc-0.52.1.tgz. Extracting by manifest.
1074 silly tarball no local data for @opentelemetry/instrumentation-generic-pool@https://registry.npmjs.org/@opentelemetry/instrumentation-generic-pool/-/instrumentation-generic-pool-0.38.1.tgz. Extracting by manifest.
1075 silly tarball no local data for @opentelemetry/instrumentation-graphql@https://registry.npmjs.org/@opentelemetry/instrumentation-graphql/-/instrumentation-graphql-0.42.0.tgz. Extracting by manifest.
1076 silly tarball no local data for @opentelemetry/instrumentation-fastify@https://registry.npmjs.org/@opentelemetry/instrumentation-fastify/-/instrumentation-fastify-0.38.0.tgz. Extracting by manifest.
1077 silly tarball no local data for @opentelemetry/instrumentation-dataloader@https://registry.npmjs.org/@opentelemetry/instrumentation-dataloader/-/instrumentation-dataloader-0.11.0.tgz. Extracting by manifest.
1078 silly tarball no local data for @opentelemetry/instrumentation-fs@https://registry.npmjs.org/@opentelemetry/instrumentation-fs/-/instrumentation-fs-0.14.0.tgz. Extracting by manifest.
1079 silly tarball no local data for @opentelemetry/instrumentation-express@https://registry.npmjs.org/@opentelemetry/instrumentation-express/-/instrumentation-express-0.41.1.tgz. Extracting by manifest.
1080 silly tarball no local data for @opentelemetry/instrumentation-cucumber@https://registry.npmjs.org/@opentelemetry/instrumentation-cucumber/-/instrumentation-cucumber-0.8.0.tgz. Extracting by manifest.
1081 silly tarball no local data for @opentelemetry/instrumentation-aws-sdk@https://registry.npmjs.org/@opentelemetry/instrumentation-aws-sdk/-/instrumentation-aws-sdk-0.43.1.tgz. Extracting by manifest.
1082 silly tarball no local data for @opentelemetry/instrumentation-dns@https://registry.npmjs.org/@opentelemetry/instrumentation-dns/-/instrumentation-dns-0.38.0.tgz. Extracting by manifest.
1083 silly tarball no local data for @opentelemetry/instrumentation-connect@https://registry.npmjs.org/@opentelemetry/instrumentation-connect/-/instrumentation-connect-0.38.0.tgz. Extracting by manifest.
1084 silly tarball no local data for @opentelemetry/instrumentation-bunyan@https://registry.npmjs.org/@opentelemetry/instrumentation-bunyan/-/instrumentation-bunyan-0.40.0.tgz. Extracting by manifest.
1085 silly tarball no local data for @opentelemetry/instrumentation-cassandra-driver@https://registry.npmjs.org/@opentelemetry/instrumentation-cassandra-driver/-/instrumentation-cassandra-driver-0.40.0.tgz. Extracting by manifest.
1086 silly tarball no local data for @opentelemetry/instrumentation-aws-lambda@https://registry.npmjs.org/@opentelemetry/instrumentation-aws-lambda/-/instrumentation-aws-lambda-0.43.0.tgz. Extracting by manifest.
1087 silly tarball no local data for @opentelemetry/instrumentation@https://registry.npmjs.org/@opentelemetry/instrumentation/-/instrumentation-0.52.1.tgz. Extracting by manifest.
1088 silly tarball no local data for @opentelemetry/instrumentation-amqplib@https://registry.npmjs.org/@opentelemetry/instrumentation-amqplib/-/instrumentation-amqplib-0.41.0.tgz. Extracting by manifest.
1089 silly tarball no local data for @opentelemetry/exporter-trace-otlp-http@https://registry.npmjs.org/@opentelemetry/exporter-trace-otlp-http/-/exporter-trace-otlp-http-0.52.1.tgz. Extracting by manifest.
1090 silly tarball no local data for @opentelemetry/exporter-zipkin@https://registry.npmjs.org/@opentelemetry/exporter-zipkin/-/exporter-zipkin-1.25.1.tgz. Extracting by manifest.
1091 silly tarball no local data for @opentelemetry/exporter-trace-otlp-proto@https://registry.npmjs.org/@opentelemetry/exporter-trace-otlp-proto/-/exporter-trace-otlp-proto-0.52.1.tgz. Extracting by manifest.
1092 silly tarball no local data for @opentelemetry/exporter-trace-otlp-grpc@https://registry.npmjs.org/@opentelemetry/exporter-trace-otlp-grpc/-/exporter-trace-otlp-grpc-0.52.1.tgz. Extracting by manifest.
1093 silly tarball no local data for @opentelemetry/auto-instrumentations-node@https://registry.npmjs.org/@opentelemetry/auto-instrumentations-node/-/auto-instrumentations-node-0.49.2.tgz. Extracting by manifest.
1094 silly tarball no local data for @opentelemetry/core@https://registry.npmjs.org/@opentelemetry/core/-/core-1.25.1.tgz. Extracting by manifest.
1095 silly tarball no local data for @opentelemetry/context-async-hooks@https://registry.npmjs.org/@opentelemetry/context-async-hooks/-/context-async-hooks-1.25.1.tgz. Extracting by manifest.
1096 silly tarball no local data for @nodelib/fs.stat@https://registry.npmjs.org/@nodelib/fs.stat/-/fs.stat-2.0.5.tgz. Extracting by manifest.
1097 silly tarball no local data for @opentelemetry/api-logs@https://registry.npmjs.org/@opentelemetry/api-logs/-/api-logs-0.52.1.tgz. Extracting by manifest.
1098 silly tarball no local data for @nodelib/fs.scandir@https://registry.npmjs.org/@nodelib/fs.scandir/-/fs.scandir-2.1.5.tgz. Extracting by manifest.
1099 silly tarball no local data for @nodelib/fs.walk@https://registry.npmjs.org/@nodelib/fs.walk/-/fs.walk-1.2.8.tgz. Extracting by manifest.
1100 silly tarball no local data for @next/env@https://registry.npmjs.org/@next/env/-/env-15.3.8.tgz. Extracting by manifest.
1101 silly tarball no local data for @jridgewell/resolve-uri@https://registry.npmjs.org/@jridgewell/resolve-uri/-/resolve-uri-3.1.2.tgz. Extracting by manifest.
1102 silly tarball no local data for @hookform/resolvers@https://registry.npmjs.org/@hookform/resolvers/-/resolvers-4.1.3.tgz. Extracting by manifest.
1103 silly tarball no local data for @isaacs/cliui@https://registry.npmjs.org/@isaacs/cliui/-/cliui-8.0.2.tgz. Extracting by manifest.
1104 silly tarball no local data for @js-sdsl/ordered-map@https://registry.npmjs.org/@js-sdsl/ordered-map/-/ordered-map-4.4.2.tgz. Extracting by manifest.
1105 silly tarball no local data for @google-cloud/projectify@https://registry.npmjs.org/@google-cloud/projectify/-/projectify-4.0.0.tgz. Extracting by manifest.
1106 silly tarball no local data for @grpc/proto-loader@https://registry.npmjs.org/@grpc/proto-loader/-/proto-loader-0.7.13.tgz. Extracting by manifest.
1107 silly tarball no local data for @google-cloud/precise-date@https://registry.npmjs.org/@google-cloud/precise-date/-/precise-date-4.0.0.tgz. Extracting by manifest.
1108 silly tarball no local data for @google-cloud/paginator@https://registry.npmjs.org/@google-cloud/paginator/-/paginator-5.0.2.tgz. Extracting by manifest.
1109 silly tarball no local data for @google-cloud/opentelemetry-resource-util@https://registry.npmjs.org/@google-cloud/opentelemetry-resource-util/-/opentelemetry-resource-util-2.4.0.tgz. Extracting by manifest.
1110 silly tarball no local data for @google-cloud/opentelemetry-cloud-trace-exporter@https://registry.npmjs.org/@google-cloud/opentelemetry-cloud-trace-exporter/-/opentelemetry-cloud-trace-exporter-2.4.1.tgz. Extracting by manifest.
1111 silly tarball no local data for @google-cloud/firestore@https://registry.npmjs.org/@google-cloud/firestore/-/firestore-7.11.6.tgz. Extracting by manifest.
1112 silly tarball no local data for @dnd-kit/utilities@https://registry.npmjs.org/@dnd-kit/utilities/-/utilities-3.2.2.tgz. Extracting by manifest.
1113 silly tarball no local data for @google-cloud/opentelemetry-cloud-monitoring-exporter@https://registry.npmjs.org/@google-cloud/opentelemetry-cloud-monitoring-exporter/-/opentelemetry-cloud-monitoring-exporter-0.19.0.tgz. Extracting by manifest.
1114 silly tarball no local data for @google-cloud/promisify@https://registry.npmjs.org/@google-cloud/promisify/-/promisify-4.0.0.tgz. Extracting by manifest.
1115 silly tarball no local data for @dnd-kit/sortable@https://registry.npmjs.org/@dnd-kit/sortable/-/sortable-8.0.0.tgz. Extracting by manifest.
1116 silly tarball no local data for @dnd-kit/accessibility@https://registry.npmjs.org/@dnd-kit/accessibility/-/accessibility-3.1.1.tgz. Extracting by manifest.
1117 silly tarball no local data for @dnd-kit/modifiers@https://registry.npmjs.org/@dnd-kit/modifiers/-/modifiers-7.0.0.tgz. Extracting by manifest.
1118 silly tarball no local data for @cspotcode/source-map-support@https://registry.npmjs.org/@cspotcode/source-map-support/-/source-map-support-0.8.1.tgz. Extracting by manifest.
1119 silly tarball no local data for @dnd-kit/core@https://registry.npmjs.org/@dnd-kit/core/-/core-6.3.1.tgz. Extracting by manifest.
1120 silly tarball no local data for yargs-parser@https://registry.npmjs.org/yargs-parser/-/yargs-parser-21.1.1.tgz. Extracting by manifest.
1121 silly tarball no local data for y18n@https://registry.npmjs.org/y18n/-/y18n-5.0.8.tgz. Extracting by manifest.
1122 silly tarball no local data for yn@https://registry.npmjs.org/yn/-/yn-3.1.1.tgz. Extracting by manifest.
1123 silly tarball no local data for xtend@https://registry.npmjs.org/xtend/-/xtend-4.0.2.tgz. Extracting by manifest.
1124 silly tarball no local data for yaml@https://registry.npmjs.org/yaml/-/yaml-2.8.0.tgz. Extracting by manifest.
1125 silly tarball no local data for xlsx@https://registry.npmjs.org/xlsx/-/xlsx-0.18.5.tgz. Extracting by manifest.
1126 silly tarball no local data for wrappy@https://registry.npmjs.org/wrappy/-/wrappy-1.0.2.tgz. Extracting by manifest.
1127 silly tarball no local data for wrap-ansi-cjs@https://registry.npmjs.org/wrap-ansi/-/wrap-ansi-7.0.0.tgz. Extracting by manifest.
1128 silly tarball no local data for wordwrap@https://registry.npmjs.org/wordwrap/-/wordwrap-1.0.0.tgz. Extracting by manifest.
1129 silly tarball no local data for word@https://registry.npmjs.org/word/-/word-0.3.0.tgz. Extracting by manifest.
1130 silly tarball no local data for wmf@https://registry.npmjs.org/wmf/-/wmf-1.0.2.tgz. Extracting by manifest.
1131 silly tarball no local data for winston-transport@https://registry.npmjs.org/winston-transport/-/winston-transport-4.9.0.tgz. Extracting by manifest.
1132 silly tarball no local data for which@https://registry.npmjs.org/which/-/which-2.0.2.tgz. Extracting by manifest.
1133 silly tarball no local data for whatwg-url@https://registry.npmjs.org/whatwg-url/-/whatwg-url-5.0.0.tgz. Extracting by manifest.
1134 silly tarball no local data for websocket-extensions@https://registry.npmjs.org/websocket-extensions/-/websocket-extensions-0.1.4.tgz. Extracting by manifest.
1135 silly tarball no local data for victory-vendor@https://registry.npmjs.org/victory-vendor/-/victory-vendor-36.9.2.tgz. Extracting by manifest.
1136 silly tarball no local data for webidl-conversions@https://registry.npmjs.org/webidl-conversions/-/webidl-conversions-3.0.1.tgz. Extracting by manifest.
1137 silly tarball no local data for vary@https://registry.npmjs.org/vary/-/vary-1.1.2.tgz. Extracting by manifest.
1138 silly tarball no local data for web-streams-polyfill@https://registry.npmjs.org/web-streams-polyfill/-/web-streams-polyfill-3.3.3.tgz. Extracting by manifest.
1139 silly tarball no local data for uuid@https://registry.npmjs.org/uuid/-/uuid-10.0.0.tgz. Extracting by manifest.
1140 silly tarball no local data for v8-compile-cache-lib@https://registry.npmjs.org/v8-compile-cache-lib/-/v8-compile-cache-lib-3.0.1.tgz. Extracting by manifest.
1141 silly tarball no local data for util-deprecate@https://registry.npmjs.org/util-deprecate/-/util-deprecate-1.0.2.tgz. Extracting by manifest.
1142 silly tarball no local data for utils-merge@https://registry.npmjs.org/utils-merge/-/utils-merge-1.0.1.tgz. Extracting by manifest.
1143 silly tarball no local data for use-callback-ref@https://registry.npmjs.org/use-callback-ref/-/use-callback-ref-1.3.3.tgz. Extracting by manifest.
1144 silly tarball no local data for use-sidecar@https://registry.npmjs.org/use-sidecar/-/use-sidecar-1.1.3.tgz. Extracting by manifest.
1145 silly tarball no local data for uri-templates@https://registry.npmjs.org/uri-templates/-/uri-templates-0.2.0.tgz. Extracting by manifest.
1146 silly tarball no local data for url-template@https://registry.npmjs.org/url-template/-/url-template-2.0.8.tgz. Extracting by manifest.
1147 silly tarball no local data for universalify@https://registry.npmjs.org/universalify/-/universalify-2.0.1.tgz. Extracting by manifest.
1148 silly tarball no local data for typescript@https://registry.npmjs.org/typescript/-/typescript-5.7.3.tgz. Extracting by manifest.
1149 silly tarball no local data for unpipe@https://registry.npmjs.org/unpipe/-/unpipe-1.0.0.tgz. Extracting by manifest.
1150 silly tarball no local data for uglify-js@https://registry.npmjs.org/uglify-js/-/uglify-js-3.19.3.tgz. Extracting by manifest.
1151 silly tarball no local data for type-is@https://registry.npmjs.org/type-is/-/type-is-1.6.18.tgz. Extracting by manifest.
1152 silly tarball no local data for tsx@https://registry.npmjs.org/tsx/-/tsx-4.20.6.tgz. Extracting by manifest.
1153 silly tarball no local data for tslib@https://registry.npmjs.org/tslib/-/tslib-2.8.1.tgz. Extracting by manifest.
1154 silly tarball no local data for ts-node@https://registry.npmjs.org/ts-node/-/ts-node-10.9.2.tgz. Extracting by manifest.
1155 silly tarball no local data for triple-beam@https://registry.npmjs.org/triple-beam/-/triple-beam-1.4.1.tgz. Extracting by manifest.
1156 silly tarball no local data for toidentifier@https://registry.npmjs.org/toidentifier/-/toidentifier-1.0.1.tgz. Extracting by manifest.
1157 silly tarball no local data for tr46@https://registry.npmjs.org/tr46/-/tr46-0.0.3.tgz. Extracting by manifest.
1158 silly tarball no local data for to-regex-range@https://registry.npmjs.org/to-regex-range/-/to-regex-range-5.0.1.tgz. Extracting by manifest.
1159 silly tarball no local data for tiny-invariant@https://registry.npmjs.org/tiny-invariant/-/tiny-invariant-1.3.3.tgz. Extracting by manifest.
1160 silly tarball no local data for thriftrw@https://registry.npmjs.org/thriftrw/-/thriftrw-3.11.4.tgz. Extracting by manifest.
1161 silly tarball no local data for thenify@https://registry.npmjs.org/thenify/-/thenify-3.3.1.tgz. Extracting by manifest.
1162 silly tarball no local data for thenify-all@https://registry.npmjs.org/thenify-all/-/thenify-all-1.6.0.tgz. Extracting by manifest.
1163 silly tarball no local data for ts-interface-checker@https://registry.npmjs.org/ts-interface-checker/-/ts-interface-checker-0.1.13.tgz. Extracting by manifest.
1164 silly tarball no local data for text-hex@https://registry.npmjs.org/text-hex/-/text-hex-1.0.0.tgz. Extracting by manifest.
1165 silly tarball no local data for tailwindcss-animate@https://registry.npmjs.org/tailwindcss-animate/-/tailwindcss-animate-1.0.7.tgz. Extracting by manifest.
1166 silly tarball no local data for supports-color@https://registry.npmjs.org/supports-color/-/supports-color-7.2.0.tgz. Extracting by manifest.
1167 silly tarball no local data for tailwindcss@https://registry.npmjs.org/tailwindcss/-/tailwindcss-3.4.17.tgz. Extracting by manifest.
1168 silly tarball no local data for supports-preserve-symlinks-flag@https://registry.npmjs.org/supports-preserve-symlinks-flag/-/supports-preserve-symlinks-flag-1.0.0.tgz. Extracting by manifest.
1169 silly tarball no local data for supabase@https://registry.npmjs.org/supabase/-/supabase-2.117.0.tgz. Extracting by manifest.
1170 silly tarball no local data for sucrase@https://registry.npmjs.org/sucrase/-/sucrase-3.35.0.tgz. Extracting by manifest.
1171 silly tarball no local data for styled-jsx@https://registry.npmjs.org/styled-jsx/-/styled-jsx-5.1.6.tgz. Extracting by manifest.
1172 silly tarball no local data for stubs@https://registry.npmjs.org/stubs/-/stubs-3.0.0.tgz. Extracting by manifest.
1173 silly tarball no local data for string_decoder@https://registry.npmjs.org/string_decoder/-/string_decoder-1.3.0.tgz. Extracting by manifest.
1174 silly tarball no local data for streamsearch@https://registry.npmjs.org/streamsearch/-/streamsearch-1.1.0.tgz. Extracting by manifest.
1175 silly tarball no local data for stack-trace@https://registry.npmjs.org/stack-trace/-/stack-trace-0.0.10.tgz. Extracting by manifest.
1176 silly tarball no local data for ssf@https://registry.npmjs.org/ssf/-/ssf-0.11.2.tgz. Extracting by manifest.
1177 silly tarball no local data for stream-shift@https://registry.npmjs.org/stream-shift/-/stream-shift-1.0.3.tgz. Extracting by manifest.
1178 silly tarball no local data for source-map-js@https://registry.npmjs.org/source-map-js/-/source-map-js-1.2.1.tgz. Extracting by manifest.
1179 silly tarball no local data for stream-events@https://registry.npmjs.org/stream-events/-/stream-events-1.0.5.tgz. Extracting by manifest.
1180 silly tarball no local data for source-map@https://registry.npmjs.org/source-map/-/source-map-0.6.1.tgz. Extracting by manifest.
1181 silly tarball no local data for slash@https://registry.npmjs.org/slash/-/slash-2.0.0.tgz. Extracting by manifest.
1182 silly tarball no local data for signal-exit@https://registry.npmjs.org/signal-exit/-/signal-exit-4.1.0.tgz. Extracting by manifest.
1183 silly tarball no local data for side-channel-weakmap@https://registry.npmjs.org/side-channel-weakmap/-/side-channel-weakmap-1.0.2.tgz. Extracting by manifest.
1184 silly tarball no local data for side-channel-map@https://registry.npmjs.org/side-channel-map/-/side-channel-map-1.0.1.tgz. Extracting by manifest.
1185 silly tarball no local data for setprototypeof@https://registry.npmjs.org/setprototypeof/-/setprototypeof-1.2.0.tgz. Extracting by manifest.
1186 silly tarball no local data for set-function-length@https://registry.npmjs.org/set-function-length/-/set-function-length-1.2.2.tgz. Extracting by manifest.
1187 silly tarball no local data for semver@https://registry.npmjs.org/semver/-/semver-7.7.2.tgz. Extracting by manifest.
1188 silly tarball no local data for scheduler@https://registry.npmjs.org/scheduler/-/scheduler-0.23.2.tgz. Extracting by manifest.
1189 silly tarball no local data for safer-buffer@https://registry.npmjs.org/safer-buffer/-/safer-buffer-2.1.2.tgz. Extracting by manifest.
1190 silly tarball no local data for shimmer@https://registry.npmjs.org/shimmer/-/shimmer-1.2.1.tgz. Extracting by manifest.
1191 silly tarball no local data for safe-buffer@https://registry.npmjs.org/safe-buffer/-/safe-buffer-5.2.1.tgz. Extracting by manifest.
1192 silly tarball no local data for safe-stable-stringify@https://registry.npmjs.org/safe-stable-stringify/-/safe-stable-stringify-2.5.0.tgz. Extracting by manifest.
1193 silly tarball no local data for rimraf@https://registry.npmjs.org/rimraf/-/rimraf-2.7.1.tgz. Extracting by manifest.
1194 silly tarball no local data for run-parallel@https://registry.npmjs.org/run-parallel/-/run-parallel-1.2.0.tgz. Extracting by manifest.
1195 silly tarball no local data for retry@https://registry.npmjs.org/retry/-/retry-0.13.1.tgz. Extracting by manifest.
1196 silly tarball no local data for resolve@https://registry.npmjs.org/resolve/-/resolve-1.22.10.tgz. Extracting by manifest.
1197 silly tarball no local data for require-from-string@https://registry.npmjs.org/require-from-string/-/require-from-string-2.0.2.tgz. Extracting by manifest.
1198 silly tarball no local data for require-in-the-middle@https://registry.npmjs.org/require-in-the-middle/-/require-in-the-middle-7.5.2.tgz. Extracting by manifest.
1199 silly tarball no local data for require-directory@https://registry.npmjs.org/require-directory/-/require-directory-2.1.1.tgz. Extracting by manifest.
1200 silly tarball no local data for readdirp@https://registry.npmjs.org/readdirp/-/readdirp-3.6.0.tgz. Extracting by manifest.
1201 silly tarball no local data for readable-stream@https://registry.npmjs.org/readable-stream/-/readable-stream-3.6.2.tgz. Extracting by manifest.
1202 silly tarball no local data for recharts-scale@https://registry.npmjs.org/recharts-scale/-/recharts-scale-0.4.5.tgz. Extracting by manifest.
1203 silly tarball no local data for react-transition-group@https://registry.npmjs.org/react-transition-group/-/react-transition-group-4.4.5.tgz. Extracting by manifest.
1204 silly tarball no local data for react-style-singleton@https://registry.npmjs.org/react-style-singleton/-/react-style-singleton-2.2.3.tgz. Extracting by manifest.
1205 silly tarball no local data for react-smooth@https://registry.npmjs.org/react-smooth/-/react-smooth-4.0.4.tgz. Extracting by manifest.
1206 silly tarball no local data for react-remove-scroll-bar@https://registry.npmjs.org/react-remove-scroll-bar/-/react-remove-scroll-bar-2.3.8.tgz. Extracting by manifest.
1207 silly tarball no local data for react-dom@https://registry.npmjs.org/react-dom/-/react-dom-18.3.1.tgz. Extracting by manifest.
1208 silly tarball no local data for react-is@https://registry.npmjs.org/react-is/-/react-is-18.3.1.tgz. Extracting by manifest.
1209 silly tarball no local data for react@https://registry.npmjs.org/react/-/react-18.3.1.tgz. Extracting by manifest.
1210 silly tarball no local data for range-parser@https://registry.npmjs.org/range-parser/-/range-parser-1.2.1.tgz. Extracting by manifest.
1211 silly tarball no local data for queue-microtask@https://registry.npmjs.org/queue-microtask/-/queue-microtask-1.2.3.tgz. Extracting by manifest.
1212 silly tarball no local data for pumpify@https://registry.npmjs.org/pumpify/-/pumpify-2.0.1.tgz. Extracting by manifest.
1213 silly tarball no local data for qrcode@https://registry.npmjs.org/qrcode/-/qrcode-1.5.4.tgz. Extracting by manifest.
1214 silly tarball no local data for ps-tree@https://registry.npmjs.org/ps-tree/-/ps-tree-1.2.0.tgz. Extracting by manifest.
1215 silly tarball no local data for proxy-addr@https://registry.npmjs.org/proxy-addr/-/proxy-addr-2.0.7.tgz. Extracting by manifest.
1216 silly tarball no local data for proto3-json-serializer@https://registry.npmjs.org/proto3-json-serializer/-/proto3-json-serializer-2.0.2.tgz. Extracting by manifest.
1217 silly tarball no local data for prop-types@https://registry.npmjs.org/prop-types/-/prop-types-15.8.1.tgz. Extracting by manifest.
1218 silly tarball no local data for postgres-date@https://registry.npmjs.org/postgres-date/-/postgres-date-1.0.7.tgz. Extracting by manifest.
1219 silly tarball no local data for postgres-interval@https://registry.npmjs.org/postgres-interval/-/postgres-interval-1.2.0.tgz. Extracting by manifest.
1220 silly tarball no local data for postcss-value-parser@https://registry.npmjs.org/postcss-value-parser/-/postcss-value-parser-4.2.0.tgz. Extracting by manifest.
1221 silly tarball no local data for postgres-array@https://registry.npmjs.org/postgres-array/-/postgres-array-2.0.0.tgz. Extracting by manifest.
1222 silly tarball no local data for postcss-nested@https://registry.npmjs.org/postcss-nested/-/postcss-nested-6.2.0.tgz. Extracting by manifest.
1223 silly tarball no local data for postcss-import@https://registry.npmjs.org/postcss-import/-/postcss-import-15.1.0.tgz. Extracting by manifest.
1224 silly tarball no local data for pg-types@https://registry.npmjs.org/pg-types/-/pg-types-2.2.0.tgz. Extracting by manifest.
1225 silly tarball no local data for picocolors@https://registry.npmjs.org/picocolors/-/picocolors-1.1.1.tgz. Extracting by manifest.
1226 silly tarball no local data for path-parse@https://registry.npmjs.org/path-parse/-/path-parse-1.0.7.tgz. Extracting by manifest.
1227 silly tarball no local data for pg-int8@https://registry.npmjs.org/pg-int8/-/pg-int8-1.0.1.tgz. Extracting by manifest.
1228 silly tarball no local data for path-is-absolute@https://registry.npmjs.org/path-is-absolute/-/path-is-absolute-1.0.1.tgz. Extracting by manifest.
1229 silly tarball no local data for path-scurry@https://registry.npmjs.org/path-scurry/-/path-scurry-1.11.1.tgz. Extracting by manifest.
1230 silly tarball no local data for partial-json@https://registry.npmjs.org/partial-json/-/partial-json-0.1.7.tgz. Extracting by manifest.
1231 silly tarball no local data for parseurl@https://registry.npmjs.org/parseurl/-/parseurl-1.3.3.tgz. Extracting by manifest.
1232 silly tarball no local data for package-json-from-dist@https://registry.npmjs.org/package-json-from-dist/-/package-json-from-dist-1.0.1.tgz. Extracting by manifest.
1233 silly tarball no local data for once@https://registry.npmjs.org/once/-/once-1.4.0.tgz. Extracting by manifest.
1234 silly tarball no local data for one-time@https://registry.npmjs.org/one-time/-/one-time-1.0.0.tgz. Extracting by manifest.
1235 silly tarball no local data for on-finished@https://registry.npmjs.org/on-finished/-/on-finished-2.4.1.tgz. Extracting by manifest.
1236 silly tarball no local data for patch-package@https://registry.npmjs.org/patch-package/-/patch-package-8.0.0.tgz. Extracting by manifest.
1237 silly tarball no local data for object-inspect@https://registry.npmjs.org/object-inspect/-/object-inspect-1.13.4.tgz. Extracting by manifest.
1238 silly tarball no local data for object-keys@https://registry.npmjs.org/object-keys/-/object-keys-1.1.1.tgz. Extracting by manifest.
1239 silly tarball no local data for object-hash@https://registry.npmjs.org/object-hash/-/object-hash-3.0.0.tgz. Extracting by manifest.
1240 silly tarball no local data for object-assign@https://registry.npmjs.org/object-assign/-/object-assign-4.1.1.tgz. Extracting by manifest.
1241 silly tarball no local data for normalize-path@https://registry.npmjs.org/normalize-path/-/normalize-path-3.0.0.tgz. Extracting by manifest.
1242 silly tarball no local data for node-fetch@https://registry.npmjs.org/node-fetch/-/node-fetch-3.3.2.tgz. Extracting by manifest.
1243 silly tarball no local data for node-domexception@https://registry.npmjs.org/node-domexception/-/node-domexception-1.0.0.tgz. Extracting by manifest.
1244 silly tarball no local data for next@https://registry.npmjs.org/next/-/next-15.3.8.tgz. Extracting by manifest.
1245 silly tarball no local data for neo-async@https://registry.npmjs.org/neo-async/-/neo-async-2.6.2.tgz. Extracting by manifest.
1246 silly tarball no local data for negotiator@https://registry.npmjs.org/negotiator/-/negotiator-0.6.3.tgz. Extracting by manifest.
1247 silly tarball no local data for ms@https://registry.npmjs.org/ms/-/ms-2.0.0.tgz. Extracting by manifest.
1248 silly tarball no local data for mz@https://registry.npmjs.org/mz/-/mz-2.7.0.tgz. Extracting by manifest.
1249 silly tarball no local data for module-details-from-path@https://registry.npmjs.org/module-details-from-path/-/module-details-from-path-1.0.4.tgz. Extracting by manifest.
1250 silly tarball no local data for mkdirp@https://registry.npmjs.org/mkdirp/-/mkdirp-0.5.6.tgz. Extracting by manifest.
1251 silly tarball no local data for mime@https://registry.npmjs.org/mime/-/mime-3.0.0.tgz. Extracting by manifest.
1252 silly tarball no local data for minimist@https://registry.npmjs.org/minimist/-/minimist-1.2.8.tgz. Extracting by manifest.
1253 silly tarball no local data for mime-types@https://registry.npmjs.org/mime-types/-/mime-types-2.1.35.tgz. Extracting by manifest.
1254 silly tarball no local data for mime-db@https://registry.npmjs.org/mime-db/-/mime-db-1.52.0.tgz. Extracting by manifest.
1255 silly tarball no local data for methods@https://registry.npmjs.org/methods/-/methods-1.1.2.tgz. Extracting by manifest.
1256 silly tarball no local data for micromatch@https://registry.npmjs.org/micromatch/-/micromatch-4.0.8.tgz. Extracting by manifest.
1257 silly tarball no local data for nanoid@https://registry.npmjs.org/nanoid/-/nanoid-3.3.8.tgz. Extracting by manifest.
1258 silly tarball no local data for merge2@https://registry.npmjs.org/merge2/-/merge2-1.4.1.tgz. Extracting by manifest.
1259 silly tarball no local data for merge-descriptors@https://registry.npmjs.org/merge-descriptors/-/merge-descriptors-1.0.3.tgz. Extracting by manifest.
1260 silly tarball no local data for math-intrinsics@https://registry.npmjs.org/math-intrinsics/-/math-intrinsics-1.1.0.tgz. Extracting by manifest.
1261 silly tarball no local data for media-typer@https://registry.npmjs.org/media-typer/-/media-typer-0.3.0.tgz. Extracting by manifest.
1262 silly tarball no local data for lucide-react@https://registry.npmjs.org/lucide-react/-/lucide-react-0.475.0.tgz. Extracting by manifest.
1263 silly tarball no local data for make-error@https://registry.npmjs.org/make-error/-/make-error-1.3.6.tgz. Extracting by manifest.
1264 silly tarball no local data for loose-envify@https://registry.npmjs.org/loose-envify/-/loose-envify-1.4.0.tgz. Extracting by manifest.
1265 silly tarball no local data for logform@https://registry.npmjs.org/logform/-/logform-2.7.0.tgz. Extracting by manifest.
1266 silly tarball no local data for lodash.once@https://registry.npmjs.org/lodash.once/-/lodash.once-4.1.1.tgz. Extracting by manifest.
1267 silly tarball no local data for lodash.merge@https://registry.npmjs.org/lodash.merge/-/lodash.merge-4.6.2.tgz. Extracting by manifest.
1268 silly tarball no local data for lodash.mapvalues@https://registry.npmjs.org/lodash.mapvalues/-/lodash.mapvalues-4.6.0.tgz. Extracting by manifest.
1269 silly tarball no local data for lodash.isplainobject@https://registry.npmjs.org/lodash.isplainobject/-/lodash.isplainobject-4.0.6.tgz. Extracting by manifest.
1270 silly tarball no local data for lodash.isnumber@https://registry.npmjs.org/lodash.isnumber/-/lodash.isnumber-3.0.3.tgz. Extracting by manifest.
1271 silly tarball no local data for lodash.isstring@https://registry.npmjs.org/lodash.isstring/-/lodash.isstring-4.0.1.tgz. Extracting by manifest.
1272 silly tarball no local data for lodash.isinteger@https://registry.npmjs.org/lodash.isinteger/-/lodash.isinteger-4.0.4.tgz. Extracting by manifest.
1273 silly tarball no local data for lodash.clonedeep@https://registry.npmjs.org/lodash.clonedeep/-/lodash.clonedeep-4.5.0.tgz. Extracting by manifest.
1274 silly tarball no local data for lodash.includes@https://registry.npmjs.org/lodash.includes/-/lodash.includes-4.3.0.tgz. Extracting by manifest.
1275 silly tarball no local data for lodash.isboolean@https://registry.npmjs.org/lodash.isboolean/-/lodash.isboolean-3.0.3.tgz. Extracting by manifest.
1276 silly tarball no local data for lodash.camelcase@https://registry.npmjs.org/lodash.camelcase/-/lodash.camelcase-4.3.0.tgz. Extracting by manifest.
1277 silly tarball no local data for lines-and-columns@https://registry.npmjs.org/lines-and-columns/-/lines-and-columns-1.2.4.tgz. Extracting by manifest.
1278 silly tarball no local data for lilconfig@https://registry.npmjs.org/lilconfig/-/lilconfig-3.1.3.tgz. Extracting by manifest.
1279 silly tarball no local data for limiter@https://registry.npmjs.org/limiter/-/limiter-1.1.5.tgz. Extracting by manifest.
1280 silly tarball no local data for kuler@https://registry.npmjs.org/kuler/-/kuler-2.0.0.tgz. Extracting by manifest.
1281 silly tarball no local data for klaw-sync@https://registry.npmjs.org/klaw-sync/-/klaw-sync-6.0.0.tgz. Extracting by manifest.
1282 silly tarball no local data for jsonify@https://registry.npmjs.org/jsonify/-/jsonify-0.0.1.tgz. Extracting by manifest.
1283 silly tarball no local data for json5@https://registry.npmjs.org/json5/-/json5-2.2.3.tgz. Extracting by manifest.
1284 silly tarball no local data for json-schema@https://registry.npmjs.org/json-schema/-/json-schema-0.4.0.tgz. Extracting by manifest.
1285 silly tarball no local data for js-yaml@https://registry.npmjs.org/js-yaml/-/js-yaml-4.1.0.tgz. Extracting by manifest.
1286 silly tarball no local data for js-tokens@https://registry.npmjs.org/js-tokens/-/js-tokens-4.0.0.tgz. Extracting by manifest.
1287 silly tarball no local data for json-bigint@https://registry.npmjs.org/json-bigint/-/json-bigint-1.0.0.tgz. Extracting by manifest.
1288 silly tarball no local data for jodit-react@https://registry.npmjs.org/jodit-react/-/jodit-react-4.1.2.tgz. Extracting by manifest.
1289 silly tarball no local data for jiti@https://registry.npmjs.org/jiti/-/jiti-1.21.7.tgz. Extracting by manifest.
1290 silly tarball no local data for isarray@https://registry.npmjs.org/isarray/-/isarray-2.0.5.tgz. Extracting by manifest.
1291 silly tarball no local data for is-stream@https://registry.npmjs.org/is-stream/-/is-stream-2.0.1.tgz. Extracting by manifest.
1292 silly tarball no local data for is-obj@https://registry.npmjs.org/is-obj/-/is-obj-2.0.0.tgz. Extracting by manifest.
1293 silly tarball no local data for is-number@https://registry.npmjs.org/is-number/-/is-number-7.0.0.tgz. Extracting by manifest.
1294 silly tarball no local data for inherits@https://registry.npmjs.org/inherits/-/inherits-2.0.4.tgz. Extracting by manifest.
1295 silly tarball no local data for is-fullwidth-code-point@https://registry.npmjs.org/is-fullwidth-code-point/-/is-fullwidth-code-point-3.0.0.tgz. Extracting by manifest.
1296 silly tarball no local data for is-docker@https://registry.npmjs.org/is-docker/-/is-docker-2.2.1.tgz. Extracting by manifest.
1297 silly tarball no local data for is-binary-path@https://registry.npmjs.org/is-binary-path/-/is-binary-path-2.1.0.tgz. Extracting by manifest.
1298 silly tarball no local data for ipaddr.js@https://registry.npmjs.org/ipaddr.js/-/ipaddr.js-1.9.1.tgz. Extracting by manifest.
1299 silly tarball no local data for jackspeak@https://registry.npmjs.org/jackspeak/-/jackspeak-3.4.3.tgz. Extracting by manifest.
1300 silly tarball no local data for iconv-lite@https://registry.npmjs.org/iconv-lite/-/iconv-lite-0.4.24.tgz. Extracting by manifest.
1301 silly tarball no local data for https-proxy-agent@https://registry.npmjs.org/https-proxy-agent/-/https-proxy-agent-7.0.6.tgz. Extracting by manifest.
1302 silly tarball no local data for internmap@https://registry.npmjs.org/internmap/-/internmap-2.0.3.tgz. Extracting by manifest.
1303 silly tarball no local data for html5-qrcode@https://registry.npmjs.org/html5-qrcode/-/html5-qrcode-2.3.8.tgz. Extracting by manifest.
1304 silly tarball no local data for iceberg-js@https://registry.npmjs.org/iceberg-js/-/iceberg-js-0.8.1.tgz. Extracting by manifest.
1305 silly tarball no local data for http-parser-js@https://registry.npmjs.org/http-parser-js/-/http-parser-js-0.5.10.tgz. Extracting by manifest.
1306 silly tarball no local data for html-entities@https://registry.npmjs.org/html-entities/-/html-entities-2.6.0.tgz. Extracting by manifest.
1307 silly tarball no local data for hexer@https://registry.npmjs.org/hexer/-/hexer-1.5.0.tgz. Extracting by manifest.
1308 silly tarball no local data for has-tostringtag@https://registry.npmjs.org/has-tostringtag/-/has-tostringtag-1.0.2.tgz. Extracting by manifest.
1309 silly tarball no local data for has-symbols@https://registry.npmjs.org/has-symbols/-/has-symbols-1.1.0.tgz. Extracting by manifest.
1310 silly tarball no local data for has-flag@https://registry.npmjs.org/has-flag/-/has-flag-4.0.0.tgz. Extracting by manifest.
1311 silly tarball no local data for has-property-descriptors@https://registry.npmjs.org/has-property-descriptors/-/has-property-descriptors-1.0.2.tgz. Extracting by manifest.
1312 silly tarball no local data for handlebars@https://registry.npmjs.org/handlebars/-/handlebars-4.7.8.tgz. Extracting by manifest.
1313 silly tarball no local data for graceful-fs@https://registry.npmjs.org/graceful-fs/-/graceful-fs-4.2.11.tgz. Extracting by manifest.
1314 silly tarball no local data for gtoken@https://registry.npmjs.org/gtoken/-/gtoken-7.1.0.tgz. Extracting by manifest.
1315 silly tarball no local data for gopd@https://registry.npmjs.org/gopd/-/gopd-1.2.0.tgz. Extracting by manifest.
1316 silly tarball no local data for googleapis@https://registry.npmjs.org/googleapis/-/googleapis-137.1.0.tgz. Extracting by manifest.
1317 silly tarball no local data for googleapis-common@https://registry.npmjs.org/googleapis-common/-/googleapis-common-7.2.0.tgz. Extracting by manifest.
1318 silly tarball no local data for google-gax@https://registry.npmjs.org/google-gax/-/google-gax-4.6.1.tgz. Extracting by manifest.
1319 silly tarball no local data for google-logging-utils@https://registry.npmjs.org/google-logging-utils/-/google-logging-utils-0.0.2.tgz. Extracting by manifest.
1320 silly tarball no local data for google-auth-library@https://registry.npmjs.org/google-auth-library/-/google-auth-library-9.15.1.tgz. Extracting by manifest.
1321 silly tarball no local data for glob@https://registry.npmjs.org/glob/-/glob-10.4.5.tgz. Extracting by manifest.
1322 silly tarball no local data for get-proto@https://registry.npmjs.org/get-proto/-/get-proto-1.0.1.tgz. Extracting by manifest.
1323 silly tarball no local data for get-nonce@https://registry.npmjs.org/get-nonce/-/get-nonce-1.0.1.tgz. Extracting by manifest.
1324 silly tarball no local data for get-port@https://registry.npmjs.org/get-port/-/get-port-5.1.1.tgz. Extracting by manifest.
1325 silly tarball no local data for get-caller-file@https://registry.npmjs.org/get-caller-file/-/get-caller-file-2.0.5.tgz. Extracting by manifest.
1326 silly tarball no local data for gcp-metadata@https://registry.npmjs.org/gcp-metadata/-/gcp-metadata-6.1.1.tgz. Extracting by manifest.
1327 silly tarball no local data for genkit-cli@https://registry.npmjs.org/genkit-cli/-/genkit-cli-1.20.0.tgz. Extracting by manifest.
1328 silly tarball no local data for gaxios@https://registry.npmjs.org/gaxios/-/gaxios-6.7.1.tgz. Extracting by manifest.
1329 silly tarball no local data for function-bind@https://registry.npmjs.org/function-bind/-/function-bind-1.1.2.tgz. Extracting by manifest.
1330 silly tarball no local data for functional-red-black-tree@https://registry.npmjs.org/functional-red-black-tree/-/functional-red-black-tree-1.0.1.tgz. Extracting by manifest.
1331 silly tarball no local data for inflight@https://registry.npmjs.org/inflight/-/inflight-1.0.6.tgz. Extracting by manifest.
1332 silly tarball no local data for fsevents@https://registry.npmjs.org/fsevents/-/fsevents-2.3.3.tgz. Extracting by manifest.
1333 silly tarball no local data for fs.realpath@https://registry.npmjs.org/fs.realpath/-/fs.realpath-1.0.0.tgz. Extracting by manifest.
1334 silly tarball no local data for frac@https://registry.npmjs.org/frac/-/frac-1.1.2.tgz. Extracting by manifest.
1335 silly tarball no local data for fresh@https://registry.npmjs.org/fresh/-/fresh-0.5.2.tgz. Extracting by manifest.
1336 silly tarball no local data for forwarded@https://registry.npmjs.org/forwarded/-/forwarded-0.2.0.tgz. Extracting by manifest.
1337 silly tarball no local data for fn.name@https://registry.npmjs.org/fn.name/-/fn.name-1.1.0.tgz. Extracting by manifest.
1338 silly tarball no local data for find-yarn-workspace-root@https://registry.npmjs.org/find-yarn-workspace-root/-/find-yarn-workspace-root-2.0.0.tgz. Extracting by manifest.
1339 silly tarball no local data for fill-range@https://registry.npmjs.org/fill-range/-/fill-range-7.1.1.tgz. Extracting by manifest.
1340 silly tarball no local data for fetch-blob@https://registry.npmjs.org/fetch-blob/-/fetch-blob-3.2.0.tgz. Extracting by manifest.
1341 silly tarball no local data for fecha@https://registry.npmjs.org/fecha/-/fecha-4.2.3.tgz. Extracting by manifest.
1342 silly tarball no local data for formdata-polyfill@https://registry.npmjs.org/formdata-polyfill/-/formdata-polyfill-4.0.10.tgz. Extracting by manifest.
1343 silly tarball no local data for faye-websocket@https://registry.npmjs.org/faye-websocket/-/faye-websocket-0.11.4.tgz. Extracting by manifest.
1344 silly tarball no local data for fast-glob@https://registry.npmjs.org/fast-glob/-/fast-glob-3.3.3.tgz. Extracting by manifest.
1345 silly tarball no local data for extract-zip@https://registry.npmjs.org/extract-zip/-/extract-zip-2.0.1.tgz. Extracting by manifest.
1346 silly tarball no local data for extend@https://registry.npmjs.org/extend/-/extend-3.0.2.tgz. Extracting by manifest.
1347 silly tarball no local data for fast-xml-parser@https://registry.npmjs.org/fast-xml-parser/-/fast-xml-parser-4.5.3.tgz. Extracting by manifest.
1348 silly tarball no local data for eventemitter3@https://registry.npmjs.org/eventemitter3/-/eventemitter3-4.0.7.tgz. Extracting by manifest.
1349 silly tarball no local data for event-target-shim@https://registry.npmjs.org/event-target-shim/-/event-target-shim-5.0.1.tgz. Extracting by manifest.
1350 silly tarball no local data for etag@https://registry.npmjs.org/etag/-/etag-1.8.1.tgz. Extracting by manifest.
1351 silly tarball no local data for es-set-tostringtag@https://registry.npmjs.org/es-set-tostringtag/-/es-set-tostringtag-2.1.0.tgz. Extracting by manifest.
1352 silly tarball no local data for escape-html@https://registry.npmjs.org/escape-html/-/escape-html-1.0.3.tgz. Extracting by manifest.
1353 silly tarball no local data for es-errors@https://registry.npmjs.org/es-errors/-/es-errors-1.3.0.tgz. Extracting by manifest.
1354 silly tarball no local data for esbuild@https://registry.npmjs.org/esbuild/-/esbuild-0.25.10.tgz. Extracting by manifest.
1355 silly tarball no local data for es-define-property@https://registry.npmjs.org/es-define-property/-/es-define-property-1.0.1.tgz. Extracting by manifest.
1356 silly tarball no local data for enabled@https://registry.npmjs.org/enabled/-/enabled-2.0.0.tgz. Extracting by manifest.
1357 silly tarball no local data for embla-carousel-reactive-utils@https://registry.npmjs.org/embla-carousel-reactive-utils/-/embla-carousel-reactive-utils-8.6.0.tgz. Extracting by manifest.
1358 silly tarball no local data for embla-carousel-react@https://registry.npmjs.org/embla-carousel-react/-/embla-carousel-react-8.6.0.tgz. Extracting by manifest.
1359 silly tarball no local data for ee-first@https://registry.npmjs.org/ee-first/-/ee-first-1.1.1.tgz. Extracting by manifest.
1360 silly tarball no local data for encodeurl@https://registry.npmjs.org/encodeurl/-/encodeurl-2.0.0.tgz. Extracting by manifest.
1361 silly tarball no local data for embla-carousel@https://registry.npmjs.org/embla-carousel/-/embla-carousel-8.6.0.tgz. Extracting by manifest.
1362 silly tarball no local data for ecdsa-sig-formatter@https://registry.npmjs.org/ecdsa-sig-formatter/-/ecdsa-sig-formatter-1.0.11.tgz. Extracting by manifest.
1363 silly tarball no local data for duplexify@https://registry.npmjs.org/duplexify/-/duplexify-4.1.3.tgz. Extracting by manifest.
1364 silly tarball no local data for dunder-proto@https://registry.npmjs.org/dunder-proto/-/dunder-proto-1.0.1.tgz. Extracting by manifest.
1365 silly tarball no local data for eastasianwidth@https://registry.npmjs.org/eastasianwidth/-/eastasianwidth-0.2.0.tgz. Extracting by manifest.
1366 silly tarball no local data for dotprompt@https://registry.npmjs.org/dotprompt/-/dotprompt-1.1.2.tgz. Extracting by manifest.
1367 silly tarball no local data for dot-prop@https://registry.npmjs.org/dot-prop/-/dot-prop-6.0.1.tgz. Extracting by manifest.
1368 silly tarball no local data for dlv@https://registry.npmjs.org/dlv/-/dlv-1.1.3.tgz. Extracting by manifest.
1369 silly tarball no local data for didyoumean@https://registry.npmjs.org/didyoumean/-/didyoumean-1.2.2.tgz. Extracting by manifest.
1370 silly tarball no local data for detect-node-es@https://registry.npmjs.org/detect-node-es/-/detect-node-es-1.1.0.tgz. Extracting by manifest.
1371 silly tarball no local data for dom-helpers@https://registry.npmjs.org/dom-helpers/-/dom-helpers-5.2.1.tgz. Extracting by manifest.
1372 silly tarball no local data for depd@https://registry.npmjs.org/depd/-/depd-2.0.0.tgz. Extracting by manifest.
1373 silly tarball no local data for destroy@https://registry.npmjs.org/destroy/-/destroy-1.2.0.tgz. Extracting by manifest.
1374 silly tarball no local data for define-data-property@https://registry.npmjs.org/define-data-property/-/define-data-property-1.1.4.tgz. Extracting by manifest.
1375 silly tarball no local data for delayed-stream@https://registry.npmjs.org/delayed-stream/-/delayed-stream-1.0.0.tgz. Extracting by manifest.
1376 silly tarball no local data for decimal.js-light@https://registry.npmjs.org/decimal.js-light/-/decimal.js-light-2.5.1.tgz. Extracting by manifest.
1377 silly tarball no local data for debug@https://registry.npmjs.org/debug/-/debug-2.6.9.tgz. Extracting by manifest.
1378 silly tarball no local data for date-fns@https://registry.npmjs.org/date-fns/-/date-fns-3.6.0.tgz. Extracting by manifest.
1379 silly tarball no local data for data-uri-to-buffer@https://registry.npmjs.org/data-uri-to-buffer/-/data-uri-to-buffer-4.0.1.tgz. Extracting by manifest.
1380 silly tarball no local data for d3-timer@https://registry.npmjs.org/d3-timer/-/d3-timer-3.0.1.tgz. Extracting by manifest.
1381 silly tarball no local data for d3-scale@https://registry.npmjs.org/d3-scale/-/d3-scale-4.0.2.tgz. Extracting by manifest.
1382 silly tarball no local data for d3-time-format@https://registry.npmjs.org/d3-time-format/-/d3-time-format-4.1.0.tgz. Extracting by manifest.
1383 silly tarball no local data for d3-shape@https://registry.npmjs.org/d3-shape/-/d3-shape-3.2.0.tgz. Extracting by manifest.
1384 silly tarball no local data for d3-path@https://registry.npmjs.org/d3-path/-/d3-path-3.1.0.tgz. Extracting by manifest.
1385 silly tarball no local data for d3-interpolate@https://registry.npmjs.org/d3-interpolate/-/d3-interpolate-3.0.1.tgz. Extracting by manifest.
1386 silly tarball no local data for d3-ease@https://registry.npmjs.org/d3-ease/-/d3-ease-3.0.1.tgz. Extracting by manifest.
1387 silly tarball no local data for d3-time@https://registry.npmjs.org/d3-time/-/d3-time-3.1.0.tgz. Extracting by manifest.
1388 silly tarball no local data for d3-color@https://registry.npmjs.org/d3-color/-/d3-color-3.1.0.tgz. Extracting by manifest.
1389 silly tarball no local data for cssesc@https://registry.npmjs.org/cssesc/-/cssesc-3.0.0.tgz. Extracting by manifest.
1390 silly tarball no local data for d3-array@https://registry.npmjs.org/d3-array/-/d3-array-3.2.4.tgz. Extracting by manifest.
1391 silly tarball no local data for create-require@https://registry.npmjs.org/create-require/-/create-require-1.1.1.tgz. Extracting by manifest.
1392 silly tarball no local data for crc-32@https://registry.npmjs.org/crc-32/-/crc-32-1.2.2.tgz. Extracting by manifest.
1393 silly tarball no local data for content-type@https://registry.npmjs.org/content-type/-/content-type-1.0.5.tgz. Extracting by manifest.
1394 silly tarball no local data for content-disposition@https://registry.npmjs.org/content-disposition/-/content-disposition-0.5.4.tgz. Extracting by manifest.
1395 silly tarball no local data for concat-map@https://registry.npmjs.org/concat-map/-/concat-map-0.0.1.tgz. Extracting by manifest.
1396 silly tarball no local data for combined-stream@https://registry.npmjs.org/combined-stream/-/combined-stream-1.0.8.tgz. Extracting by manifest.
1397 silly tarball no local data for colorette@https://registry.npmjs.org/colorette/-/colorette-2.0.20.tgz. Extracting by manifest.
1398 silly tarball no local data for color-convert@https://registry.npmjs.org/color-convert/-/color-convert-2.0.1.tgz. Extracting by manifest.
1399 silly tarball no local data for color-name@https://registry.npmjs.org/color-name/-/color-name-1.1.4.tgz. Extracting by manifest.
1400 silly tarball no local data for cmdk@https://registry.npmjs.org/cmdk/-/cmdk-1.1.1.tgz. Extracting by manifest.
1401 silly tarball no local data for clsx@https://registry.npmjs.org/clsx/-/clsx-2.1.1.tgz. Extracting by manifest.
1402 silly tarball no local data for class-variance-authority@https://registry.npmjs.org/class-variance-authority/-/class-variance-authority-0.7.1.tgz. Extracting by manifest.
1403 silly tarball no local data for client-only@https://registry.npmjs.org/client-only/-/client-only-0.0.1.tgz. Extracting by manifest.
1404 silly tarball no local data for codepage@https://registry.npmjs.org/codepage/-/codepage-1.15.0.tgz. Extracting by manifest.
1405 silly tarball no local data for cliui@https://registry.npmjs.org/cliui/-/cliui-8.0.1.tgz. Extracting by manifest.
1406 silly tarball no local data for cjs-module-lexer@https://registry.npmjs.org/cjs-module-lexer/-/cjs-module-lexer-1.4.3.tgz. Extracting by manifest.
1407 silly tarball no local data for chokidar@https://registry.npmjs.org/chokidar/-/chokidar-3.6.0.tgz. Extracting by manifest.
1408 silly tarball no local data for ci-info@https://registry.npmjs.org/ci-info/-/ci-info-3.9.0.tgz. Extracting by manifest.
1409 silly tarball no local data for chalk@https://registry.npmjs.org/chalk/-/chalk-4.1.2.tgz. Extracting by manifest.
1410 silly tarball no local data for cfb@https://registry.npmjs.org/cfb/-/cfb-1.2.2.tgz. Extracting by manifest.
1411 silly tarball no local data for bytes@https://registry.npmjs.org/bytes/-/bytes-3.1.2.tgz. Extracting by manifest.
1412 silly tarball no local data for busboy@https://registry.npmjs.org/busboy/-/busboy-1.6.0.tgz. Extracting by manifest.
1413 silly tarball no local data for camelcase-css@https://registry.npmjs.org/camelcase-css/-/camelcase-css-2.0.1.tgz. Extracting by manifest.
1414 silly tarball no local data for buffer-equal-constant-time@https://registry.npmjs.org/buffer-equal-constant-time/-/buffer-equal-constant-time-1.0.1.tgz. Extracting by manifest.
1415 silly tarball no local data for braces@https://registry.npmjs.org/braces/-/braces-3.0.3.tgz. Extracting by manifest.
1416 silly tarball no local data for binary-extensions@https://registry.npmjs.org/binary-extensions/-/binary-extensions-2.3.0.tgz. Extracting by manifest.
1417 silly tarball no local data for base64-js@https://registry.npmjs.org/base64-js/-/base64-js-1.5.1.tgz. Extracting by manifest.
1418 silly tarball no local data for bcryptjs@https://registry.npmjs.org/bcryptjs/-/bcryptjs-3.0.3.tgz. Extracting by manifest.
1419 silly tarball no local data for balanced-match@https://registry.npmjs.org/balanced-match/-/balanced-match-1.0.2.tgz. Extracting by manifest.
1420 silly tarball no local data for asynckit@https://registry.npmjs.org/asynckit/-/asynckit-0.4.0.tgz. Extracting by manifest.
1421 silly tarball no local data for async-retry@https://registry.npmjs.org/async-retry/-/async-retry-1.3.3.tgz. Extracting by manifest.
1422 silly tarball no local data for async@https://registry.npmjs.org/async/-/async-3.2.6.tgz. Extracting by manifest.
1423 silly tarball no local data for async-mutex@https://registry.npmjs.org/async-mutex/-/async-mutex-0.5.0.tgz. Extracting by manifest.
1424 silly tarball no local data for arrify@https://registry.npmjs.org/arrify/-/arrify-2.0.1.tgz. Extracting by manifest.
1425 silly tarball no local data for argparse@https://registry.npmjs.org/argparse/-/argparse-2.0.1.tgz. Extracting by manifest.
1426 silly tarball no local data for array-flatten@https://registry.npmjs.org/array-flatten/-/array-flatten-1.1.1.tgz. Extracting by manifest.
1427 silly tarball no local data for arg@https://registry.npmjs.org/arg/-/arg-5.0.2.tgz. Extracting by manifest.
1428 silly tarball no local data for anymatch@https://registry.npmjs.org/anymatch/-/anymatch-3.1.3.tgz. Extracting by manifest.
1429 silly tarball no local data for ajv-formats@https://registry.npmjs.org/ajv-formats/-/ajv-formats-3.0.1.tgz. Extracting by manifest.
1430 silly tarball no local data for any-promise@https://registry.npmjs.org/any-promise/-/any-promise-1.3.0.tgz. Extracting by manifest.
1431 silly tarball no local data for adler-32@https://registry.npmjs.org/adler-32/-/adler-32-1.3.1.tgz. Extracting by manifest.
1432 silly tarball no local data for acorn-import-attributes@https://registry.npmjs.org/acorn-import-attributes/-/acorn-import-attributes-1.9.5.tgz. Extracting by manifest.
1433 silly tarball no local data for acorn@https://registry.npmjs.org/acorn/-/acorn-8.15.0.tgz. Extracting by manifest.
1434 silly tarball no local data for accepts@https://registry.npmjs.org/accepts/-/accepts-1.3.8.tgz. Extracting by manifest.
1435 silly tarball no local data for abort-controller@https://registry.npmjs.org/abort-controller/-/abort-controller-3.0.0.tgz. Extracting by manifest.
1436 silly tarball no local data for uuid@https://registry.npmjs.org/uuid/-/uuid-9.0.1.tgz. Extracting by manifest.
1437 silly tarball no local data for @grpc/proto-loader@https://registry.npmjs.org/@grpc/proto-loader/-/proto-loader-0.8.0.tgz. Extracting by manifest.
1438 silly tarball no local data for uuid@https://registry.npmjs.org/uuid/-/uuid-8.3.2.tgz. Extracting by manifest.
1439 silly tarball no local data for mime@https://registry.npmjs.org/mime/-/mime-1.6.0.tgz. Extracting by manifest.
1440 silly tarball no local data for uuid@https://registry.npmjs.org/uuid/-/uuid-9.0.1.tgz. Extracting by manifest.
1441 silly tarball no local data for semver@https://registry.npmjs.org/semver/-/semver-6.3.1.tgz. Extracting by manifest.
1442 silly tarball no local data for uuid@https://registry.npmjs.org/uuid/-/uuid-8.3.2.tgz. Extracting by manifest.
1443 silly tarball no local data for uuid@https://registry.npmjs.org/uuid/-/uuid-11.1.0.tgz. Extracting by manifest.
1444 silly tarball no local data for uuid@https://registry.npmjs.org/uuid/-/uuid-8.3.2.tgz. Extracting by manifest.
1445 silly tarball no local data for uuid@https://registry.npmjs.org/uuid/-/uuid-8.3.2.tgz. Extracting by manifest.
1446 silly tarball no local data for form-data@https://registry.npmjs.org/form-data/-/form-data-2.5.5.tgz. Extracting by manifest.
1447 silly tarball no local data for @types/d3-path@https://registry.npmjs.org/@types/d3-path/-/d3-path-1.0.11.tgz. Extracting by manifest.
1448 silly tarball no local data for @types/d3-shape@https://registry.npmjs.org/@types/d3-shape/-/d3-shape-1.3.12.tgz. Extracting by manifest.
1449 silly tarball no local data for cookie@https://registry.npmjs.org/cookie/-/cookie-1.1.1.tgz. Extracting by manifest.
1450 silly tarball no local data for uuid@https://registry.npmjs.org/uuid/-/uuid-9.0.1.tgz. Extracting by manifest.
1451 silly tarball no local data for @opentelemetry/semantic-conventions@https://registry.npmjs.org/@opentelemetry/semantic-conventions/-/semantic-conventions-1.25.1.tgz. Extracting by manifest.
1452 silly tarball no local data for @opentelemetry/semantic-conventions@https://registry.npmjs.org/@opentelemetry/semantic-conventions/-/semantic-conventions-1.25.1.tgz. Extracting by manifest.
1453 silly tarball no local data for @opentelemetry/semantic-conventions@https://registry.npmjs.org/@opentelemetry/semantic-conventions/-/semantic-conventions-1.28.0.tgz. Extracting by manifest.
1454 silly tarball no local data for @opentelemetry/semantic-conventions@https://registry.npmjs.org/@opentelemetry/semantic-conventions/-/semantic-conventions-1.28.0.tgz. Extracting by manifest.
1455 silly tarball no local data for @opentelemetry/core@https://registry.npmjs.org/@opentelemetry/core/-/core-1.30.1.tgz. Extracting by manifest.
1456 silly tarball no local data for @opentelemetry/core@https://registry.npmjs.org/@opentelemetry/core/-/core-1.30.1.tgz. Extracting by manifest.
1457 silly tarball no local data for @opentelemetry/semantic-conventions@https://registry.npmjs.org/@opentelemetry/semantic-conventions/-/semantic-conventions-1.25.1.tgz. Extracting by manifest.
1458 silly tarball no local data for @opentelemetry/semantic-conventions@https://registry.npmjs.org/@opentelemetry/semantic-conventions/-/semantic-conventions-1.25.1.tgz. Extracting by manifest.
1459 silly tarball no local data for @opentelemetry/semantic-conventions@https://registry.npmjs.org/@opentelemetry/semantic-conventions/-/semantic-conventions-1.25.1.tgz. Extracting by manifest.
1460 silly tarball no local data for @opentelemetry/semantic-conventions@https://registry.npmjs.org/@opentelemetry/semantic-conventions/-/semantic-conventions-1.25.1.tgz. Extracting by manifest.
1461 silly tarball no local data for @opentelemetry/semantic-conventions@https://registry.npmjs.org/@opentelemetry/semantic-conventions/-/semantic-conventions-1.25.1.tgz. Extracting by manifest.
1462 silly tarball no local data for strip-ansi@https://registry.npmjs.org/strip-ansi/-/strip-ansi-6.0.1.tgz. Extracting by manifest.
1463 silly tarball no local data for @jridgewell/trace-mapping@https://registry.npmjs.org/@jridgewell/trace-mapping/-/trace-mapping-0.3.9.tgz. Extracting by manifest.
1464 silly tarball no local data for string-width@https://registry.npmjs.org/string-width/-/string-width-4.2.3.tgz. Extracting by manifest.
1465 silly tarball no local data for emoji-regex@https://registry.npmjs.org/emoji-regex/-/emoji-regex-8.0.0.tgz. Extracting by manifest.
1466 silly tarball no local data for arg@https://registry.npmjs.org/arg/-/arg-4.1.3.tgz. Extracting by manifest.
1467 silly tarball no local data for ansi-regex@https://registry.npmjs.org/ansi-regex/-/ansi-regex-5.0.1.tgz. Extracting by manifest.
1468 silly tarball no local data for long@https://registry.npmjs.org/long/-/long-2.4.0.tgz. Extracting by manifest.
1469 silly tarball no local data for minimatch@https://registry.npmjs.org/minimatch/-/minimatch-3.1.2.tgz. Extracting by manifest.
1470 silly tarball no local data for glob@https://registry.npmjs.org/glob/-/glob-7.2.3.tgz. Extracting by manifest.
1471 silly tarball no local data for brace-expansion@https://registry.npmjs.org/brace-expansion/-/brace-expansion-1.1.11.tgz. Extracting by manifest.
1472 silly tarball no local data for ansi-styles@https://registry.npmjs.org/ansi-styles/-/ansi-styles-4.3.0.tgz. Extracting by manifest.
1473 silly tarball no local data for ms@https://registry.npmjs.org/ms/-/ms-2.1.3.tgz. Extracting by manifest.
1474 silly tarball no local data for yargs@https://registry.npmjs.org/yargs/-/yargs-15.4.1.tgz. Extracting by manifest.
1475 silly tarball no local data for debug@https://registry.npmjs.org/debug/-/debug-4.4.3.tgz. Extracting by manifest.
1476 silly tarball no local data for yargs-parser@https://registry.npmjs.org/yargs-parser/-/yargs-parser-18.1.3.tgz. Extracting by manifest.
1477 silly tarball no local data for y18n@https://registry.npmjs.org/y18n/-/y18n-4.0.3.tgz. Extracting by manifest.
1478 silly tarball no local data for wrap-ansi@https://registry.npmjs.org/wrap-ansi/-/wrap-ansi-6.2.0.tgz. Extracting by manifest.
1479 silly tarball no local data for string-width@https://registry.npmjs.org/string-width/-/string-width-4.2.3.tgz. Extracting by manifest.
1480 silly tarball no local data for cliui@https://registry.npmjs.org/cliui/-/cliui-6.0.0.tgz. Extracting by manifest.
1481 silly tarball no local data for ansi-styles@https://registry.npmjs.org/ansi-styles/-/ansi-styles-4.3.0.tgz. Extracting by manifest.
1482 silly tarball no local data for react-is@https://registry.npmjs.org/react-is/-/react-is-16.13.1.tgz. Extracting by manifest.
1483 silly tarball no local data for ansi-regex@https://registry.npmjs.org/ansi-regex/-/ansi-regex-5.0.1.tgz. Extracting by manifest.
1484 silly tarball no local data for open@https://registry.npmjs.org/open/-/open-7.4.2.tgz. Extracting by manifest.
1485 silly tarball no local data for strip-ansi@https://registry.npmjs.org/strip-ansi/-/strip-ansi-6.0.1.tgz. Extracting by manifest.
1486 silly tarball no local data for emoji-regex@https://registry.npmjs.org/emoji-regex/-/emoji-regex-8.0.0.tgz. Extracting by manifest.
1487 silly tarball no local data for is-wsl@https://registry.npmjs.org/is-wsl/-/is-wsl-2.2.0.tgz. Extracting by manifest.
1488 silly tarball no local data for ms@https://registry.npmjs.org/ms/-/ms-2.1.3.tgz. Extracting by manifest.
1489 silly tarball no local data for postcss@https://registry.npmjs.org/postcss/-/postcss-8.4.31.tgz. Extracting by manifest.
1490 silly tarball no local data for ms@https://registry.npmjs.org/ms/-/ms-2.1.3.tgz. Extracting by manifest.
1491 silly tarball no local data for debug@https://registry.npmjs.org/debug/-/debug-4.4.0.tgz. Extracting by manifest.
1492 silly tarball no local data for @next/swc-darwin-arm64@https://registry.npmjs.org/@next/swc-darwin-arm64/-/swc-darwin-arm64-15.3.5.tgz. Extracting by manifest.
1493 silly tarball no local data for uuid@https://registry.npmjs.org/uuid/-/uuid-9.0.1.tgz. Extracting by manifest.
1494 silly tarball no local data for commander@https://registry.npmjs.org/commander/-/commander-11.1.0.tgz. Extracting by manifest.
1495 silly tarball no local data for uuid@https://registry.npmjs.org/uuid/-/uuid-9.0.1.tgz. Extracting by manifest.
1496 silly tarball no local data for node-fetch@https://registry.npmjs.org/node-fetch/-/node-fetch-2.7.0.tgz. Extracting by manifest.
1497 silly tarball no local data for uuid@https://registry.npmjs.org/uuid/-/uuid-9.0.1.tgz. Extracting by manifest.
1498 silly tarball no local data for ms@https://registry.npmjs.org/ms/-/ms-2.1.3.tgz. Extracting by manifest.
1499 silly tarball no local data for debug@https://registry.npmjs.org/debug/-/debug-4.4.0.tgz. Extracting by manifest.
1500 silly tarball no local data for glob-parent@https://registry.npmjs.org/glob-parent/-/glob-parent-5.1.2.tgz. Extracting by manifest.
1501 silly tarball no local data for node-fetch@https://registry.npmjs.org/node-fetch/-/node-fetch-2.7.0.tgz. Extracting by manifest.
1502 silly tarball no local data for strip-ansi@https://registry.npmjs.org/strip-ansi/-/strip-ansi-6.0.1.tgz. Extracting by manifest.
1503 silly tarball no local data for emoji-regex@https://registry.npmjs.org/emoji-regex/-/emoji-regex-8.0.0.tgz. Extracting by manifest.
1504 silly tarball no local data for string-width@https://registry.npmjs.org/string-width/-/string-width-4.2.3.tgz. Extracting by manifest.
1505 silly tarball no local data for ansi-styles@https://registry.npmjs.org/ansi-styles/-/ansi-styles-4.3.0.tgz. Extracting by manifest.
1506 silly tarball no local data for ansi-regex@https://registry.npmjs.org/ansi-regex/-/ansi-regex-5.0.1.tgz. Extracting by manifest.
1507 silly tarball no local data for wrap-ansi@https://registry.npmjs.org/wrap-ansi/-/wrap-ansi-7.0.0.tgz. Extracting by manifest.
1508 silly tarball no local data for glob-parent@https://registry.npmjs.org/glob-parent/-/glob-parent-5.1.2.tgz. Extracting by manifest.
1509 silly tarball no local data for ansi-styles@https://registry.npmjs.org/ansi-styles/-/ansi-styles-4.3.0.tgz. Extracting by manifest.
1510 http fetch GET 200 https://registry.npmjs.org/@types/triple-beam/-/triple-beam-1.3.5.tgz 800ms (cache miss)
1511 http fetch GET 200 https://registry.npmjs.org/@types/long/-/long-4.0.2.tgz 816ms (cache miss)
1512 http fetch GET 200 https://registry.npmjs.org/@types/request/-/request-2.48.13.tgz 885ms (cache miss)
1513 http fetch GET 200 https://registry.npmjs.org/@types/shimmer/-/shimmer-1.2.0.tgz 904ms (cache miss)
1514 http fetch GET 200 https://registry.npmjs.org/@types/pg/-/pg-8.6.1.tgz 903ms (cache miss)
1515 http fetch GET 200 https://registry.npmjs.org/@types/tedious/-/tedious-4.0.14.tgz 980ms (cache miss)
1516 http fetch GET 200 https://registry.npmjs.org/@types/tough-cookie/-/tough-cookie-4.0.5.tgz 1067ms (cache miss)
1517 http fetch POST 200 https://registry.npmjs.org/-/npm/v1/security/advisories/bulk 1268ms
1518 silly audit report {
1518 silly audit report   '@babel/runtime': [
1518 silly audit report     {
1518 silly audit report       id: 1104000,
1518 silly audit report       url: 'https://github.com/advisories/GHSA-968p-4wvh-cqc8',
1518 silly audit report       title: 'Babel has inefficient RegExp complexity in generated code with .replace when transpiling named capturing groups',
1518 silly audit report       severity: 'moderate',
1518 silly audit report       vulnerable_versions: '<7.26.10',
1518 silly audit report       cwe: [Array],
1518 silly audit report       cvss: [Object]
1518 silly audit report     }
1518 silly audit report   ],
1518 silly audit report   uuid: [
1518 silly audit report     {
1518 silly audit report       id: 1119441,
1518 silly audit report       url: 'https://github.com/advisories/GHSA-w5hq-g745-h8pq',
1518 silly audit report       title: 'uuid: Missing buffer bounds check in v3/v5/v6 when buf is provided',
1518 silly audit report       severity: 'moderate',
1518 silly audit report       vulnerable_versions: '<11.1.1',
1518 silly audit report       cwe: [Array],
1518 silly audit report       cvss: [Object]
1518 silly audit report     }
1518 silly audit report   ],
1518 silly audit report   '@grpc/grpc-js': [
1518 silly audit report     {
1518 silly audit report       id: 1120582,
1518 silly audit report       url: 'https://github.com/advisories/GHSA-5375-pq7m-f5r2',
1518 silly audit report       title: '@grpc/grpc-js: A malformed request can cause a server crash',
1518 silly audit report       severity: 'high',
1518 silly audit report       vulnerable_versions: '>=1.14.0 <1.14.4',
1518 silly audit report       cwe: [Array],
1518 silly audit report       cvss: [Object]
1518 silly audit report     },
1518 silly audit report     {
1518 silly audit report       id: 1120588,
1518 silly audit report       url: 'https://github.com/advisories/GHSA-99f4-grh7-6pcq',
1518 silly audit report       title: '@grpc/grpc-js: An incoming malformed compressed message can cause a client or server crash',
1518 silly audit report       severity: 'high',
1518 silly audit report       vulnerable_versions: '>=1.14.0 <1.14.4',
1518 silly audit report       cwe: [Array],
1518 silly audit report       cvss: [Object]
1518 silly audit report     }
1518 silly audit report   ],
1518 silly audit report   '@modelcontextprotocol/sdk': [
1518 silly audit report     {
1518 silly audit report       id: 1113080,
1518 silly audit report       url: 'https://github.com/advisories/GHSA-345p-7cg4-v4c7',
1518 silly audit report       title: '@modelcontextprotocol/sdk has cross-client data leak via shared server/transport instance reuse',
1518 silly audit report       severity: 'high',
1518 silly audit report       vulnerable_versions: '>=1.10.0 <=1.25.3',
1518 silly audit report       cwe: [Array],
1518 silly audit report       cvss: [Object]
1518 silly audit report     },
1518 silly audit report     {
1518 silly audit report       id: 1113213,
1518 silly audit report       url: 'https://github.com/advisories/GHSA-w48q-cv73-mx4w',
1518 silly audit report       title: 'Model Context Protocol (MCP) TypeScript SDK does not enable DNS rebinding protection by default',
1518 silly audit report       severity: 'high',
1518 silly audit report       vulnerable_versions: '<1.24.0',
1518 silly audit report       cwe: [Array],
1518 silly audit report       cvss: [Object]
1518 silly audit report     },
1518 silly audit report     {
1518 silly audit report       id: 1123467,
1518 silly audit report       url: 'https://github.com/advisories/GHSA-8r9q-7v3j-jr4g',
1518 silly audit report       title: "Anthropic's MCP TypeScript SDK has a ReDoS vulnerability",
1518 silly audit report       severity: 'high',
1518 silly audit report       vulnerable_versions: '>=1.3.0 <1.25.2',
1518 silly audit report       cwe: [Array],
1518 silly audit report       cvss: [Object]
1518 silly audit report     }
1518 silly audit report   ],
1518 silly audit report   ajv: [
1518 silly audit report     {
1518 silly audit report       id: 1113714,
1518 silly audit report       url: 'https://github.com/advisories/GHSA-2g4f-4pwh-qvx6',
1518 silly audit report       title: 'ajv has ReDoS when using `$data` option',
1518 silly audit report       severity: 'moderate',
1518 silly audit report       vulnerable_versions: '<6.14.0',
1518 silly audit report       cwe: [Array],
1518 silly audit report       cvss: [Object]
1518 silly audit report     },
1518 silly audit report     {
1518 silly audit report       id: 1113715,
1518 silly audit report       url: 'https://github.com/advisories/GHSA-2g4f-4pwh-qvx6',
1518 silly audit report       title: 'ajv has ReDoS when using `$data` option',
1518 silly audit report       severity: 'moderate',
1518 silly audit report       vulnerable_versions: '>=7.0.0-alpha.0 <8.18.0',
1518 silly audit report       cwe: [Array],
1518 silly audit report       cvss: [Object]
1518 silly audit report     }
1518 silly audit report   ],
1518 silly audit report   'body-parser': [
1518 silly audit report     {
1518 silly audit report       id: 1110858,
1518 silly audit report       url: 'https://github.com/advisories/GHSA-wqch-xfxh-vrr4',
1518 silly audit report       title: 'body-parser is vulnerable to denial of service when url encoding is used',
1518 silly audit report       severity: 'moderate',
1518 silly audit report       vulnerable_versions: '>=2.2.0 <2.2.1',
1518 silly audit report       cwe: [Array],
1518 silly audit report       cvss: [Object]
1518 silly audit report     },
1518 silly audit report     {
1518 silly audit report       id: 1123976,
1518 silly audit report       url: 'https://github.com/advisories/GHSA-v422-hmwv-36x6',
1518 silly audit report       title: 'body-parser vulnerable to denial of service when invalid limit value silently disables size enforcement',
1518 silly audit report       severity: 'low',
1518 silly audit report       vulnerable_versions: '>=2.0.0 <2.3.0',
1518 silly audit report       cwe: [Array],
1518 silly audit report       cvss: [Object]
1518 silly audit report     },
1518 silly audit report     {
1518 silly audit report       id: 1123977,
1518 silly audit report       url: 'https://github.com/advisories/GHSA-v422-hmwv-36x6',
1518 silly audit report       title: 'body-parser vulnerable to denial of service when invalid limit value silently disables size enforcement',
1518 silly audit report       severity: 'low',
1518 silly audit report       vulnerable_versions: '<1.20.6',
1518 silly audit report       cwe: [Array],
1518 silly audit report       cvss: [Object]
1518 silly audit report     }
1518 silly audit report   ],
1518 silly audit report   qs: [
1518 silly audit report     {
1518 silly audit report       id: 1158507,
1518 silly audit report       url: 'https://github.com/advisories/GHSA-4mjr-xmp4-gh2g',
1518 silly audit report       title: 'qs: Denial of Service via Attacker Controlled isBuffer',
1518 silly audit report       severity: 'moderate',
1518 silly audit report       vulnerable_versions: '>=2.2.5 <6.16.0',
1518 silly audit report       cwe: [Array],
1518 silly audit report       cvss: [Object]
1518 silly audit report     },
1518 silly audit report     {
1518 silly audit report       id: 1119502,
1518 silly audit report       url: 'https://github.com/advisories/GHSA-q8mj-m7cp-5q26',
1518 silly audit report       title: 'qs has a remotely triggerable DoS: qs.stringify crashes with TypeError on null/undefined entries in comma-format arrays when encodeValuesOnly is set',
1518 silly audit report       severity: 'moderate',
1518 silly audit report       vulnerable_versions: '>=6.11.1 <=6.15.1',
1518 silly audit report       cwe: [Array],
1518 silly audit report       cvss: [Object]
1518 silly audit report     },
1518 silly audit report     {
1518 silly audit report       id: 1113161,
1518 silly audit report       url: 'https://github.com/advisories/GHSA-w7fw-mjwx-w883',
1518 silly audit report       title: "qs's arrayLimit bypass in comma parsing allows denial of service",
1518 silly audit report       severity: 'low',
1518 silly audit report       vulnerable_versions: '>=6.7.0 <=6.14.1',
1518 silly audit report       cwe: [Array],
1518 silly audit report       cvss: [Object]
1518 silly audit report     },
1518 silly audit report     {
1518 silly audit report       id: 1113719,
1518 silly audit report       url: 'https://github.com/advisories/GHSA-6rw7-vpxm-498p',
1518 silly audit report       title: "qs's arrayLimit bypass in its bracket notation allows DoS via memory exhaustion",
1518 silly audit report       severity: 'moderate',
1518 silly audit report       vulnerable_versions: '<6.14.1',
1518 silly audit report       cwe: [Array],
1518 silly audit report       cvss: [Object]
1518 silly audit report     }
1518 silly audit report   ],
1518 silly audit report   '@opentelemetry/auto-instrumentations-node': [
1518 silly audit report     {
1518 silly audit report       id: 1120251,
1518 silly audit report       url: 'https://github.com/advisories/GHSA-q7rr-3cgh-j5r3',
1518 silly audit report       title: 'Prometheus exporter process crash via malformed HTTP request',
1518 silly audit report       severity: 'high',
1518 silly audit report       vulnerable_versions: '<0.75.0',
1518 silly audit report       cwe: [Array],
1518 silly audit report       cvss: [Object]
1518 silly audit report     }
1518 silly audit report   ],
1518 silly audit report   '@opentelemetry/core': [
1518 silly audit report     {
1518 silly audit report       id: 1153174,
1518 silly audit report       url: 'https://github.com/advisories/GHSA-8988-4f7v-96qf',
1518 silly audit report       title: 'OpenTelemetry Core: Unbounded memory allocation in W3C Baggage propagation',
1518 silly audit report       severity: 'moderate',
1518 silly audit report       vulnerable_versions: '<2.8.0',
1518 silly audit report       cwe: [Array],
1518 silly audit report       cvss: [Object]
1518 silly audit report     }
1518 silly audit report   ],
1518 silly audit report   '@opentelemetry/propagator-jaeger': [
1518 silly audit report     {
1518 silly audit report       id: 1124011,
1518 silly audit report       url: 'https://github.com/advisories/GHSA-45rx-2jwx-cxfr',
1518 silly audit report       title: 'OpenTelemetry JavaScript: Denial of service in `JaegerPropagator` via unhandled exception on a malformed header',
1518 silly audit report       severity: 'high',
1518 silly audit report       vulnerable_versions: '<2.9.0',
1518 silly audit report       cwe: [Array],
1518 silly audit report       cvss: [Object]
1518 silly audit report     }
1518 silly audit report   ],
1518 silly audit report   '@opentelemetry/sdk-node': [
1518 silly audit report     {
1518 silly audit report       id: 1120252,
1518 silly audit report       url: 'https://github.com/advisories/GHSA-q7rr-3cgh-j5r3',
1518 silly audit report       title: 'Prometheus exporter process crash via malformed HTTP request',
1518 silly audit report       severity: 'high',
1518 silly audit report       vulnerable_versions: '<0.217.0',
1518 silly audit report       cwe: [Array],
1518 silly audit report       cvss: [Object]
1518 silly audit report     }
1518 silly audit report   ],
1518 silly audit report   '@protobufjs/utf8': [
1518 silly audit report     {
1518 silly audit report       id: 1118933,
1518 silly audit report       url: 'https://github.com/advisories/GHSA-q6x5-8v7m-xcrf',
1518 silly audit report       title: 'protobufjs has overlong UTF-8 decoding',
1518 silly audit report       severity: 'moderate',
1518 silly audit report       vulnerable_versions: '<=1.1.0',
1518 silly audit report       cwe: [Array],
1518 silly audit report       cvss: [Object]
1518 silly audit report     }
1518 silly audit report   ],
1518 silly audit report   '@tootallnate/once': [
1518 silly audit report     {
1518 silly audit report       id: 1119438,
1518 silly audit report       url: 'https://github.com/advisories/GHSA-vpq2-c234-7xj6',
1518 silly audit report       title: '@tootallnate/once vulnerable to Incorrect Control Flow Scoping',
1518 silly audit report       severity: 'low',
1518 silly audit report       vulnerable_versions: '<2.0.1',
1518 silly audit report       cwe: [Array],
1518 silly audit report       cvss: [Object]
1518 silly audit report     }
1518 silly audit report   ],
1518 silly audit report   '@trpc/server': [
1518 silly audit report     {
1518 silly audit report       id: 1111525,
1518 silly audit report       url: 'https://github.com/advisories/GHSA-43p4-m455-4f4j',
1518 silly audit report       title: 'tRPC has possible prototype pollution in `experimental_nextAppDirCaller`',
1518 silly audit report       severity: 'high',
1518 silly audit report       vulnerable_versions: '>=10.27.0 <10.45.3',
1518 silly audit report       cwe: [Array],
1518 silly audit report       cvss: [Object]
1518 silly audit report     }
1518 silly audit report   ],
1518 silly audit report   'form-data': [
1518 silly audit report     {
1518 silly audit report       id: 1120743,
1518 silly audit report       url: 'https://github.com/advisories/GHSA-hmw2-7cc7-3qxx',
1518 silly audit report       title: 'form-data: CRLF injection in form-data via unescaped multipart field names and filenames',
1518 silly audit report       severity: 'high',
1518 silly audit report       vulnerable_versions: '>=4.0.0 <4.0.6',
1518 silly audit report       cwe: [Array],
1518 silly audit report       cvss: [Object]
1518 silly audit report     },
1518 silly audit report     {
1518 silly audit report       id: 1120745,
1518 silly audit report       url: 'https://github.com/advisories/GHSA-hmw2-7cc7-3qxx',
1518 silly audit report       title: 'form-data: CRLF injection in form-data via unescaped multipart field names and filenames',
1518 silly audit report       severity: 'high',
1518 silly audit report       vulnerable_versions: '<2.5.6',
1518 silly audit report       cwe: [Array],
1518 silly audit report       cvss: [Object]
1518 silly audit report     }
1518 silly audit report   ],
1518 silly audit report   'adm-zip': [
1518 silly audit report     {
1518 silly audit report       id: 1123686,
1518 silly audit report       url: 'https://github.com/advisories/GHSA-xcpc-8h2w-3j85',
1518 silly audit report       title: 'adm-zip: Crafted ZIP file triggers 4GB memory allocation',
1518 silly audit report       severity: 'high',
1518 silly audit report       vulnerable_versions: '<0.6.0',
1518 silly audit report       cwe: [Array],
1518 silly audit report       cvss: [Object]
1518 silly audit report     },
1518 silly audit report     {
1518 silly audit report       id: 1193734,
1518 silly audit report       url: 'https://github.com/advisories/GHSA-vwc7-r8mq-g2x9',
1518 silly audit report       title: 'adm-zip extraction follows destination symlinks, allowing arbitrary file overwrite',
1518 silly audit report       severity: 'moderate',
1518 silly audit report       vulnerable_versions: '>=0.5.9 <=0.6.0',
1518 silly audit report       cwe: [Array],
1518 silly audit report       cvss: [Object]
1518 silly audit report     },
1518 silly audit report     {
1518 silly audit report       id: 1239030,
1518 silly audit report       url: 'https://github.com/advisories/GHSA-7q85-xj36-vmfc',
1518 silly audit report       title: 'adm-zip: Uncontrolled memory allocation via the declared uncompressed size (DoS)',
1518 silly audit report       severity: 'high',
1518 silly audit report       vulnerable_versions: '<0.6.1',
1518 silly audit report       cwe: [Array],
1518 silly audit report       cvss: [Object]
1518 silly audit report     }
1518 silly audit report   ],
1518 silly audit report   'brace-expansion': [
1518 silly audit report     {
1518 silly audit report       id: 1105443,
1518 silly audit report       url: 'https://github.com/advisories/GHSA-v6h2-p8h4-qcjw',
1518 silly audit report       title: 'brace-expansion Regular Expression Denial of Service vulnerability',
1518 silly audit report       severity: 'low',
1518 silly audit report       vulnerable_versions: '>=1.0.0 <=1.1.11',
1518 silly audit report       cwe: [Array],
1518 silly audit report       cvss: [Object]
1518 silly audit report     },
1518 silly audit report     {
1518 silly audit report       id: 1105444,
1518 silly audit report       url: 'https://github.com/advisories/GHSA-v6h2-p8h4-qcjw',
1518 silly audit report       title: 'brace-expansion Regular Expression Denial of Service vulnerability',
1518 silly audit report       severity: 'low',
1518 silly audit report       vulnerable_versions: '>=2.0.0 <=2.0.1',
1518 silly audit report       cwe: [Array],
1518 silly audit report       cvss: [Object]
1518 silly audit report     },
1518 silly audit report     {
1518 silly audit report       id: 1130588,
1518 silly audit report       url: 'https://github.com/advisories/GHSA-mh99-v99m-4gvg',
1518 silly audit report       title: 'brace-expansion: DoS via unbounded expansion length causing an out-of-memory process crash',
1518 silly audit report       severity: 'high',
1518 silly audit report       vulnerable_versions: '<1.1.17',
1518 silly audit report       cwe: [Array],
1518 silly audit report       cvss: [Object]
1518 silly audit report     },
1518 silly audit report     {
1518 silly audit report       id: 1130589,
1518 silly audit report       url: 'https://github.com/advisories/GHSA-mh99-v99m-4gvg',
1518 silly audit report       title: 'brace-expansion: DoS via unbounded expansion length causing an out-of-memory process crash',
1518 silly audit report       severity: 'high',
1518 silly audit report       vulnerable_versions: '>=2.0.0 <2.1.3',
1518 silly audit report       cwe: [Array],
1518 silly audit report       cvss: [Object]
1518 silly audit report     },
1518 silly audit report     {
1518 silly audit report       id: 1130736,
1518 silly audit report       url: 'https://github.com/advisories/GHSA-rgw5-rvv9-x895',
1518 silly audit report       title: 'brace-expansion: DoS via unbounded intermediate arrays, bypassing the CVE-2026-14257 mitigation',
1518 silly audit report       severity: 'high',
1518 silly audit report       vulnerable_versions: '>=2.0.0 <2.1.4',
1518 silly audit report       cwe: [Array],
1518 silly audit report       cvss: [Object]
1518 silly audit report     },
1518 silly audit report     {
1518 silly audit report       id: 1130737,
1518 silly audit report       url: 'https://github.com/advisories/GHSA-rgw5-rvv9-x895',
1518 silly audit report       title: 'brace-expansion: DoS via unbounded intermediate arrays, bypassing the CVE-2026-14257 mitigation',
1518 silly audit report       severity: 'high',
1518 silly audit report       vulnerable_versions: '<1.1.18',
1518 silly audit report       cwe: [Array],
1518 silly audit report       cvss: [Object]
1518 silly audit report     },
1518 silly audit report     {
1518 silly audit report       id: 1115540,
1518 silly audit report       url: 'https://github.com/advisories/GHSA-f886-m6hf-6m8v',
1518 silly audit report       title: 'brace-expansion: Zero-step sequence causes process hang and memory exhaustion',
1518 silly audit report       severity: 'moderate',
1518 silly audit report       vulnerable_versions: '<1.1.13',
1518 silly audit report       cwe: [Array],
1518 silly audit report       cvss: [Object]
1518 silly audit report     },
1518 silly audit report     {
1518 silly audit report       id: 1115541,
1518 silly audit report       url: 'https://github.com/advisories/GHSA-f886-m6hf-6m8v',
1518 silly audit report       title: 'brace-expansion: Zero-step sequence causes process hang and memory exhaustion',
1518 silly audit report       severity: 'moderate',
1518 silly audit report       vulnerable_versions: '>=2.0.0 <2.0.3',
1518 silly audit report       cwe: [Array],
1518 silly audit report       cvss: [Object]
1518 silly audit report     },
1518 silly audit report     {
1518 silly audit report       id: 1123896,
1518 silly audit report       url: 'https://github.com/advisories/GHSA-3jxr-9vmj-r5cp',
1518 silly audit report       title: 'brace-expansion: DoS via exponential-time expansion of consecutive non-expanding {} groups',
1518 silly audit report       severity: 'high',
1518 silly audit report       vulnerable_versions: '>=2.0.0 <2.1.2',
1518 silly audit report       cwe: [Array],
1518 silly audit report       cvss: [Object]
1518 silly audit report     },
1518 silly audit report     {
1518 silly audit report       id: 1123897,
1518 silly audit report       url: 'https://github.com/advisories/GHSA-3jxr-9vmj-r5cp',
1518 silly audit report       title: 'brace-expansion: DoS via exponential-time expansion of consecutive non-expanding {} groups',
1518 silly audit report       severity: 'high',
1518 silly audit report       vulnerable_versions: '<1.1.16',
1518 silly audit report       cwe: [Array],
1518 silly audit report       cvss: [Object]
1518 silly audit report     }
1518 silly audit report   ],
1518 silly audit report   glob: [
1518 silly audit report     {
1518 silly audit report       id: 1109842,
1518 silly audit report       url: 'https://github.com/advisories/GHSA-5j98-mcp5-4vw2',
1518 silly audit report       title: 'glob CLI: Command injection via -c/--cmd executes matches with shell:true',
1518 silly audit report       severity: 'high',
1518 silly audit report       vulnerable_versions: '>=10.2.0 <10.5.0',
1518 silly audit report       cwe: [Array],
1518 silly audit report       cvss: [Object]
1518 silly audit report     }
1518 silly audit report   ],
1518 silly audit report   minimatch: [
1518 silly audit report     {
1518 silly audit report       id: 1113459,
1518 silly audit report       url: 'https://github.com/advisories/GHSA-3ppc-4f35-3m26',
1518 silly audit report       title: 'minimatch has a ReDoS via repeated wildcards with non-matching literal in pattern',
1518 silly audit report       severity: 'high',
1518 silly audit report       vulnerable_versions: '<3.1.3',
1518 silly audit report       cwe: [Array],
1518 silly audit report       cvss: [Object]
1518 silly audit report     },
1518 silly audit report     {
1518 silly audit report       id: 1113465,
1518 silly audit report       url: 'https://github.com/advisories/GHSA-3ppc-4f35-3m26',
1518 silly audit report       title: 'minimatch has a ReDoS via repeated wildcards with non-matching literal in pattern',
1518 silly audit report       severity: 'high',
1518 silly audit report       vulnerable_versions: '>=9.0.0 <9.0.6',
1518 silly audit report       cwe: [Array],
1518 silly audit report       cvss: [Object]
1518 silly audit report     },
1518 silly audit report     {
1518 silly audit report       id: 1113538,
1518 silly audit report       url: 'https://github.com/advisories/GHSA-7r86-cg39-jmmj',
1518 silly audit report       title: 'minimatch has ReDoS: matchOne() combinatorial backtracking via multiple non-adjacent GLOBSTAR segments',
1518 silly audit report       severity: 'high',
1518 silly audit report       vulnerable_versions: '<3.1.3',
1518 silly audit report       cwe: [Array],
1518 silly audit report       cvss: [Object]
1518 silly audit report     },
1518 silly audit report     {
1518 silly audit report       id: 1113544,
1518 silly audit report       url: 'https://github.com/advisories/GHSA-7r86-cg39-jmmj',
1518 silly audit report       title: 'minimatch has ReDoS: matchOne() combinatorial backtracking via multiple non-adjacent GLOBSTAR segments',
1518 silly audit report       severity: 'high',
1518 silly audit report       vulnerable_versions: '>=9.0.0 <9.0.7',
1518 silly audit report       cwe: [Array],
1518 silly audit report       cvss: [Object]
1518 silly audit report     },
1518 silly audit report     {
1518 silly audit report       id: 1113546,
1518 silly audit report       url: 'https://github.com/advisories/GHSA-23c5-xmqv-rm74',
1518 silly audit report       title: 'minimatch ReDoS: nested *() extglobs generate catastrophically backtracking regular expressions',
1518 silly audit report       severity: 'high',
1518 silly audit report       vulnerable_versions: '<3.1.4',
1518 silly audit report       cwe: [Array],
1518 silly audit report       cvss: [Object]
1518 silly audit report     },
1518 silly audit report     {
1518 silly audit report       id: 1113552,
1518 silly audit report       url: 'https://github.com/advisories/GHSA-23c5-xmqv-rm74',
1518 silly audit report       title: 'minimatch ReDoS: nested *() extglobs generate catastrophically backtracking regular expressions',
1518 silly audit report       severity: 'high',
1518 silly audit report       vulnerable_versions: '>=9.0.0 <9.0.7',
1518 silly audit report       cwe: [Array],
1518 silly audit report       cvss: [Object]
1518 silly audit report     }
1518 silly audit report   ],
1518 silly audit report   axios: [
1518 silly audit report     {
1518 silly audit report       id: 1118607,
1518 silly audit report       url: 'https://github.com/advisories/GHSA-q8qp-cvcw-x6jj',
1518 silly audit report       title: 'Axios has prototype pollution read-side gadgets in HTTP adapter that allow credential injection and request hijacking',
1518 silly audit report       severity: 'high',
1518 silly audit report       vulnerable_versions: '>=1.0.0 <1.15.2',
1518 silly audit report       cwe: [Array],
1518 silly audit report       cvss: [Object]
1518 silly audit report     },
1518 silly audit report     {
1518 silly audit report       id: 1119404,
1518 silly audit report       url: 'https://github.com/advisories/GHSA-fvcv-3m26-pcqx',
1518 silly audit report       title: 'Axios has Unrestricted Cloud Metadata Exfiltration via Header Injection Chain',
1518 silly audit report       severity: 'moderate',
1518 silly audit report       vulnerable_versions: '>=1.0.0 <1.15.0',
1518 silly audit report       cwe: [Array],
1518 silly audit report       cvss: [Object]
1518 silly audit report     },
1518 silly audit report     {
1518 silly audit report       id: 1120125,
1518 silly audit report       url: 'https://github.com/advisories/GHSA-62hf-57xw-28j9',
1518 silly audit report       title: 'Axios: unbounded recursion in toFormData causes DoS via deeply nested request data',
1518 silly audit report       severity: 'moderate',
1518 silly audit report       vulnerable_versions: '>=1.0.0 <1.15.1',
1518 silly audit report       cwe: [Array],
1518 silly audit report       cvss: [Object]
1518 silly audit report     },
1518 silly audit report     {
1518 silly audit report       id: 1120547,
1518 silly audit report       url: 'https://github.com/advisories/GHSA-hfxv-24rg-xrqf',
1518 silly audit report       title: 'Axios: Regular Expression Denial of Service (ReDoS) via Cookie Name Injection',
1518 silly audit report       severity: 'high',
1518 silly audit report       vulnerable_versions: '>=1.0.0 <1.16.0',
1518 silly audit report       cwe: [Array],
1518 silly audit report       cvss: [Object]
1518 silly audit report     },
1518 silly audit report     {
1518 silly audit report       id: 1120643,
1518 silly audit report       url: 'https://github.com/advisories/GHSA-777c-7fjr-54vf',
1518 silly audit report       title: 'Allocation of Resources Without Limits or Throttling in Axios',
1518 silly audit report       severity: 'high',
1518 silly audit report       vulnerable_versions: '>=1.7.0 <1.16.0',
1518 silly audit report       cwe: [Array],
1518 silly audit report       cvss: [Object]
1518 silly audit report     },
1518 silly audit report     {
1518 silly audit report       id: 1120645,
1518 silly audit report       url: 'https://github.com/advisories/GHSA-p92q-9vqr-4j8v',
1518 silly audit report       title: 'Axios: Proxy-Authorization Credential Leak to Origin Server Across HTTP-to-HTTPS Redirect in Axios Node.js HTTP Adapter',
1518 silly audit report       severity: 'high',
1518 silly audit report       vulnerable_versions: '>=1.0.0 <1.16.0',
1518 silly audit report       cwe: [Array],
1518 silly audit report       cvss: [Object]
1518 silly audit report     },
1518 silly audit report     {
1518 silly audit report       id: 1120647,
1518 silly audit report       url: 'https://github.com/advisories/GHSA-j5f8-grm9-p9fc',
1518 silly audit report       title: 'Axios: Proxy-Authorization header leaks to redirect target when proxy is re-evaluated to direct connection',
1518 silly audit report       severity: 'high',
1518 silly audit report       vulnerable_versions: '>=1.0.0 <1.16.0',
1518 silly audit report       cwe: [Array],
1518 silly audit report       cvss: [Object]
1518 silly audit report     },
1518 silly audit report     {
1518 silly audit report       id: 1120649,
1518 silly audit report       url: 'https://github.com/advisories/GHSA-3g43-6gmg-66jw',
1518 silly audit report       title: 'axios Vulnerable to Credential Theft and Response Hijacking via Prototype Pollution Gadget in Config Merge',
1518 silly audit report       severity: 'high',
1518 silly audit report       vulnerable_versions: '>=1.0.0 <1.15.2',
1518 silly audit report       cwe: [Array],
1518 silly audit report       cvss: [Object]
1518 silly audit report     },
1518 silly audit report     {
1518 silly audit report       id: 1120650,
1518 silly audit report       url: 'https://github.com/advisories/GHSA-35jp-ww65-95wh',
1518 silly audit report       title: 'axios Vulnerable to Full Man-in-the-Middle via Prototype Pollution Gadget in `config.proxy`',
1518 silly audit report       severity: 'high',
1518 silly audit report       vulnerable_versions: '>=1.0.0 <1.16.0',
1518 silly audit report       cwe: [Array],
1518 silly audit report       cvss: [Object]
1518 silly audit report     },
1518 silly audit report     {
1518 silly audit report       id: 1120652,
1518 silly audit report       url: 'https://github.com/advisories/GHSA-898c-q2cr-xwhg',
1518 silly audit report       title: 'axios has DoS & Header Injection via Prototype Pollution Read-Side Gadgets in axios merge functions',
1518 silly audit report       severity: 'moderate',
1518 silly audit report       vulnerable_versions: '>=1.0.0 <1.16.0',
1518 silly audit report       cwe: [Array],
1518 silly audit report       cvss: [Object]
1518 silly audit report     },
1518 silly audit report     {
1518 silly audit report       id: 1116673,
1518 silly audit report       url: 'https://github.com/advisories/GHSA-3p68-rc4w-qgx5',
1518 silly audit report       title: 'Axios has a NO_PROXY Hostname Normalization Bypass that Leads to SSRF',
1518 silly audit report       severity: 'moderate',
1518 silly audit report       vulnerable_versions: '>=1.0.0 <1.15.0',
1518 silly audit report       cwe: [Array],
1518 silly audit report       cvss: [Object]
1518 silly audit report     },
1518 silly audit report     {
1518 silly audit report       id: 1117574,
1518 silly audit report       url: 'https://github.com/advisories/GHSA-w9j2-pvgh-6h63',
1518 silly audit report       title: 'Axios: Authentication Bypass via Prototype Pollution Gadget in `validateStatus` Merge Strategy',
1518 silly audit report       severity: 'moderate',
1518 silly audit report       vulnerable_versions: '>=1.0.0 <1.15.1',
1518 silly audit report       cwe: [Array],
1518 silly audit report       cvss: [Object]
1518 silly audit report     },
1518 silly audit report     {
1518 silly audit report       id: 1117576,
1518 silly audit report       url: 'https://github.com/advisories/GHSA-pmwg-cvhr-8vh7',
1518 silly audit report       title: 'Axios: Incomplete Fix for CVE-2025-62718 — NO_PROXY Protection Bypassed via RFC 1122 Loopback Subnet (127.0.0.0/8) in Axios 1.15.0',
1518 silly audit report       severity: 'high',
1518 silly audit report       vulnerable_versions: '>=1.0.0 <1.15.1',
1518 silly audit report       cwe: [Array],
1518 silly audit report       cvss: [Object]
1518 silly audit report     },
1518 silly audit report     {
1518 silly audit report       id: 1117577,
1518 silly audit report       url: 'https://github.com/advisories/GHSA-3w6x-2g7m-8v23',
1518 silly audit report       title: 'Axios: Invisible JSON Response Tampering via Prototype Pollution Gadget in `parseReviver`',
1518 silly audit report       severity: 'moderate',
1518 silly audit report       vulnerable_versions: '>=1.0.0 <1.15.2',
1518 silly audit report       cwe: [Array],
1518 silly audit report       cvss: [Object]
1518 silly audit report     },
1518 silly audit report     {
1518 silly audit report       id: 1117580,
1518 silly audit report       url: 'https://github.com/advisories/GHSA-xhjh-pmcv-23jw',
1518 silly audit report       title: 'Axios: Null Byte Injection via Reverse-Encoding in AxiosURLSearchParams',
1518 silly audit report       severity: 'low',
1518 silly audit report       vulnerable_versions: '>=1.0.0 <1.15.1',
1518 silly audit report       cwe: [Array],
1518 silly audit report       cvss: [Object]
1518 silly audit report     },
1518 silly audit report     {
1518 silly audit report       id: 1117581,
1518 silly audit report       url: 'https://github.com/advisories/GHSA-445q-vr5w-6q77',
1518 silly audit report       title: 'Axios: CRLF Injection in multipart/form-data body via unsanitized blob.type in formDataToStream',
1518 silly audit report       severity: 'moderate',
1518 silly audit report       vulnerable_versions: '>=1.0.0 <1.15.1',
1518 silly audit report       cwe: [Array],
1518 silly audit report       cvss: [Object]
1518 silly audit report     },
1518 silly audit report     {
1518 silly audit report       id: 1117583,
1518 silly audit report       url: 'https://github.com/advisories/GHSA-m7pr-hjqh-92cm',
1518 silly audit report       title: 'Axios: no_proxy bypass via IP alias allows SSRF',
1518 silly audit report       severity: 'moderate',
1518 silly audit report       vulnerable_versions: '>=1.0.0 <1.15.1',
1518 silly audit report       cwe: [Array],
1518 silly audit report       cvss: [Object]
1518 silly audit report     },
1518 silly audit report     {
1518 silly audit report       id: 1117587,
1518 silly audit report       url: 'https://github.com/advisories/GHSA-5c9x-8gcm-mpgx',
1518 silly audit report       title: "Axios' HTTP adapter-streamed uploads bypass maxBodyLength when maxRedirects: 0",
1518 silly audit report       severity: 'moderate',
1518 silly audit report       vulnerable_versions: '>=1.0.0 <1.15.1',
1518 silly audit report       cwe: [Array],
1518 silly audit report       cvss: [Object]
1518 silly audit report     },
1518 silly audit report     {
1518 silly audit report       id: 1117589,
1518 silly audit report       url: 'https://github.com/advisories/GHSA-vf2m-468p-8v99',
1518 silly audit report       title: 'Axios: HTTP adapter streamed responses bypass maxContentLength',
1518 silly audit report       severity: 'moderate',
1518 silly audit report       vulnerable_versions: '>=1.0.0 <1.15.1',
1518 silly audit report       cwe: [Array],
1518 silly audit report       cvss: [Object]
1518 silly audit report     },
1518 silly audit report     {
1518 silly audit report       id: 1117591,
1518 silly audit report       url: 'https://github.com/advisories/GHSA-pf86-5x62-jrwf',
1518 silly audit report       title: 'Axios: Prototype Pollution Gadgets - Response Tampering, Data Exfiltration, and Request Hijacking',
1518 silly audit report       severity: 'high',
1518 silly audit report       vulnerable_versions: '>=1.0.0 <1.15.1',
1518 silly audit report       cwe: [Array],
1518 silly audit report       cvss: [Object]
1518 silly audit report     },
1518 silly audit report     {
1518 silly audit report       id: 1117593,
1518 silly audit report       url: 'https://github.com/advisories/GHSA-6chq-wfr3-2hj9',
1518 silly audit report       title: 'Axios: Header Injection via Prototype Pollution',
1518 silly audit report       severity: 'high',
1518 silly audit report       vulnerable_versions: '>=1.0.0 <1.15.1',
1518 silly audit report       cwe: [Array],
1518 silly audit report       cvss: [Object]
1518 silly audit report     },
1518 silly audit report     {
1518 silly audit report       id: 1117595,
1518 silly audit report       url: 'https://github.com/advisories/GHSA-xx6v-rp6x-q39c',
1518 silly audit report       title: 'Axios: XSRF Token Cross-Origin Leakage via Prototype Pollution Gadget in `withXSRFToken` Boolean Coercion',
1518 silly audit report       severity: 'moderate',
1518 silly audit report       vulnerable_versions: '>=1.0.0 <1.15.1',
1518 silly audit report       cwe: [Array],
1518 silly audit report       cvss: [Object]
1518 silly audit report     },
1518 silly audit report     {
1518 silly audit report       id: 1117858,
1518 silly audit report       url: 'https://github.com/advisories/GHSA-43fc-jf86-j433',
1518 silly audit report       title: 'Axios is Vulnerable to Denial of Service via __proto__ Key in mergeConfig',
1518 silly audit report       severity: 'high',
1518 silly audit report       vulnerable_versions: '>=1.0.0 <=1.13.4',
1518 silly audit report       cwe: [Array],
1518 silly audit report       cvss: [Object]
1518 silly audit report     },
1518 silly audit report     {
1518 silly audit report       id: 1147949,
1518 silly audit report       url: 'https://github.com/advisories/GHSA-mmx7-hfxf-jppx',
1518 silly audit report       title: 'Axios: Prototype pollution gadgets can alter axios request construction',
1518 silly audit report       severity: 'moderate',
1518 silly audit report       vulnerable_versions: '>=1.0.0 <1.18.0',
1518 silly audit report       cwe: [Array],
1518 silly audit report       cvss: [Object]
1518 silly audit report     },
1518 silly audit report     {
1518 silly audit report       id: 1147950,
1518 silly audit report       url: 'https://github.com/advisories/GHSA-pmv8-rq9r-6j72',
1518 silly audit report       title: 'Axios: Deep formToJSON Key Recursion Can Cause Denial of Service',
1518 silly audit report       severity: 'moderate',
1518 silly audit report       vulnerable_versions: '>=1.0.0 <1.18.0',
1518 silly audit report       cwe: [Array],
1518 silly audit report       cvss: [Object]
1518 silly audit report     },
1518 silly audit report     {
1518 silly audit report       id: 1153180,
1518 silly audit report       url: 'https://github.com/advisories/GHSA-7q8q-rj6j-mhjq',
1518 silly audit report       title: 'Axios: Nested axios option objects can consume polluted prototype values',
1518 silly audit report       severity: 'moderate',
1518 silly audit report       vulnerable_versions: '>=1.0.0 <1.18.0',
1518 silly audit report       cwe: [Array],
1518 silly audit report       cvss: [Object]
1518 silly audit report     },
1518 silly audit report     {
1518 silly audit report       id: 1153182,
1518 silly audit report       url: 'https://github.com/advisories/GHSA-jqh4-m9w3-8hp9',
1518 silly audit report       title: 'Axios: Fetch adapter `ReadableStream` uploads bypass `maxBodyLength`',
1518 silly audit report       severity: 'moderate',
1518 silly audit report       vulnerable_versions: '>=1.7.0 <1.18.0',
1518 silly audit report       cwe: [Array],
1518 silly audit report       cvss: [Object]
1518 silly audit report     },
1518 silly audit report     {
1518 silly audit report       id: 1153185,
1518 silly audit report       url: 'https://github.com/advisories/GHSA-42h9-826w-cgv3',
1518 silly audit report       title: 'Axios: Excessive recursion in formDataToJSON can cause denial of service',
1518 silly audit report       severity: 'moderate',
1518 silly audit report       vulnerable_versions: '>=1.0.0 <1.18.0',
1518 silly audit report       cwe: [Array],
1518 silly audit report       cvss: [Object]
1518 silly audit report     }
1518 silly audit report   ],
1518 silly audit report   diff: [
1518 silly audit report     {
1518 silly audit report       id: 1112704,
1518 silly audit report       url: 'https://github.com/advisories/GHSA-73rr-hh4g-fpgx',
1518 silly audit report       title: 'jsdiff has a Denial of Service vulnerability in parsePatch and applyPatch',
1518 silly audit report       severity: 'low',
1518 silly audit report       vulnerable_versions: '>=4.0.0 <4.0.4',
1518 silly audit report       cwe: [Array],
1518 silly audit report       cvss: [Object]
1518 silly audit report     }
1518 silly audit report   ],
1518 silly audit report   tmp: [
1518 silly audit report     {
1518 silly audit report       id: 1109537,
1518 silly audit report       url: 'https://github.com/advisories/GHSA-52f5-9888-hmc6',
1518 silly audit report       title: 'tmp allows arbitrary temporary file / directory write via symbolic link `dir` parameter',
1518 silly audit report       severity: 'low',
1518 silly audit report       vulnerable_versions: '<=0.2.3',
1518 silly audit report       cwe: [Array],
1518 silly audit report       cvss: [Object]
1518 silly audit report     },
1518 silly audit report     {
1518 silly audit report       id: 1120654,
1518 silly audit report       url: 'https://github.com/advisories/GHSA-ph9p-34f9-6g65',
1518 silly audit report       title: 'tmp has Path Traversal via unsanitized prefix/postfix that enables directory escape',
1518 silly audit report       severity: 'high',
1518 silly audit report       vulnerable_versions: '<0.2.6',
1518 silly audit report       cwe: [Array],
1518 silly audit report       cvss: [Object]
1518 silly audit report     }
1518 silly audit report   ],
1518 silly audit report   'extract-zip': [
1518 silly audit report     {
1518 silly audit report       id: 1139346,
1518 silly audit report       url: 'https://github.com/advisories/GHSA-jmr9-qjv8-65gv',
1518 silly audit report       title: 'extract-zip unvalidated symlink path traversal',
1518 silly audit report       severity: 'high',
1518 silly audit report       vulnerable_versions: '<=2.0.1',
1518 silly audit report       cwe: [Array],
1518 silly audit report       cvss: [Object]
1518 silly audit report     },
1518 silly audit report     {
1518 silly audit report       id: 1193685,
1518 silly audit report       url: 'https://github.com/advisories/GHSA-7pqw-9j4j-h8q3',
1518 silly audit report       title: 'extract-zip allows arbitrary file writes through symlink archive entries',
1518 silly audit report       severity: 'high',
1518 silly audit report       vulnerable_versions: '<=2.0.1',
1518 silly audit report       cwe: [Array],
1518 silly audit report       cvss: [Object]
1518 silly audit report     }
1518 silly audit report   ],
1518 silly audit report   'fast-uri': [
1518 silly audit report     {
1518 silly audit report       id: 1158524,
1518 silly audit report       url: 'https://github.com/advisories/GHSA-f65p-4m7j-42xc',
1518 silly audit report       title: 'fast-uri vulnerable to server-side request forgery via malformed IPv6 normalization',
1518 silly audit report       severity: 'high',
1518 silly audit report       vulnerable_versions: '>=3.0.0 <3.1.6',
1518 silly audit report       cwe: [Array],
1518 silly audit report       cvss: [Object]
1518 silly audit report     },
1518 silly audit report     {
1518 silly audit report       id: 1158530,
1518 silly audit report       url: 'https://github.com/advisories/GHSA-jqff-g426-hqxp',
1518 silly audit report       title: 'fast-uri vulnerable to host confusion via percent-encoded scheme normalization',
1518 silly audit report       severity: 'high',
1518 silly audit report       vulnerable_versions: '>=3.0.0 <3.1.6',
1518 silly audit report       cwe: [Array],
1518 silly audit report       cvss: [Object]
1518 silly audit report     },
1518 silly audit report     {
1518 silly audit report       id: 1130720,
1518 silly audit report       url: 'https://github.com/advisories/GHSA-7p8r-x3mc-p8w7',
1518 silly audit report       title: 'fast-uri vulnerable to host confusion via backslash authority introducer',
1518 silly audit report       severity: 'high',
1518 silly audit report       vulnerable_versions: '>=3.0.0 <3.1.5',
1518 silly audit report       cwe: [Array],
1518 silly audit report       cvss: [Object]
1518 silly audit report     },
1518 silly audit report     {
1518 silly audit report       id: 1124064,
1518 silly audit report       url: 'https://github.com/advisories/GHSA-v2hh-gcrm-f6hx',
1518 silly audit report       title: 'fast-uri vulnerable to host confusion via literal backslash authority delimiter',
1518 silly audit report       severity: 'high',
1518 silly audit report       vulnerable_versions: '>=3.0.0 <=3.1.3',
1518 silly audit report       cwe: [Array],
1518 silly audit report       cvss: [Object]
1518 silly audit report     },
1518 silly audit report     {
1518 silly audit report       id: 1204921,
1518 silly audit report       url: 'https://github.com/advisories/GHSA-4c8g-83qw-93j6',
1518 silly audit report       title: 'fast-uri vulnerable to host confusion via failed IDN canonicalization',
1518 silly audit report       severity: 'high',
1518 silly audit report       vulnerable_versions: '>=3.0.0 <3.1.3',
1518 silly audit report       cwe: [Array],
1518 silly audit report       cvss: [Object]
1518 silly audit report     },
1518 silly audit report     {
1518 silly audit report       id: 1145559,
1518 silly audit report       url: 'https://github.com/advisories/GHSA-q3j6-qgpj-74h6',
1518 silly audit report       title: 'fast-uri vulnerable to path traversal via percent-encoded dot segments',
1518 silly audit report       severity: 'high',
1518 silly audit report       vulnerable_versions: '>=3.0.0 <=3.1.0',
1518 silly audit report       cwe: [Array],
1518 silly audit report       cvss: [Object]
1518 silly audit report     },
1518 silly audit report     {
1518 silly audit report       id: 1153168,
1518 silly audit report       url: 'https://github.com/advisories/GHSA-v39h-62p7-jpjc',
1518 silly audit report       title: 'fast-uri vulnerable to host confusion via percent-encoded authority delimiters',
1518 silly audit report       severity: 'high',
1518 silly audit report       vulnerable_versions: '>=3.0.0 <=3.1.1',
1518 silly audit report       cwe: [Array],
1518 silly audit report       cvss: [Object]
1518 silly audit report     }
1518 silly audit report   ],
1518 silly audit report   'fast-xml-parser': [
1518 silly audit report     {
1518 silly audit report       id: 1117911,
1518 silly audit report       url: 'https://github.com/advisories/GHSA-gh4j-gqv2-49f6',
1518 silly audit report       title: 'fast-xml-parser XMLBuilder: XML Comment and CDATA Injection via Unescaped Delimiters',
1518 silly audit report       severity: 'moderate',
1518 silly audit report       vulnerable_versions: '<5.7.0',
1518 silly audit report       cwe: [Array],
1518 silly audit report       cvss: [Object]
1518 silly audit report     },
1518 silly audit report     {
1518 silly audit report       id: 1113567,
1518 silly audit report       url: 'https://github.com/advisories/GHSA-m7jm-9gc2-mpf2',
1518 silly audit report       title: 'fast-xml-parser has an entity encoding bypass via regex injection in DOCTYPE entity names',
1518 silly audit report       severity: 'critical',
1518 silly audit report       vulnerable_versions: '>=4.1.3 <4.5.4',
1518 silly audit report       cwe: [Array],
1518 silly audit report       cvss: [Object]
1518 silly audit report     },
1518 silly audit report     {
1518 silly audit report       id: 1113570,
1518 silly audit report       url: 'https://github.com/advisories/GHSA-jmr7-xgp7-cmfj',
1518 silly audit report       title: 'fast-xml-parser affected by DoS through entity expansion in DOCTYPE (no expansion limit)',
1518 silly audit report       severity: 'high',
1518 silly audit report       vulnerable_versions: '>=4.1.3 <4.5.4',
1518 silly audit report       cwe: [Array],
1518 silly audit report       cvss: [Object]
1518 silly audit report     },
1518 silly audit report     {
1518 silly audit report       id: 1114149,
1518 silly audit report       url: 'https://github.com/advisories/GHSA-fj3w-jwp8-x2g3',
1518 silly audit report       title: 'fast-xml-parser has stack overflow in XMLBuilder with preserveOrder',
1518 silly audit report       severity: 'low',
1518 silly audit report       vulnerable_versions: '>=4.0.0-beta.0 <4.5.4',
1518 silly audit report       cwe: [Array],
1518 silly audit report       cvss: [Object]
1518 silly audit report     },
1518 silly audit report     {
1518 silly audit report       id: 1115338,
1518 silly audit report       url: 'https://github.com/advisories/GHSA-8gc5-j5rx-235r',
1518 silly audit report       title: 'fast-xml-parser affected by numeric entity expansion bypassing all entity expansion limits (incomplete fix for CVE-2026-26278)',
1518 silly audit report       severity: 'high',
1518 silly audit report       vulnerable_versions: '>=4.0.0-beta.3 <4.5.5',
1518 silly audit report       cwe: [Array],
1518 silly audit report       cvss: [Object]
1518 silly audit report     },
1518 silly audit report     {
1518 silly audit report       id: 1116308,
1518 silly audit report       url: 'https://github.com/advisories/GHSA-jp2q-39xq-3w4g',
1518 silly audit report       title: 'Entity Expansion Limits Bypassed When Set to Zero Due to JavaScript Falsy Evaluation in fast-xml-parser',
1518 silly audit report       severity: 'moderate',
1518 silly audit report       vulnerable_versions: '>=4.0.0-beta.3 <4.5.5',
1518 silly audit report       cwe: [Array],
1518 silly audit report       cvss: [Object]
1518 silly audit report     }
1518 silly audit report   ],
1518 silly audit report   'follow-redirects': [
1518 silly audit report     {
1518 silly audit report       id: 1116560,
1518 silly audit report       url: 'https://github.com/advisories/GHSA-r4q5-vmmm-2653',
1518 silly audit report       title: 'follow-redirects leaks Custom Authentication Headers to Cross-Domain Redirect Targets',
1518 silly audit report       severity: 'moderate',
1518 silly audit report       vulnerable_versions: '<=1.15.11',
1518 silly audit report       cwe: [Array],
1518 silly audit report       cvss: [Object]
1518 silly audit report     }
1518 silly audit report   ],
1518 silly audit report   handlebars: [
1518 silly audit report     {
1518 silly audit report       id: 1115538,
1518 silly audit report       url: 'https://github.com/advisories/GHSA-3mfm-83xf-c92r',
1518 silly audit report       title: 'Handlebars.js has JavaScript Injection via AST Type Confusion by tampering @partial-block',
1518 silly audit report       severity: 'high',
1518 silly audit report       vulnerable_versions: '>=4.0.0 <=4.7.8',
1518 silly audit report       cwe: [Array],
1518 silly audit report       cvss: [Object]
1518 silly audit report     },
1518 silly audit report     {
1518 silly audit report       id: 1115539,
1518 silly audit report       url: 'https://github.com/advisories/GHSA-2w6w-674q-4c4q',
1518 silly audit report       title: 'Handlebars.js has JavaScript Injection via AST Type Confusion',
1518 silly audit report       severity: 'critical',
1518 silly audit report       vulnerable_versions: '>=4.0.0 <=4.7.8',
1518 silly audit report       cwe: [Array],
1518 silly audit report       cvss: [Object]
1518 silly audit report     },
1518 silly audit report     {
1518 silly audit report       id: 1115544,
1518 silly audit report       url: 'https://github.com/advisories/GHSA-2qvq-rjwj-gvw9',
1518 silly audit report       title: 'Handlebars.js has Prototype Pollution Leading to XSS through Partial Template Injection',
1518 silly audit report       severity: 'moderate',
1518 silly audit report       vulnerable_versions: '>=4.0.0 <4.7.9',
1518 silly audit report       cwe: [Array],
1518 silly audit report       cvss: [Object]
1518 silly audit report     },
1518 silly audit report     {
1518 silly audit report       id: 1115588,
1518 silly audit report       url: 'https://github.com/advisories/GHSA-7rx3-28cr-v5wh',
1518 silly audit report       title: 'Handlebars.js has a Prototype Method Access Control Gap via Missing __lookupSetter__ Blocklist Entry',
1518 silly audit report       severity: 'moderate',
1518 silly audit report       vulnerable_versions: '>=4.6.0 <=4.7.8',
1518 silly audit report       cwe: [Array],
1518 silly audit report       cvss: [Object]
1518 silly audit report     },
1518 silly audit report     {
1518 silly audit report       id: 1115589,
1518 silly audit report       url: 'https://github.com/advisories/GHSA-442j-39wm-28r2',
1518 silly audit report       title: 'Handlebars.js has a Property Access Validation Bypass in container.lookup',
1518 silly audit report       severity: 'low',
1518 silly audit report       vulnerable_versions: '>=4.0.0 <=4.7.8',
1518 silly audit report       cwe: [Array],
1518 silly audit report       cvss: [Object]
1518 silly audit report     },
1518 silly audit report     {
1518 silly audit report       id: 1115693,
1518 silly audit report       url: 'https://github.com/advisories/GHSA-xhpv-hc6g-r9c6',
1518 silly audit report       title: 'Handlebars.js has JavaScript Injection via AST Type Confusion when passing an object as dynamic partial',
1518 silly audit report       severity: 'high',
1518 silly audit report       vulnerable_versions: '>=4.0.0 <=4.7.8',
1518 silly audit report       cwe: [Array],
1518 silly audit report       cvss: [Object]
1518 silly audit report     },
1518 silly audit report     {
1518 silly audit report       id: 1115694,
1518 silly audit report       url: 'https://github.com/advisories/GHSA-9cx6-37pm-9jff',
1518 silly audit report       title: 'Handlebars.js has Denial of Service via Malformed Decorator Syntax in Template Compilation',
1518 silly audit report       severity: 'high',
1518 silly audit report       vulnerable_versions: '>=4.0.0 <=4.7.8',
1518 silly audit report       cwe: [Array],
1518 silly audit report       cvss: [Object]
1518 silly audit report     },
1518 silly audit report     {
1518 silly audit report       id: 1117465,
1518 silly audit report       url: 'https://github.com/advisories/GHSA-xjpj-3mr7-gcpf',
1518 silly audit report       title: 'Handlebars.js has JavaScript Injection in CLI Precompiler via Unescaped Names and Options',
1518 silly audit report       severity: 'high',
1518 silly audit report       vulnerable_versions: '>=4.0.0 <=4.7.8',
1518 silly audit report       cwe: [Array],
1518 silly audit report       cvss: [Object]
1518 silly audit report     }
1518 silly audit report   ],
1518 silly audit report   jodit: [
1518 silly audit report     {
1518 silly audit report       id: 1130557,
1518 silly audit report       url: 'https://github.com/advisories/GHSA-vpmm-x3fm-qr5c',
1518 silly audit report       title: 'jodit: Prototype pollution in Jodit via Jodit.modules.Helpers.set()',
1518 silly audit report       severity: 'moderate',
1518 silly audit report       vulnerable_versions: '<4.12.26',
1518 silly audit report       cwe: [Array],
1518 silly audit report       cvss: [Object]
1518 silly audit report     },
1518 silly audit report     {
1518 silly audit report       id: 1130583,
1518 silly audit report       url: 'https://github.com/advisories/GHSA-rxcw-mc6f-6hr3',
1518 silly audit report       title: 'Jodit Editor: Mutation XSS in jodit clean-html via a MathML/style rawtext carrier',
1518 silly audit report       severity: 'high',
1518 silly audit report       vulnerable_versions: '<4.12.28',
1518 silly audit report       cwe: [Array],
1518 silly audit report       cvss: [Object]
1518 silly audit report     },
1518 silly audit report     {
1518 silly audit report       id: 1130584,
1518 silly audit report       url: 'https://github.com/advisories/GHSA-5957-5c94-3v7w',
1518 silly audit report       title: 'Jodit has prototype pollution via Jodit.configure() / ConfigMerge',
1518 silly audit report       severity: 'moderate',
1518 silly audit report       vulnerable_versions: '<4.12.18',
1518 silly audit report       cwe: [Array],
1518 silly audit report       cvss: [Object]
1518 silly audit report     },
1518 silly audit report     {
1518 silly audit report       id: 1130585,
1518 silly audit report       url: 'https://github.com/advisories/GHSA-j839-gqq4-gf9j',
1518 silly audit report       title: 'Jodit has incomplete javascript: scheme normalization in sanitizeHTMLElement href check that allows link XSS',
1518 silly audit report       severity: 'moderate',
1518 silly audit report       vulnerable_versions: '<=4.12.30',
1518 silly audit report       cwe: [Array],
1518 silly audit report       cvss: [Object]
1518 silly audit report     },
1518 silly audit report     {
1518 silly audit report       id: 1130586,
1518 silly audit report       url: 'https://github.com/advisories/GHSA-45qg-252v-3f7p',
1518 silly audit report       title: 'Jodit has cross-site scripting (XSS) via <script> nested in SVG that bypasses clean-html sanitization',
1518 silly audit report       severity: 'moderate',
1518 silly audit report       vulnerable_versions: '<4.13.6',
1518 silly audit report       cwe: [Array],
1518 silly audit report       cvss: [Object]
1518 silly audit report     }
1518 silly audit report   ],
1518 silly audit report   'js-yaml': [
1518 silly audit report     {
1518 silly audit report       id: 1112715,
1518 silly audit report       url: 'https://github.com/advisories/GHSA-mh29-5h37-fv8m',
1518 silly audit report       title: 'js-yaml has prototype pollution in merge (<<)',
1518 silly audit report       severity: 'moderate',
1518 silly audit report       vulnerable_versions: '>=4.0.0 <4.1.1',
1518 silly audit report       cwe: [Array],
1518 silly audit report       cvss: [Object]
1518 silly audit report     },
1518 silly audit report     {
1518 silly audit report       id: 1121860,
1518 silly audit report       url: 'https://github.com/advisories/GHSA-h67p-54hq-rp68',
1518 silly audit report       title: 'JS-YAML: Quadratic-complexity DoS in merge key handling via repeated aliases',
1518 silly audit report       severity: 'moderate',
1518 silly audit report       vulnerable_versions: '>=4.0.0 <=4.1.1',
1518 silly audit report       cwe: [Array],
1518 silly audit report       cvss: [Object]
1518 silly audit report     },
1518 silly audit report     {
1518 silly audit report       id: 1123911,
1518 silly audit report       url: 'https://github.com/advisories/GHSA-52cp-r559-cp3m',
1518 silly audit report       title: 'js-yaml: YAML merge-key chains can force quadratic CPU consumption',
1518 silly audit report       severity: 'high',
1518 silly audit report       vulnerable_versions: '>=4.0.0 <4.3.0',
1518 silly audit report       cwe: [Array],
1518 silly audit report       cvss: [Object]
1518 silly audit report     },
1518 silly audit report     {
1518 silly audit report       id: 1138115,
1518 silly audit report       url: 'https://github.com/advisories/GHSA-5p4m-2wfm-xmqj',
1518 silly audit report       title: 'JS-YAML: Quadratic CPU consumption in !!omap resolution (3.x and 4.x) — CVE-2026-59870 fix not backported',
1518 silly audit report       severity: 'high',
1518 silly audit report       vulnerable_versions: '>=4.0.0 <4.3.1',
1518 silly audit report       cwe: [Array],
1518 silly audit report       cvss: [Object]
1518 silly audit report     },
1518 silly audit report     {
1518 silly audit report       id: 1193727,
1518 silly audit report       url: 'https://github.com/advisories/GHSA-2883-xcg3-v3hh',
1518 silly audit report       title: 'js-yaml: maxTotalMergeKeys does not limit CPU use for empty merge sources',
1518 silly audit report       severity: 'high',
1518 silly audit report       vulnerable_versions: '>=4.0.0 <4.3.2',
1518 silly audit report       cwe: [Array],
1518 silly audit report       cvss: [Object]
1518 silly audit report     }
1518 silly audit report   ],
1518 silly audit report   'json-2-csv': [
1518 silly audit report     {
1518 silly audit report       id: 1122166,
1518 silly audit report       url: 'https://github.com/advisories/GHSA-g27c-q7cp-mhx6',
1518 silly audit report       title: 'json-2-csv vulnerable to CSV Injection via the preventCsvInjection optio',
1518 silly audit report       severity: 'moderate',
1518 silly audit report       vulnerable_versions: '>=3.15.0 <5.5.11',
1518 silly audit report       cwe: [Array],
1518 silly audit report       cvss: [Object]
1518 silly audit report     }
1518 silly audit report   ],
1518 silly audit report   jws: [
1518 silly audit report     {
1518 silly audit report       id: 1111243,
1518 silly audit report       url: 'https://github.com/advisories/GHSA-869p-cjfg-cm3x',
1518 silly audit report       title: 'auth0/node-jws Improperly Verifies HMAC Signature',
1518 silly audit report       severity: 'high',
1518 silly audit report       vulnerable_versions: '=4.0.0',
1518 silly audit report       cwe: [Array],
1518 silly audit report       cvss: [Object]
1518 silly audit report     },
1518 silly audit report     {
1518 silly audit report       id: 1111244,
1518 silly audit report       url: 'https://github.com/advisories/GHSA-869p-cjfg-cm3x',
1518 silly audit report       title: 'auth0/node-jws Improperly Verifies HMAC Signature',
1518 silly audit report       severity: 'high',
1518 silly audit report       vulnerable_versions: '<3.2.3',
1518 silly audit report       cwe: [Array],
1518 silly audit report       cvss: [Object]
1518 silly audit report     }
1518 silly audit report   ],
1518 silly audit report   lodash: [
1518 silly audit report     {
1518 silly audit report       id: 1120370,
1518 silly audit report       url: 'https://github.com/advisories/GHSA-xxjr-mmjv-4gpg',
1518 silly audit report       title: 'Lodash has Prototype Pollution Vulnerability in `_.unset` and `_.omit` functions',
1518 silly audit report       severity: 'moderate',
1518 silly audit report       vulnerable_versions: '>=4.0.0 <=4.17.22',
1518 silly audit report       cwe: [Array],
1518 silly audit report       cvss: [Object]
1518 silly audit report     },
1518 silly audit report     {
1518 silly audit report       id: 1115806,
1518 silly audit report       url: 'https://github.com/advisories/GHSA-r5fr-rjxr-66jc',
1518 silly audit report       title: 'lodash vulnerable to Code Injection via `_.template` imports key names',
1518 silly audit report       severity: 'high',
1518 silly audit report       vulnerable_versions: '>=4.0.0 <=4.17.23',
1518 silly audit report       cwe: [Array],
1518 silly audit report       cvss: [Object]
1518 silly audit report     },
1518 silly audit report     {
1518 silly audit report       id: 1115810,
1518 silly audit report       url: 'https://github.com/advisories/GHSA-f23m-r3pf-42rh',
1518 silly audit report       title: 'lodash vulnerable to Prototype Pollution via array path bypass in `_.unset` and `_.omit`',
1518 silly audit report       severity: 'moderate',
1518 silly audit report       vulnerable_versions: '<=4.17.23',
1518 silly audit report       cwe: [Array],
1518 silly audit report       cvss: [Object]
1518 silly audit report     }
1518 silly audit report   ],
1518 silly audit report   nanoid: [
1518 silly audit report     {
1518 silly audit report       id: 1138811,
1518 silly audit report       url: 'https://github.com/advisories/GHSA-28wg-ghj8-5hjv',
1518 silly audit report       title: 'nanoid: non-secure generators can loop indefinitely with negative size',
1518 silly audit report       severity: 'high',
1518 silly audit report       vulnerable_versions: '<3.3.16',
1518 silly audit report       cwe: [Array],
1518 silly audit report       cvss: [Object]
1518 silly audit report     },
1518 silly audit report     {
1518 silly audit report       id: 1139427,
1518 silly audit report       url: 'https://github.com/advisories/GHSA-2v37-7h3g-55p8',
1518 silly audit report       title: 'nanoid: custom generators can loop indefinitely when size is zero',
1518 silly audit report       severity: 'high',
1518 silly audit report       vulnerable_versions: '<3.3.18',
1518 silly audit report       cwe: [Array],
1518 silly audit report       cvss: [Object]
1518 silly audit report     },
1518 silly audit report     {
1518 silly audit report       id: 1153189,
1518 silly audit report       url: 'https://github.com/advisories/GHSA-xwg4-73v4-xw9w',
1518 silly audit report       title: 'nanoid: Integer Overflow or Wraparound',
1518 silly audit report       severity: 'high',
1518 silly audit report       vulnerable_versions: '<3.3.12',
1518 silly audit report       cwe: [Array],
1518 silly audit report       cvss: [Object]
1518 silly audit report     }
1518 silly audit report   ],
1518 silly audit report   next: [
1518 silly audit report     {
1518 silly audit report       id: 1117931,
1518 silly audit report       url: 'https://github.com/advisories/GHSA-8h8q-6873-q5fj',
1518 silly audit report       title: 'Next.js Vulnerable to Denial of Service with Server Components',
1518 silly audit report       severity: 'high',
1518 silly audit report       vulnerable_versions: '>=13.0.0 <15.5.16',
1518 silly audit report       cwe: [Array],
1518 silly audit report       cvss: [Object]
1518 silly audit report     },
1518 silly audit report     {
1518 silly audit report       id: 1107228,
1518 silly audit report       url: 'https://github.com/advisories/GHSA-g5qg-72qw-gw5v',
1518 silly audit report       title: 'Next.js Affected by Cache Key Confusion for Image Optimization API Routes',
1518 silly audit report       severity: 'moderate',
1518 silly audit report       vulnerable_versions: '>=15.0.0 <=15.4.4',
1518 silly audit report       cwe: [Array],
1518 silly audit report       cvss: [Object]
1518 silly audit report     },
1518 silly audit report     {
1518 silly audit report       id: 1107514,
1518 silly audit report       url: 'https://github.com/advisories/GHSA-xv57-4mr9-wg8v',
1518 silly audit report       title: 'Next.js Content Injection Vulnerability for Image Optimization',
1518 silly audit report       severity: 'moderate',
1518 silly audit report       vulnerable_versions: '>=15.0.0 <=15.4.4',
1518 silly audit report       cwe: [Array],
1518 silly audit report       cvss: [Object]
1518 silly audit report     },
1518 silly audit report     {
1518 silly audit report       id: 1107515,
1518 silly audit report       url: 'https://github.com/advisories/GHSA-4342-x723-ch2f',
1518 silly audit report       title: 'Next.js Improper Middleware Redirect Handling Leads to SSRF',
1518 silly audit report       severity: 'moderate',
1518 silly audit report       vulnerable_versions: '>=15.0.0-canary.0 <15.4.7',
1518 silly audit report       cwe: [Array],
1518 silly audit report       cvss: [Object]
1518 silly audit report     },
1518 silly audit report     {
1518 silly audit report       id: 1118939,
1518 silly audit report       url: 'https://github.com/advisories/GHSA-26hh-7cqf-hhc6',
1518 silly audit report       title: 'Next.js has a Middleware / Proxy bypass in App Router applications via segment-prefetch routes - Incomplete Fix Follow-Up',
1518 silly audit report       severity: 'high',
1518 silly audit report       vulnerable_versions: '>=15.2.0 <15.5.18',
1518 silly audit report       cwe: [Array],
1518 silly audit report       cvss: [Object]
1518 silly audit report     },
1518 silly audit report     {
1518 silly audit report       id: 1118942,
1518 silly audit report       url: 'https://github.com/advisories/GHSA-3g8h-86w9-wvmq',
1518 silly audit report       title: "Next.js's Middleware / Proxy redirects can be cache-poisoned",
1518 silly audit report       severity: 'low',
1518 silly audit report       vulnerable_versions: '>=12.2.0 <15.5.16',
1518 silly audit report       cwe: [Array],
1518 silly audit report       cvss: [Object]
1518 silly audit report     },
1518 silly audit report     {
1518 silly audit report       id: 1118944,
1518 silly audit report       url: 'https://github.com/advisories/GHSA-ffhc-5mcf-pf4q',
1518 silly audit report       title: 'Next.js vulnerable to cross-site scripting in App Router applications using CSP nonces',
1518 silly audit report       severity: 'moderate',
1518 silly audit report       vulnerable_versions: '>=13.4.0 <15.5.16',
1518 silly audit report       cwe: [Array],
1518 silly audit report       cvss: [Object]
1518 silly audit report     },
1518 silly audit report     {
1518 silly audit report       id: 1118946,
1518 silly audit report       url: 'https://github.com/advisories/GHSA-vfv6-92ff-j949',
1518 silly audit report       title: 'Next.js vulnerable to cache poisoning via collisions in React Server Component cache-busting',
1518 silly audit report       severity: 'low',
1518 silly audit report       vulnerable_versions: '>=13.4.6 <15.5.16',
1518 silly audit report       cwe: [Array],
1518 silly audit report       cvss: [Object]
1518 silly audit report     },
1518 silly audit report     {
1518 silly audit report       id: 1118948,
1518 silly audit report       url: 'https://github.com/advisories/GHSA-gx5p-jg67-6x7h',
1518 silly audit report       title: 'Next.js has cross-site scripting in beforeInteractive scripts with untrusted input',
1518 silly audit report       severity: 'moderate',
1518 silly audit report       vulnerable_versions: '>=13.0.0 <15.5.16',
1518 silly audit report       cwe: [Array],
1518 silly audit report       cvss: [Object]
1518 silly audit report     },
1518 silly audit report     {
1518 silly audit report       id: 1118950,
1518 silly audit report       url: 'https://github.com/advisories/GHSA-mg66-mrh9-m8jx',
1518 silly audit report       title: 'Next.js vulnerable to Denial of Service via connection exhaustion in applications using Cache Components',
1518 silly audit report       severity: 'high',
1518 silly audit report       vulnerable_versions: '>=15.0.0 <15.5.16',
1518 silly audit report       cwe: [Array],
1518 silly audit report       cvss: [Object]
1518 silly audit report     },
1518 silly audit report     {
1518 silly audit report       id: 1118952,
1518 silly audit report       url: 'https://github.com/advisories/GHSA-h64f-5h5j-jqjh',
1518 silly audit report       title: 'Next.js has a Denial of Service in the Image Optimization API',
1518 silly audit report       severity: 'moderate',
1518 silly audit report       vulnerable_versions: '>=10.0.0 <15.5.16',
1518 silly audit report       cwe: [Array],
1518 silly audit report       cvss: [Object]
1518 silly audit report     },
1518 silly audit report     {
1518 silly audit report       id: 1118954,
1518 silly audit report       url: 'https://github.com/advisories/GHSA-c4j6-fc7j-m34r',
1518 silly audit report       title: 'Next.js vulnerable to server-side request forgery in applications using WebSocket upgrades',
1518 silly audit report       severity: 'high',
1518 silly audit report       vulnerable_versions: '>=13.4.13 <15.5.16',
1518 silly audit report       cwe: [Array],
1518 silly audit report       cvss: [Object]
1518 silly audit report     },
1518 silly audit report     {
1518 silly audit report       id: 1118958,
1518 silly audit report       url: 'https://github.com/advisories/GHSA-wfc6-r584-vfw7',
1518 silly audit report       title: 'Next.js vulnerable to cache poisoning in React Server Component responses',
1518 silly audit report       severity: 'moderate',
1518 silly audit report       vulnerable_versions: '>=14.2.0 <15.5.16',
1518 silly audit report       cwe: [Array],
1518 silly audit report       cvss: [Object]
1518 silly audit report     },
1518 silly audit report     {
1518 silly audit report       id: 1118960,
1518 silly audit report       url: 'https://github.com/advisories/GHSA-267c-6grr-h53f',
1518 silly audit report       title: 'Next.js has a Middleware / Proxy bypass in App Router applications via segment-prefetch routes',
1518 silly audit report       severity: 'high',
1518 silly audit report       vulnerable_versions: '>=15.2.0 <15.5.16',
1518 silly audit report       cwe: [Array],
1518 silly audit report       cvss: [Object]
1518 silly audit report     },
1518 silly audit report     {
1518 silly audit report       id: 1118962,
1518 silly audit report       url: 'https://github.com/advisories/GHSA-36qx-fr4f-26g5',
1518 silly audit report       title: 'Next.js has a Middleware / Proxy bypass in Pages Router applications using i18n',
1518 silly audit report       severity: 'high',
1518 silly audit report       vulnerable_versions: '>=12.2.0 <15.5.16',
1518 silly audit report       cwe: [Array],
1518 silly audit report       cvss: [Object]
1518 silly audit report     },
1518 silly audit report     {
1518 silly audit report       id: 1112593,
1518 silly audit report       url: 'https://github.com/advisories/GHSA-9g9p-9gw9-jx7f',
1518 silly audit report       title: 'Next.js self-hosted applications vulnerable to DoS via Image Optimizer remotePatterns configuration',
1518 silly audit report       severity: 'moderate',
1518 silly audit report       vulnerable_versions: '>=10.0.0 <15.5.10',
1518 silly audit report       cwe: [Array],
1518 silly audit report       cvss: [Object]
1518 silly audit report     },
1518 silly audit report     {
1518 silly audit report       id: 1112650,
1518 silly audit report       url: 'https://github.com/advisories/GHSA-h25m-26qc-wcjf',
1518 silly audit report       title: 'Next.js HTTP request deserialization can lead to DoS when using insecure React Server Components',
1518 silly audit report       severity: 'high',
1518 silly audit report       vulnerable_versions: '>=15.3.0-canary.0 <15.3.9',
1518 silly audit report       cwe: [Array],
1518 silly audit report       cvss: [Object]
1518 silly audit report     },
1518 silly audit report     {
1518 silly audit report       id: 1114897,
1518 silly audit report       url: 'https://github.com/advisories/GHSA-ggv3-7p47-pfv8',
1518 silly audit report       title: 'Next.js: HTTP request smuggling in rewrites',
1518 silly audit report       severity: 'moderate',
1518 silly audit report       vulnerable_versions: '>=9.5.0 <15.5.13',
1518 silly audit report       cwe: [Array],
1518 silly audit report       cvss: [Object]
1518 silly audit report     },
1518 silly audit report     {
1518 silly audit report       id: 1114940,
1518 silly audit report       url: 'https://github.com/advisories/GHSA-3x4c-7xq6-9pq8',
1518 silly audit report       title: 'Next.js: Unbounded next/image disk cache growth can exhaust storage',
1518 silly audit report       severity: 'moderate',
1518 silly audit report       vulnerable_versions: '>=10.0.0 <15.5.14',
1518 silly audit report       cwe: [Array],
1518 silly audit report       cvss: [Object]
1518 silly audit report     },
1518 silly audit report     {
1518 silly audit report       id: 1116376,
1518 silly audit report       url: 'https://github.com/advisories/GHSA-q4gf-8mx6-v5v3',
1518 silly audit report       title: 'Next.js has a Denial of Service with Server Components',
1518 silly audit report       severity: 'high',
1518 silly audit report       vulnerable_versions: '>=13.0.0 <15.5.15',
1518 silly audit report       cwe: [Array],
1518 silly audit report       cvss: [Object]
1518 silly audit report     },
1518 silly audit report     {
1518 silly audit report       id: 1124185,
1518 silly audit report       url: 'https://github.com/advisories/GHSA-89xv-2m56-2m9x',
1518 silly audit report       title: 'Next.js: Server-Side Request Forgery in Server Actions on custom servers',
1518 silly audit report       severity: 'high',
1518 silly audit report       vulnerable_versions: '>=14.1.1 <15.5.21',
1518 silly audit report       cwe: [Array],
1518 silly audit report       cvss: [Object]
1518 silly audit report     },
1518 silly audit report     {
1518 silly audit report       id: 1124172,
1518 silly audit report       url: 'https://github.com/advisories/GHSA-m99w-x7hq-7vfj',
1518 silly audit report       title: 'Next.js: Denial of Service in App Router using Server Actions',
1518 silly audit report       severity: 'high',
1518 silly audit report       vulnerable_versions: '>=13.0.0 <15.5.21',
1518 silly audit report       cwe: [Array],
1518 silly audit report       cvss: [Object]
1518 silly audit report     },
1518 silly audit report     {
1518 silly audit report       id: 1124187,
1518 silly audit report       url: 'https://github.com/advisories/GHSA-68g3-v927-f742',
1518 silly audit report       title: 'Next.js: Cache confusion of response bodies for requests with bodies',
1518 silly audit report       severity: 'moderate',
1518 silly audit report       vulnerable_versions: '>=13.0.0 <15.5.21',
1518 silly audit report       cwe: [Array],
1518 silly audit report       cvss: [Object]
1518 silly audit report     },
1518 silly audit report     {
1518 silly audit report       id: 1124189,
1518 silly audit report       url: 'https://github.com/advisories/GHSA-4633-3j49-mh5q',
1518 silly audit report       title: 'Next.js: Cache confusion of response bodies for requests with bodies containing invalid UTF-8 byte sequences',
1518 silly audit report       severity: 'moderate',
1518 silly audit report       vulnerable_versions: '>=13.0.0 <15.5.21',
1518 silly audit report       cwe: [Array],
1518 silly audit report       cvss: [Object]
1518 silly audit report     },
1518 silly audit report     {
1518 silly audit report       id: 1124191,
1518 silly audit report       url: 'https://github.com/advisories/GHSA-4c39-4ccg-62r3',
1518 silly audit report       title: 'Next.js: Unbounded Server Action payload in Edge runtime',
1518 silly audit report       severity: 'moderate',
1518 silly audit report       vulnerable_versions: '>=13.0.0 <15.5.21',
1518 silly audit report       cwe: [Array],
1518 silly audit report       cvss: [Object]
1518 silly audit report     },
1518 silly audit report     {
1518 silly audit report       id: 1124193,
1518 silly audit report       url: 'https://github.com/advisories/GHSA-p9j2-gv94-2wf4',
1518 silly audit report       title: 'Next.js: Server-Side Request Forgery in rewrites via attacker-controlled destination hostname',
1518 silly audit report       severity: 'high',
1518 silly audit report       vulnerable_versions: '>=12.0.0 <15.5.21',
1518 silly audit report       cwe: [Array],
1518 silly audit report       cvss: [Object]
1518 silly audit report     },
1518 silly audit report     {
1518 silly audit report       id: 1124197,
1518 silly audit report       url: 'https://github.com/advisories/GHSA-955p-x3mx-jcvp',
1518 silly audit report       title: 'Next.js: Unauthenticated disclosure of internal Server Function endpoints',
1518 silly audit report       severity: 'moderate',
1518 silly audit report       vulnerable_versions: '>=13.0.0 <15.5.21',
1518 silly audit report       cwe: [Array],
1518 silly audit report       cvss: [Object]
1518 silly audit report     },
1518 silly audit report     {
1518 silly audit report       id: 1193677,
1518 silly audit report       url: 'https://github.com/advisories/GHSA-p293-qw3h-jr36',
1518 silly audit report       title: 'Next.js: Unauthenticated Remote Code Execution on windows-hosted servers',
1518 silly audit report       severity: 'critical',
1518 silly audit report       vulnerable_versions: '>=13.4.0 <15.5.24',
1518 silly audit report       cwe: [Array],
1518 silly audit report       cvss: [Object]
1518 silly audit report     },
1518 silly audit report     {
1518 silly audit report       id: 1193733,
1518 silly audit report       url: 'https://github.com/advisories/GHSA-2xp9-vwfh-vxw4',
1518 silly audit report       title: 'Next.js: Unauthenticated Remote Code Execution in Image Optimization API when AVIF files are used',
1518 silly audit report       severity: 'critical',
1518 silly audit report       vulnerable_versions: '>=10.0.0 <15.5.24',
1518 silly audit report       cwe: [Array],
1518 silly audit report       cvss: [Object]
1518 silly audit report     }
1518 silly audit report   ],
1518 silly audit report   postcss: [
1518 silly audit report     {
1518 silly audit report       id: 1130709,
1518 silly audit report       url: 'https://github.com/advisories/GHSA-fxqj-rqcc-2cmp',
1518 silly audit report       title: 'PostCSS: incomplete fix of GHSA-6g55-p6wh-862q — attacker-controlled sourceMappingURL reads arbitrary .map files when `from` is unset',
1518 silly audit report       severity: 'moderate',
1518 silly audit report       vulnerable_versions: '<=8.5.22',
1518 silly audit report       cwe: [Array],
1518 silly audit report       cvss: [Object]
1518 silly audit report     },
1518 silly audit report     {
1518 silly audit report       id: 1117015,
1518 silly audit report       url: 'https://github.com/advisories/GHSA-qx2v-qp2m-jg93',
1518 silly audit report       title: 'PostCSS has XSS via Unescaped </style> in its CSS Stringify Output',
1518 silly audit report       severity: 'moderate',
1518 silly audit report       vulnerable_versions: '<8.5.10',
1518 silly audit report       cwe: [Array],
1518 silly audit report       cvss: [Object]
1518 silly audit report     },
1518 silly audit report     {
1518 silly audit report       id: 1124252,
1518 silly audit report       url: 'https://github.com/advisories/GHSA-6g55-p6wh-862q',
1518 silly audit report       title: 'PostCSS: Arbitrary file read and information disclosure via attacker-controlled sourceMappingURL in CSS comments',
1518 silly audit report       severity: 'high',
1518 silly audit report       vulnerable_versions: '<=8.5.11',
1518 silly audit report       cwe: [Array],
1518 silly audit report       cvss: [Object]
1518 silly audit report     },
1518 silly audit report     {
1518 silly audit report       id: 1139510,
1518 silly audit report       url: 'https://github.com/advisories/GHSA-r28c-9q8g-f849',
1518 silly audit report       title: 'PostCSS: Path Traversal in Previous Source Map Auto-Loading (sourceMappingURL) leads to Arbitrary .map File Disclosure',
1518 silly audit report       severity: 'high',
1518 silly audit report       vulnerable_versions: '<=8.5.17',
1518 silly audit report       cwe: [Array],
1518 silly audit report       cvss: [Object]
1518 silly audit report     }
1518 silly audit report   ],
1518 silly audit report   'node-forge': [
1518 silly audit report     {
1518 silly audit report       id: 1110996,
1518 silly audit report       url: 'https://github.com/advisories/GHSA-554w-wpv2-vw27',
1518 silly audit report       title: 'node-forge has ASN.1 Unbounded Recursion',
1518 silly audit report       severity: 'high',
1518 silly audit report       vulnerable_versions: '<1.3.2',
1518 silly audit report       cwe: [Array],
1518 silly audit report       cvss: [Object]
1518 silly audit report     },
1518 silly audit report     {
1518 silly audit report       id: 1110998,
1518 silly audit report       url: 'https://github.com/advisories/GHSA-5gfm-wpxj-wjgq',
1518 silly audit report       title: 'node-forge has an Interpretation Conflict vulnerability via its ASN.1 Validator Desynchronization',
1518 silly audit report       severity: 'high',
1518 silly audit report       vulnerable_versions: '<1.3.2',
1518 silly audit report       cwe: [Array],
1518 silly audit report       cvss: [Object]
1518 silly audit report     },
1518 silly audit report     {
1518 silly audit report       id: 1111068,
1518 silly audit report       url: 'https://github.com/advisories/GHSA-65ch-62r8-g69g',
1518 silly audit report       title: 'node-forge is vulnerable to ASN.1 OID Integer Truncation',
1518 silly audit report       severity: 'moderate',
1518 silly audit report       vulnerable_versions: '<1.3.2',
1518 silly audit report       cwe: [Array],
1518 silly audit report       cvss: [Object]
1518 silly audit report     },
1518 silly audit report     {
1518 silly audit report       id: 1115545,
1518 silly audit report       url: 'https://github.com/advisories/GHSA-2328-f5f3-gj25',
1518 silly audit report       title: 'Forge has a basicConstraints bypass in its certificate chain verification (RFC 5280 violation)',
1518 silly audit report       severity: 'high',
1518 silly audit report       vulnerable_versions: '<=1.3.3',
1518 silly audit report       cwe: [Array],
1518 silly audit report       cvss: [Object]
1518 silly audit report     },
1518 silly audit report     {
1518 silly audit report       id: 1115546,
1518 silly audit report       url: 'https://github.com/advisories/GHSA-q67f-28xg-22rw',
1518 silly audit report       title: 'Forge has signature forgery in Ed25519 due to missing S > L check',
1518 silly audit report       severity: 'high',
1518 silly audit report       vulnerable_versions: '<1.4.0',
1518 silly audit report       cwe: [Array],
1518 silly audit report       cvss: [Object]
1518 silly audit report     },
1518 silly audit report     {
1518 silly audit report       id: 1115548,
1518 silly audit report       url: 'https://github.com/advisories/GHSA-5m6q-g25r-mvwx',
1518 silly audit report       title: 'Forge has Denial of Service via Infinite Loop in BigInteger.modInverse() with Zero Input',
1518 silly audit report       severity: 'high',
1518 silly audit report       vulnerable_versions: '<1.4.0',
1518 silly audit report       cwe: [Array],
1518 silly audit report       cvss: [Object]
1518 silly audit report     },
1518 silly audit report     {
1518 silly audit report       id: 1115612,
1518 silly audit report       url: 'https://github.com/advisories/GHSA-ppp5-5v6c-4jwp',
1518 silly audit report       title: 'Forge has signature forgery in RSA-PKCS due to ASN.1 extra field  ',
1518 silly audit report       severity: 'high',
1518 silly audit report       vulnerable_versions: '<1.4.0',
1518 silly audit report       cwe: [Array],
1518 silly audit report       cvss: [Object]
1518 silly audit report     }
1518 silly audit report   ],
1518 silly audit report   nodemailer: [
1518 silly audit report     {
1518 silly audit report       id: 1193741,
1518 silly audit report       url: 'https://github.com/advisories/GHSA-8m3c-c648-2xjj',
1518 silly audit report       title: 'Nodemailer: resolveContent() on a MailMessage bypasses disableFileAccess/disableUrlAccess when called with the legacy signature',
1518 silly audit report       severity: 'moderate',
1518 silly audit report       vulnerable_versions: '<=9.1.0',
1518 silly audit report       cwe: [Array],
1518 silly audit report       cvss: [Object]
1518 silly audit report     },
1518 silly audit report     {
1518 silly audit report       id: 1193770,
1518 silly audit report       url: 'https://github.com/advisories/GHSA-wmmp-3585-3rmp',
1518 silly audit report       title: 'Nodemailer: IDN/Punycode domain allow-list bypass leads to email delivery to an attacker-controlled domain',
1518 silly audit report       severity: 'moderate',
1518 silly audit report       vulnerable_versions: '<9.1.0',
1518 silly audit report       cwe: [Array],
1518 silly audit report       cvss: [Object]
1518 silly audit report     },
1518 silly audit report     {
1518 silly audit report       id: 1193778,
1518 silly audit report       url: 'https://github.com/advisories/GHSA-2x7j-588g-ccc2',
1518 silly audit report       title: 'Nodemailer: Quadratic (O(n²)) time complexity in addressparser allows remote denial of service via a crafted address list',
1518 silly audit report       severity: 'high',
1518 silly audit report       vulnerable_versions: '<9.1.0',
1518 silly audit report       cwe: [Array],
1518 silly audit report       cvss: [Object]
1518 silly audit report     },
1518 silly audit report     {
1518 silly audit report       id: 1193779,
1518 silly audit report       url: 'https://github.com/advisories/GHSA-cc9r-2j5m-2m83',
1518 silly audit report       title: 'Nodemailer: Recipient-domain validation bypass via RFC 5322 comment mis-parsing leads to email delivery to an attacker-controlled domain',
1518 silly audit report       severity: 'moderate',
1518 silly audit report       vulnerable_versions: '>=6.9.16 <9.1.0',
1518 silly audit report       cwe: [Array],
1518 silly audit report       cvss: [Object]
1518 silly audit report     }
1518 silly audit report   ],
1518 silly audit report   'path-to-regexp': [
1518 silly audit report     {
1518 silly audit report       id: 1115573,
1518 silly audit report       url: 'https://github.com/advisories/GHSA-j3q9-mxjg-w52f',
1518 silly audit report       title: 'path-to-regexp vulnerable to Denial of Service via sequential optional groups',
1518 silly audit report       severity: 'high',
1518 silly audit report       vulnerable_versions: '>=8.0.0 <8.4.0',
1518 silly audit report       cwe: [Array],
1518 silly audit report       cvss: [Object]
1518 silly audit report     },
1518 silly audit report     {
1518 silly audit report       id: 1115527,
1518 silly audit report       url: 'https://github.com/advisories/GHSA-37ch-88jc-xwx2',
1518 silly audit report       title: 'path-to-regexp vulnerable to Regular Expression Denial of Service via multiple route parameters',
1518 silly audit report       severity: 'high',
1518 silly audit report       vulnerable_versions: '<0.1.13',
1518 silly audit report       cwe: [Array],
1518 silly audit report       cvss: [Object]
1518 silly audit report     },
1518 silly audit report     {
1518 silly audit report       id: 1115582,
1518 silly audit report       url: 'https://github.com/advisories/GHSA-27v5-c462-wpq7',
1518 silly audit report       title: 'path-to-regexp vulnerable to Regular Expression Denial of Service via multiple wildcards',
1518 silly audit report       severity: 'moderate',
1518 silly audit report       vulnerable_versions: '>=8.0.0 <8.4.0',
1518 silly audit report       cwe: [Array],
1518 silly audit report       cvss: [Object]
1518 silly audit report     }
1518 silly audit report   ],
1518 silly audit report   picomatch: [
1518 silly audit report     {
1518 silly audit report       id: 1115549,
1518 silly audit report       url: 'https://github.com/advisories/GHSA-3v7f-55p6-f55p',
1518 silly audit report       title: 'Picomatch: Method Injection in POSIX Character Classes causes incorrect Glob Matching',
1518 silly audit report       severity: 'moderate',
1518 silly audit report       vulnerable_versions: '<2.3.2',
1518 silly audit report       cwe: [Array],
1518 silly audit report       cvss: [Object]
1518 silly audit report     },
1518 silly audit report     {
1518 silly audit report       id: 1115552,
1518 silly audit report       url: 'https://github.com/advisories/GHSA-c2c7-rcm5-vvqj',
1518 silly audit report       title: 'Picomatch has a ReDoS vulnerability via extglob quantifiers',
1518 silly audit report       severity: 'high',
1518 silly audit report       vulnerable_versions: '<2.3.2',
1518 silly audit report       cwe: [Array],
1518 silly audit report       cvss: [Object]
1518 silly audit report     }
1518 silly audit report   ],
1518 silly audit report   'postcss-selector-parser': [
1518 silly audit report     {
1518 silly audit report       id: 1153170,
1518 silly audit report       url: 'https://github.com/advisories/GHSA-w9m9-85wc-3x92',
1518 silly audit report       title: 'postcss-selector-parser allows denial of service through uncontrolled AST recursion',
1518 silly audit report       severity: 'low',
1518 silly audit report       vulnerable_versions: '>=6.1.0 <6.1.3',
1518 silly audit report       cwe: [Array],
1518 silly audit report       cvss: [Object]
1518 silly audit report     }
1518 silly audit report   ],
1518 silly audit report   protobufjs: [
1518 silly audit report     {
1518 silly audit report       id: 1118641,
1518 silly audit report       url: 'https://github.com/advisories/GHSA-66ff-xgx4-vchm',
1518 silly audit report       title: 'protobuf.js: Code injection through bytes field defaults in generated toObject code',
1518 silly audit report       severity: 'high',
1518 silly audit report       vulnerable_versions: '<=7.5.5',
1518 silly audit report       cwe: [Array],
1518 silly audit report       cvss: [Object]
1518 silly audit report     },
1518 silly audit report     {
1518 silly audit report       id: 1118924,
1518 silly audit report       url: 'https://github.com/advisories/GHSA-2pr8-phx7-x9h3',
1518 silly audit report       title: 'protobuf.js: Denial of service from crafted field names in generated code',
1518 silly audit report       severity: 'moderate',
1518 silly audit report       vulnerable_versions: '<=7.5.5',
1518 silly audit report       cwe: [Array],
1518 silly audit report       cvss: [Object]
1518 silly audit report     },
1518 silly audit report     {
1518 silly audit report       id: 1118926,
1518 silly audit report       url: 'https://github.com/advisories/GHSA-fx83-v9x8-x52w',
1518 silly audit report       title: 'protobuf.js: Prototype injection in generated message constructors',
1518 silly audit report       severity: 'moderate',
1518 silly audit report       vulnerable_versions: '<=7.5.5',
1518 silly audit report       cwe: [Array],
1518 silly audit report       cvss: [Object]
1518 silly audit report     },
1518 silly audit report     {
1518 silly audit report       id: 1118928,
1518 silly audit report       url: 'https://github.com/advisories/GHSA-75px-5xx7-5xc7',
1518 silly audit report       title: 'protobuf.js: Code generation gadget after prototype pollution',
1518 silly audit report       severity: 'high',
1518 silly audit report       vulnerable_versions: '<=7.5.5',
1518 silly audit report       cwe: [Array],
1518 silly audit report       cvss: [Object]
1518 silly audit report     },
1518 silly audit report     {
1518 silly audit report       id: 1118930,
1518 silly audit report       url: 'https://github.com/advisories/GHSA-jvwf-75h9-cwgg',
1518 silly audit report       title: 'protobuf.js: Process-wide denial of service through unsafe option paths',
1518 silly audit report       severity: 'high',
1518 silly audit report       vulnerable_versions: '<=7.5.5',
1518 silly audit report       cwe: [Array],
1518 silly audit report       cvss: [Object]
1518 silly audit report     },
1518 silly audit report     {
1518 silly audit report       id: 1118932,
1518 silly audit report       url: 'https://github.com/advisories/GHSA-685m-2w69-288q',
1518 silly audit report       title: 'protobuf.js: Denial of service through unbounded protobuf recursion',
1518 silly audit report       severity: 'high',
1518 silly audit report       vulnerable_versions: '<=7.5.5',
1518 silly audit report       cwe: [Array],
1518 silly audit report       cvss: [Object]
1518 silly audit report     },
1518 silly audit report     {
1518 silly audit report       id: 1118935,
1518 silly audit report       url: 'https://github.com/advisories/GHSA-q6x5-8v7m-xcrf',
1518 silly audit report       title: 'protobufjs has overlong UTF-8 decoding',
1518 silly audit report       severity: 'moderate',
1518 silly audit report       vulnerable_versions: '<=7.5.5',
1518 silly audit report       cwe: [Array],
1518 silly audit report       cvss: [Object]
1518 silly audit report     },
1518 silly audit report     {
1518 silly audit report       id: 1119378,
1518 silly audit report       url: 'https://github.com/advisories/GHSA-jggg-4jg4-v7c6',
1518 silly audit report       title: 'protobufjs: Denial of Service via unbounded recursive JSON descriptor expansion',
1518 silly audit report       severity: 'moderate',
1518 silly audit report       vulnerable_versions: '<=7.5.7',
1518 silly audit report       cwe: [Array],
1518 silly audit report       cvss: [Object]
1518 silly audit report     },
1518 silly audit report     {
1518 silly audit report       id: 1117571,
1518 silly audit report       url: 'https://github.com/advisories/GHSA-xq3m-2v4x-88gg',
1518 silly audit report       title: 'Arbitrary code execution in protobufjs',
1518 silly audit report       severity: 'critical',
1518 silly audit report       vulnerable_versions: '<7.5.5',
1518 silly audit report       cwe: [Array],
1518 silly audit report       cvss: [Object]
1518 silly audit report     },
1518 silly audit report     {
1518 silly audit report       id: 1123488,
1518 silly audit report       url: 'https://github.com/advisories/GHSA-wcpc-wj8m-hjx6',
1518 silly audit report       title: 'protobufjs: Denial of service through unbounded Any expansion during JSON conversion',
1518 silly audit report       severity: 'high',
1518 silly audit report       vulnerable_versions: '<=7.6.0',
1518 silly audit report       cwe: [Array],
1518 silly audit report       cvss: [Object]
1518 silly audit report     },
1518 silly audit report     {
1518 silly audit report       id: 1123492,
1518 silly audit report       url: 'https://github.com/advisories/GHSA-f38q-mgvj-vph7',
1518 silly audit report       title: 'protobufjs : Schema-derived names can shadow runtime-significant properties',
1518 silly audit report       severity: 'moderate',
1518 silly audit report       vulnerable_versions: '<=7.6.2',
1518 silly audit report       cwe: [Array],
1518 silly audit report       cvss: [Object]
1518 silly audit report     },
1518 silly audit report     {
1518 silly audit report       id: 1123964,
1518 silly audit report       url: 'https://github.com/advisories/GHSA-j3f2-48v5-ccww',
1518 silly audit report       title: 'protobufjs: Denial of Service via infinite loop in .proto option parsing',
1518 silly audit report       severity: 'moderate',
1518 silly audit report       vulnerable_versions: '>=7.5.0 <=7.6.4',
1518 silly audit report       cwe: [Array],
1518 silly audit report       cvss: [Object]
1518 silly audit report     }
1518 silly audit report   ],
1518 silly audit report   sharp: [
1518 silly audit report     {
1518 silly audit report       id: 1124066,
1518 silly audit report       url: 'https://github.com/advisories/GHSA-f88m-g3jw-g9cj',
1518 silly audit report       title: 'sharp inherited vulnerabilities in libvips: CVE-2026-33327, CVE-2026-33328, CVE-2026-35590, CVE-2026-35591',
1518 silly audit report       severity: 'high',
1518 silly audit report       vulnerable_versions: '<0.35.0',
1518 silly audit report       cwe: [Array],
1518 silly audit report       cvss: [Object]
1518 silly audit report     },
1518 silly audit report     {
1518 silly audit report       id: 1193725,
1518 silly audit report       url: 'https://github.com/advisories/GHSA-rgj7-g3m4-5g8c',
1518 silly audit report       title: 'sharp: Vulnerabilities in libheif: GHSA-g89c-p67h-r497 and GHSA-2jg2-4ch7-h545',
1518 silly audit report       severity: 'high',
1518 silly audit report       vulnerable_versions: '<0.35.4',
1518 silly audit report       cwe: [Array],
1518 silly audit report       cvss: [Object]
1518 silly audit report     }
1518 silly audit report   ],
1518 silly audit report   'websocket-driver': [
1518 silly audit report     {
1518 silly audit report       id: 1123482,
1518 silly audit report       url: 'https://github.com/advisories/GHSA-mp7j-qc5w-4988',
1518 silly audit report       title: 'websocket-driver: Resource limit bypass via message compression',
1518 silly audit report       severity: 'moderate',
1518 silly audit report       vulnerable_versions: '<0.7.5',
1518 silly audit report       cwe: [Array],
1518 silly audit report       cvss: [Object]
1518 silly audit report     },
1518 silly audit report     {
1518 silly audit report       id: 1123483,
1518 silly audit report       url: 'https://github.com/advisories/GHSA-xv26-6w52-cph6',
1518 silly audit report       title: 'websocket-driver: Message corruption via abuse of protocol length headers',
1518 silly audit report       severity: 'critical',
1518 silly audit report       vulnerable_versions: '<0.7.5',
1518 silly audit report       cwe: [Array],
1518 silly audit report       cvss: [Object]
1518 silly audit report     }
1518 silly audit report   ],
1518 silly audit report   ws: [
1518 silly audit report     {
1518 silly audit report       id: 1119108,
1518 silly audit report       url: 'https://github.com/advisories/GHSA-58qx-3vcg-4xpx',
1518 silly audit report       title: 'ws: Uninitialized memory disclosure',
1518 silly audit report       severity: 'moderate',
1518 silly audit report       vulnerable_versions: '>=8.0.0 <8.20.1',
1518 silly audit report       cwe: [Array],
1518 silly audit report       cvss: [Object]
1518 silly audit report     },
1518 silly audit report     {
1518 silly audit report       id: 1123259,
1518 silly audit report       url: 'https://github.com/advisories/GHSA-96hv-2xvq-fx4p',
1518 silly audit report       title: 'ws: Memory exhaustion DoS from tiny fragments and data chunks',
1518 silly audit report       severity: 'high',
1518 silly audit report       vulnerable_versions: '>=8.0.0 <8.21.0',
1518 silly audit report       cwe: [Array],
1518 silly audit report       cvss: [Object]
1518 silly audit report     }
1518 silly audit report   ],
1518 silly audit report   xlsx: [
1518 silly audit report     {
1518 silly audit report       id: 1108110,
1518 silly audit report       url: 'https://github.com/advisories/GHSA-4r6h-8v6p-xvw6',
1518 silly audit report       title: 'Prototype Pollution in sheetJS',
1518 silly audit report       severity: 'high',
1518 silly audit report       vulnerable_versions: '<0.19.3',
1518 silly audit report       cwe: [Array],
1518 silly audit report       cvss: [Object]
1518 silly audit report     },
1518 silly audit report     {
1518 silly audit report       id: 1108111,
1518 silly audit report       url: 'https://github.com/advisories/GHSA-5pgg-2g8v-p4x9',
1518 silly audit report       title: 'SheetJS Regular Expression Denial of Service (ReDoS)',
1518 silly audit report       severity: 'high',
1518 silly audit report       vulnerable_versions: '<0.20.2',
1518 silly audit report       cwe: [Array],
1518 silly audit report       cvss: [Object]
1518 silly audit report     }
1518 silly audit report   ],
1518 silly audit report   yaml: [
1518 silly audit report     {
1518 silly audit report       id: 1115556,
1518 silly audit report       url: 'https://github.com/advisories/GHSA-48c2-rrv3-qjmp',
1518 silly audit report       title: 'yaml is vulnerable to Stack Overflow via deeply nested YAML collections',
1518 silly audit report       severity: 'moderate',
1518 silly audit report       vulnerable_versions: '>=2.0.0 <2.8.3',
1518 silly audit report       cwe: [Array],
1518 silly audit report       cvss: [Object]
1518 silly audit report     }
1518 silly audit report   ]
1518 silly audit report }
1519 silly packumentCache corgi:https://registry.npmjs.org/@babel%2fruntime cache-miss
1520 silly packumentCache corgi:https://registry.npmjs.org/uuid cache-miss
1521 silly packumentCache corgi:https://registry.npmjs.org/@grpc%2fgrpc-js cache-miss
1522 silly packumentCache corgi:https://registry.npmjs.org/@modelcontextprotocol%2fsdk cache-miss
1523 silly packumentCache corgi:https://registry.npmjs.org/ajv cache-miss
1524 silly packumentCache corgi:https://registry.npmjs.org/body-parser cache-miss
1525 silly packumentCache corgi:https://registry.npmjs.org/qs cache-miss
1526 silly packumentCache corgi:https://registry.npmjs.org/@opentelemetry%2fauto-instrumentations-node cache-miss
1527 silly packumentCache corgi:https://registry.npmjs.org/@opentelemetry%2fcore cache-miss
1528 silly packumentCache corgi:https://registry.npmjs.org/@opentelemetry%2fpropagator-jaeger cache-miss
1529 silly packumentCache corgi:https://registry.npmjs.org/@opentelemetry%2fsdk-node cache-miss
1530 silly packumentCache corgi:https://registry.npmjs.org/@protobufjs%2futf8 cache-miss
1531 silly packumentCache corgi:https://registry.npmjs.org/@tootallnate%2fonce cache-miss
1532 silly packumentCache corgi:https://registry.npmjs.org/@trpc%2fserver cache-miss
1533 silly packumentCache corgi:https://registry.npmjs.org/form-data cache-miss
1534 silly packumentCache corgi:https://registry.npmjs.org/adm-zip cache-miss
1535 silly packumentCache corgi:https://registry.npmjs.org/brace-expansion cache-miss
1536 silly packumentCache corgi:https://registry.npmjs.org/glob cache-miss
1537 silly packumentCache corgi:https://registry.npmjs.org/minimatch cache-miss
1538 silly packumentCache corgi:https://registry.npmjs.org/axios cache-miss
1539 silly packumentCache corgi:https://registry.npmjs.org/diff cache-miss
1540 silly packumentCache corgi:https://registry.npmjs.org/tmp cache-miss
1541 silly packumentCache corgi:https://registry.npmjs.org/extract-zip cache-miss
1542 silly packumentCache corgi:https://registry.npmjs.org/fast-uri cache-miss
1543 silly packumentCache corgi:https://registry.npmjs.org/fast-xml-parser cache-miss
1544 silly packumentCache corgi:https://registry.npmjs.org/follow-redirects cache-miss
1545 silly packumentCache corgi:https://registry.npmjs.org/handlebars cache-miss
1546 silly packumentCache corgi:https://registry.npmjs.org/jodit cache-miss
1547 silly packumentCache corgi:https://registry.npmjs.org/js-yaml cache-miss
1548 silly packumentCache corgi:https://registry.npmjs.org/json-2-csv cache-miss
1549 silly packumentCache corgi:https://registry.npmjs.org/jws cache-miss
1550 silly packumentCache corgi:https://registry.npmjs.org/lodash cache-miss
1551 silly packumentCache corgi:https://registry.npmjs.org/nanoid cache-miss
1552 silly packumentCache corgi:https://registry.npmjs.org/next cache-miss
1553 silly packumentCache corgi:https://registry.npmjs.org/postcss cache-miss
1554 silly packumentCache corgi:https://registry.npmjs.org/node-forge cache-miss
1555 silly packumentCache corgi:https://registry.npmjs.org/nodemailer cache-miss
1556 silly packumentCache corgi:https://registry.npmjs.org/path-to-regexp cache-miss
1557 silly packumentCache corgi:https://registry.npmjs.org/picomatch cache-miss
1558 silly packumentCache corgi:https://registry.npmjs.org/postcss-selector-parser cache-miss
1559 silly packumentCache corgi:https://registry.npmjs.org/protobufjs cache-miss
1560 silly packumentCache corgi:https://registry.npmjs.org/sharp cache-miss
1561 silly packumentCache corgi:https://registry.npmjs.org/websocket-driver cache-miss
1562 silly packumentCache corgi:https://registry.npmjs.org/ws cache-miss
1563 silly packumentCache corgi:https://registry.npmjs.org/xlsx cache-miss
1564 silly packumentCache corgi:https://registry.npmjs.org/yaml cache-miss
1565 http fetch GET 200 https://registry.npmjs.org/@types/memcached/-/memcached-2.2.10.tgz 1268ms (cache miss)
1566 http fetch GET 200 https://registry.npmjs.org/@types/ms/-/ms-2.1.0.tgz 1269ms (cache miss)
1567 http fetch GET 200 https://registry.npmjs.org/@types/d3-timer/-/d3-timer-3.0.2.tgz 1326ms (cache miss)
1568 http fetch GET 200 https://registry.npmjs.org/@types/d3-time/-/d3-time-3.0.4.tgz 1360ms (cache miss)
1569 http fetch GET 200 https://registry.npmjs.org/@types/jsonwebtoken/-/jsonwebtoken-9.0.10.tgz 1491ms (cache miss)
1570 http fetch GET 200 https://registry.npmjs.org/@types/d3-scale/-/d3-scale-4.0.9.tgz 1541ms (cache miss)
1571 http fetch GET 200 https://registry.npmjs.org/@types/d3-ease/-/d3-ease-3.0.2.tgz 2019ms (cache miss)
1572 http fetch GET 200 https://registry.npmjs.org/@types/mysql/-/mysql-2.15.22.tgz 2079ms (cache miss)
1573 http fetch GET 200 https://registry.npmjs.org/@types/recharts/-/recharts-1.8.29.tgz 2146ms (cache miss)
1574 http fetch GET 200 https://registry.npmjs.org/@types/connect/-/connect-3.4.36.tgz 2202ms (cache miss)
1575 http fetch GET 200 https://registry.npmjs.org/@types/pg-pool/-/pg-pool-2.0.4.tgz 2222ms (cache miss)
1576 http fetch GET 200 https://registry.npmjs.org/@types/d3-interpolate/-/d3-interpolate-3.0.4.tgz 2292ms (cache miss)
1577 http fetch GET 200 https://registry.npmjs.org/@types/d3-color/-/d3-color-3.1.3.tgz 2315ms (cache miss)
1578 http fetch GET 200 https://registry.npmjs.org/@types/bunyan/-/bunyan-1.8.9.tgz 2358ms (cache miss)
1579 http fetch GET 200 https://registry.npmjs.org/@yarnpkg/lockfile/-/lockfile-1.1.0.tgz 2444ms (cache miss)
1580 http fetch GET 200 https://registry.npmjs.org/@tsconfig/node16/-/node16-1.0.4.tgz 2484ms (cache miss)
1581 http fetch GET 200 https://registry.npmjs.org/@types/aws-lambda/-/aws-lambda-8.10.122.tgz 2668ms (cache miss)
1582 http fetch GET 200 https://registry.npmjs.org/@types/caseless/-/caseless-0.12.5.tgz 2669ms (cache miss)
1583 http fetch GET 200 https://registry.npmjs.org/@types/bcryptjs/-/bcryptjs-2.4.6.tgz 2685ms (cache miss)
1584 http fetch GET 200 https://registry.npmjs.org/@tsconfig/node12/-/node12-1.0.11.tgz 2754ms (cache miss)
1585 http fetch GET 200 https://registry.npmjs.org/@tsconfig/node14/-/node14-1.0.3.tgz 2757ms (cache miss)
1586 http fetch GET 200 https://registry.npmjs.org/@swc/counter/-/counter-0.1.3.tgz 2778ms (cache miss)
1587 http fetch GET 200 https://registry.npmjs.org/@protobufjs/pool/-/pool-1.1.0.tgz 2783ms (cache miss)
1588 http fetch GET 200 https://registry.npmjs.org/@protobufjs/path/-/path-1.1.2.tgz 2794ms (cache miss)
1589 http fetch GET 200 https://registry.npmjs.org/@protobufjs/aspromise/-/aspromise-1.1.2.tgz 2895ms (cache miss)
1590 http fetch GET 200 https://registry.npmjs.org/@protobufjs/float/-/float-1.0.2.tgz 3127ms (cache miss)
1591 http fetch GET 200 https://registry.npmjs.org/@swc/helpers/-/helpers-0.5.15.tgz 3136ms (cache miss)
1592 http fetch GET 200 https://registry.npmjs.org/@supabase/ssr/-/ssr-0.8.0.tgz 3681ms (cache miss)
1593 http fetch GET 200 https://registry.npmjs.org/@protobufjs/base64/-/base64-1.1.2.tgz 3689ms (cache miss)
1594 http fetch GET 200 https://registry.npmjs.org/@standard-schema/utils/-/utils-0.3.0.tgz 3775ms (cache miss)
1595 http fetch GET 200 https://registry.npmjs.org/@opentelemetry/sql-common/-/sql-common-0.40.1.tgz 3825ms (cache miss)
1596 http fetch GET 200 https://registry.npmjs.org/@pkgjs/parseargs/-/parseargs-0.11.0.tgz 4050ms (cache miss)
1597 http fetch GET 200 https://registry.npmjs.org/@opentelemetry/sdk-trace-node/-/sdk-trace-node-1.25.1.tgz 4111ms (cache miss)
1598 http fetch GET 200 https://registry.npmjs.org/@opentelemetry/resource-detector-gcp/-/resource-detector-gcp-0.29.13.tgz 4163ms (cache miss)
1599 http fetch GET 200 https://registry.npmjs.org/@opentelemetry/sdk-node/-/sdk-node-0.52.1.tgz 4305ms (cache miss)
1600 http fetch GET 200 https://registry.npmjs.org/@opentelemetry/sdk-logs/-/sdk-logs-0.52.1.tgz 4977ms (cache miss)
1601 http fetch GET 200 https://registry.npmjs.org/@opentelemetry/resources/-/resources-1.25.1.tgz 5182ms (cache miss)
1602 http fetch GET 200 https://registry.npmjs.org/@opentelemetry/resource-detector-alibaba-cloud/-/resource-detector-alibaba-cloud-0.29.7.tgz 5739ms (cache miss)
1603 http fetch GET 200 https://registry.npmjs.org/@opentelemetry/resource-detector-aws/-/resource-detector-aws-1.12.0.tgz 5841ms (cache miss)
1604 http fetch GET 200 https://registry.npmjs.org/@opentelemetry/resource-detector-container/-/resource-detector-container-0.4.4.tgz 5870ms (cache miss)
1605 http fetch GET 200 https://registry.npmjs.org/@opentelemetry/propagator-jaeger/-/propagator-jaeger-1.25.1.tgz 5882ms (cache miss)
1606 http fetch GET 200 https://registry.npmjs.org/@opentelemetry/redis-common/-/redis-common-0.36.2.tgz 5930ms (cache miss)
1607 http fetch GET 200 https://registry.npmjs.org/@opentelemetry/resource-detector-azure/-/resource-detector-azure-0.2.12.tgz 5934ms (cache miss)
1608 http fetch GET 200 https://registry.npmjs.org/@opentelemetry/propagator-b3/-/propagator-b3-1.25.1.tgz 5943ms (cache miss)
1609 http fetch GET 200 https://registry.npmjs.org/@opentelemetry/sdk-trace-base/-/sdk-trace-base-1.25.1.tgz 5968ms (cache miss)
1610 http fetch GET 200 https://registry.npmjs.org/@opentelemetry/otlp-grpc-exporter-base/-/otlp-grpc-exporter-base-0.52.1.tgz 7079ms (cache miss)
1611 http fetch GET 200 https://registry.npmjs.org/@opentelemetry/propagation-utils/-/propagation-utils-0.30.16.tgz 7126ms (cache miss)
1612 http fetch GET 200 https://registry.npmjs.org/@opentelemetry/otlp-exporter-base/-/otlp-exporter-base-0.52.1.tgz 7696ms (cache miss)
1613 http fetch GET 200 https://registry.npmjs.org/@opentelemetry/propagator-aws-xray/-/propagator-aws-xray-1.26.2.tgz 7907ms (cache miss)
1614 http fetch GET 200 https://registry.npmjs.org/@opentelemetry/instrumentation-winston/-/instrumentation-winston-0.39.0.tgz 8313ms (cache miss)
1615 http fetch GET 200 https://registry.npmjs.org/@opentelemetry/instrumentation-undici/-/instrumentation-undici-0.5.0.tgz 8461ms (cache miss)
1616 http fetch GET 200 https://registry.npmjs.org/@opentelemetry/instrumentation-tedious/-/instrumentation-tedious-0.13.0.tgz 8626ms (cache miss)
1617 http fetch GET 200 https://registry.npmjs.org/@opentelemetry/instrumentation-restify/-/instrumentation-restify-0.40.0.tgz 8729ms (cache miss)
1618 http fetch GET 200 https://registry.npmjs.org/@opentelemetry/instrumentation-pg/-/instrumentation-pg-0.43.0.tgz 8959ms (cache miss)
1619 http fetch GET 200 https://registry.npmjs.org/@opentelemetry/instrumentation-router/-/instrumentation-router-0.39.0.tgz 9053ms (cache miss)
1620 http fetch GET 200 https://registry.npmjs.org/@opentelemetry/instrumentation-redis/-/instrumentation-redis-0.41.0.tgz 9108ms (cache miss)
1621 http fetch GET 200 https://registry.npmjs.org/@opentelemetry/instrumentation-redis-4/-/instrumentation-redis-4-0.41.1.tgz 9184ms (cache miss)
1622 http fetch GET 200 https://registry.npmjs.org/@opentelemetry/instrumentation-socket.io/-/instrumentation-socket.io-0.41.0.tgz 9289ms (cache miss)
1623 http fetch GET 200 https://registry.npmjs.org/@opentelemetry/sdk-metrics/-/sdk-metrics-1.25.1.tgz 9495ms (cache miss)
1624 http fetch GET 200 https://registry.npmjs.org/@opentelemetry/instrumentation-net/-/instrumentation-net-0.38.0.tgz 9616ms (cache miss)
1625 http fetch GET 200 https://registry.npmjs.org/@opentelemetry/instrumentation-nestjs-core/-/instrumentation-nestjs-core-0.39.0.tgz 9871ms (cache miss)
1626 http fetch GET 200 https://registry.npmjs.org/@opentelemetry/instrumentation-mysql2/-/instrumentation-mysql2-0.40.0.tgz 10242ms (cache miss)
1627 http fetch GET 200 https://registry.npmjs.org/@opentelemetry/instrumentation-pino/-/instrumentation-pino-0.41.0.tgz 10485ms (cache miss)
1628 http fetch GET 200 https://registry.npmjs.org/@opentelemetry/instrumentation-mysql/-/instrumentation-mysql-0.40.0.tgz 10776ms (cache miss)
1629 http fetch GET 200 https://registry.npmjs.org/@opentelemetry/instrumentation-memcached/-/instrumentation-memcached-0.38.0.tgz 10895ms (cache miss)
1630 http fetch GET 200 https://registry.npmjs.org/@opentelemetry/instrumentation-mongoose/-/instrumentation-mongoose-0.41.0.tgz 11013ms (cache miss)
1631 http fetch GET 200 https://registry.npmjs.org/@opentelemetry/instrumentation-mongodb/-/instrumentation-mongodb-0.46.0.tgz 11219ms (cache miss)
1632 http fetch GET 200 https://registry.npmjs.org/@opentelemetry/instrumentation-knex/-/instrumentation-knex-0.39.0.tgz 11258ms (cache miss)
1633 http fetch GET 200 https://registry.npmjs.org/@opentelemetry/instrumentation-koa/-/instrumentation-koa-0.42.0.tgz 11467ms (cache miss)
1634 http fetch GET 200 https://registry.npmjs.org/@opentelemetry/instrumentation-lru-memoizer/-/instrumentation-lru-memoizer-0.39.0.tgz 11500ms (cache miss)
1635 http fetch GET 200 https://registry.npmjs.org/@opentelemetry/instrumentation-http/-/instrumentation-http-0.52.1.tgz 12011ms (cache miss)
1636 http fetch GET 200 https://registry.npmjs.org/@opentelemetry/instrumentation-ioredis/-/instrumentation-ioredis-0.42.0.tgz 12160ms (cache miss)
1637 http fetch GET 200 https://registry.npmjs.org/@opentelemetry/instrumentation-kafkajs/-/instrumentation-kafkajs-0.2.0.tgz 12557ms (cache miss)
1638 http fetch GET 200 https://registry.npmjs.org/@opentelemetry/instrumentation-hapi/-/instrumentation-hapi-0.40.0.tgz 12891ms (cache miss)
1639 http fetch GET 200 https://registry.npmjs.org/@opentelemetry/instrumentation-graphql/-/instrumentation-graphql-0.42.0.tgz 13137ms (cache miss)
1640 http fetch GET 200 https://registry.npmjs.org/@opentelemetry/instrumentation-grpc/-/instrumentation-grpc-0.52.1.tgz 13155ms (cache miss)
1641 http fetch GET 200 https://registry.npmjs.org/@opentelemetry/instrumentation-generic-pool/-/instrumentation-generic-pool-0.38.1.tgz 13171ms (cache miss)
1642 http fetch GET 200 https://registry.npmjs.org/@opentelemetry/instrumentation-fastify/-/instrumentation-fastify-0.38.0.tgz 13199ms (cache miss)
1643 http fetch GET 200 https://registry.npmjs.org/@opentelemetry/instrumentation-fs/-/instrumentation-fs-0.14.0.tgz 13200ms (cache miss)
1644 http fetch GET 200 https://registry.npmjs.org/@opentelemetry/instrumentation-cucumber/-/instrumentation-cucumber-0.8.0.tgz 13206ms (cache miss)
1645 http fetch GET 200 https://registry.npmjs.org/@opentelemetry/instrumentation-dataloader/-/instrumentation-dataloader-0.11.0.tgz 13224ms (cache miss)
1646 http fetch GET 200 https://registry.npmjs.org/@opentelemetry/instrumentation-express/-/instrumentation-express-0.41.1.tgz 13252ms (cache miss)
1647 http fetch GET 200 https://registry.npmjs.org/@opentelemetry/instrumentation-aws-sdk/-/instrumentation-aws-sdk-0.43.1.tgz 13309ms (cache miss)
1648 http fetch GET 200 https://registry.npmjs.org/@opentelemetry/instrumentation-bunyan/-/instrumentation-bunyan-0.40.0.tgz 13345ms (cache miss)
1649 http fetch GET 200 https://registry.npmjs.org/@opentelemetry/instrumentation-dns/-/instrumentation-dns-0.38.0.tgz 13349ms (cache miss)
1650 http fetch GET 200 https://registry.npmjs.org/@opentelemetry/instrumentation-connect/-/instrumentation-connect-0.38.0.tgz 13356ms (cache miss)
1651 http fetch GET 200 https://registry.npmjs.org/@opentelemetry/exporter-trace-otlp-http/-/exporter-trace-otlp-http-0.52.1.tgz 14689ms (cache miss)
1652 http fetch GET 200 https://registry.npmjs.org/@nodelib/fs.stat/-/fs.stat-2.0.5.tgz 14852ms (cache miss)
1653 http fetch GET 200 https://registry.npmjs.org/@nodelib/fs.scandir/-/fs.scandir-2.1.5.tgz 15240ms (cache miss)
1654 http fetch GET 200 https://registry.npmjs.org/@opentelemetry/core/-/core-1.25.1.tgz 15488ms (cache miss)
1655 http fetch GET 200 https://registry.npmjs.org/@opentelemetry/exporter-zipkin/-/exporter-zipkin-1.25.1.tgz 15682ms (cache miss)
1656 http fetch GET 200 https://registry.npmjs.org/@opentelemetry/api-logs/-/api-logs-0.52.1.tgz 15836ms (cache miss)
1657 http fetch GET 200 https://registry.npmjs.org/@opentelemetry/instrumentation-aws-lambda/-/instrumentation-aws-lambda-0.43.0.tgz 15953ms (cache miss)
1658 http fetch GET 200 https://registry.npmjs.org/@opentelemetry/exporter-trace-otlp-proto/-/exporter-trace-otlp-proto-0.52.1.tgz 16013ms (cache miss)
1659 http fetch GET 200 https://registry.npmjs.org/@opentelemetry/exporter-trace-otlp-grpc/-/exporter-trace-otlp-grpc-0.52.1.tgz 16109ms (cache miss)
1660 http fetch GET 200 https://registry.npmjs.org/@opentelemetry/context-async-hooks/-/context-async-hooks-1.25.1.tgz 16222ms (cache miss)
1661 http fetch GET 200 https://registry.npmjs.org/@opentelemetry/instrumentation-amqplib/-/instrumentation-amqplib-0.41.0.tgz 16472ms (cache miss)
1662 http fetch GET 200 https://registry.npmjs.org/@opentelemetry/instrumentation-cassandra-driver/-/instrumentation-cassandra-driver-0.40.0.tgz 16626ms (cache miss)
1663 http fetch GET 200 https://registry.npmjs.org/@opentelemetry/otlp-transformer/-/otlp-transformer-0.52.1.tgz 17261ms (cache miss)
1664 http fetch GET 200 https://registry.npmjs.org/@opentelemetry/auto-instrumentations-node/-/auto-instrumentations-node-0.49.2.tgz 17603ms (cache miss)
1665 http fetch GET 200 https://registry.npmjs.org/@opentelemetry/instrumentation/-/instrumentation-0.52.1.tgz 17921ms (cache miss)
1666 http fetch GET 200 https://registry.npmjs.org/@jridgewell/resolve-uri/-/resolve-uri-3.1.2.tgz 18027ms (cache miss)
1667 http fetch GET 200 https://registry.npmjs.org/@nodelib/fs.walk/-/fs.walk-1.2.8.tgz 18069ms (cache miss)
1668 http fetch GET 200 https://registry.npmjs.org/@next/env/-/env-15.3.8.tgz 18119ms (cache miss)
1669 http fetch GET 200 https://registry.npmjs.org/@hookform/resolvers/-/resolvers-4.1.3.tgz 18928ms (cache miss)
1670 http fetch GET 200 https://registry.npmjs.org/@isaacs/cliui/-/cliui-8.0.2.tgz 19002ms (cache miss)
1671 http fetch GET 200 https://registry.npmjs.org/@grpc/proto-loader/-/proto-loader-0.7.13.tgz 19258ms (cache miss)
1672 http fetch GET 200 https://registry.npmjs.org/@js-sdsl/ordered-map/-/ordered-map-4.4.2.tgz 20397ms (cache miss)
1673 http fetch GET 200 https://registry.npmjs.org/@google-cloud/projectify/-/projectify-4.0.0.tgz 20578ms (cache miss)
1674 http fetch GET 200 https://registry.npmjs.org/@google-cloud/precise-date/-/precise-date-4.0.0.tgz 20871ms (cache miss)
1675 http fetch GET 200 https://registry.npmjs.org/@google-cloud/paginator/-/paginator-5.0.2.tgz 20983ms (cache miss)
1676 http fetch GET 200 https://registry.npmjs.org/@google-cloud/opentelemetry-resource-util/-/opentelemetry-resource-util-2.4.0.tgz 21167ms (cache miss)
1677 http fetch GET 200 https://registry.npmjs.org/@dnd-kit/utilities/-/utilities-3.2.2.tgz 21630ms (cache miss)
1678 http fetch GET 200 https://registry.npmjs.org/@google-cloud/opentelemetry-cloud-trace-exporter/-/opentelemetry-cloud-trace-exporter-2.4.1.tgz 21855ms (cache miss)
1679 http fetch GET 200 https://registry.npmjs.org/@dnd-kit/sortable/-/sortable-8.0.0.tgz 22864ms (cache miss)
1680 http fetch GET 200 https://registry.npmjs.org/@google-cloud/promisify/-/promisify-4.0.0.tgz 22923ms (cache miss)
1681 http fetch GET 200 https://registry.npmjs.org/@dnd-kit/accessibility/-/accessibility-3.1.1.tgz 22987ms (cache miss)
1682 http fetch GET 200 https://registry.npmjs.org/@google-cloud/opentelemetry-cloud-monitoring-exporter/-/opentelemetry-cloud-monitoring-exporter-0.19.0.tgz 23138ms (cache miss)
1683 http fetch GET 200 https://registry.npmjs.org/@dnd-kit/modifiers/-/modifiers-7.0.0.tgz 23679ms (cache miss)
1684 http fetch GET 200 https://registry.npmjs.org/@cspotcode/source-map-support/-/source-map-support-0.8.1.tgz 23723ms (cache miss)
1685 http fetch GET 200 https://registry.npmjs.org/yargs-parser/-/yargs-parser-21.1.1.tgz 24120ms (cache miss)
1686 http fetch GET 200 https://registry.npmjs.org/y18n/-/y18n-5.0.8.tgz 24157ms (cache miss)
1687 http fetch GET 200 https://registry.npmjs.org/yn/-/yn-3.1.1.tgz 24165ms (cache miss)
1688 http fetch GET 200 https://registry.npmjs.org/xtend/-/xtend-4.0.2.tgz 24186ms (cache miss)
1689 http fetch GET 200 https://registry.npmjs.org/yaml/-/yaml-2.8.0.tgz 25483ms (cache miss)
1690 http fetch GET 200 https://registry.npmjs.org/wrappy/-/wrappy-1.0.2.tgz 26986ms (cache miss)
1691 http fetch GET 200 https://registry.npmjs.org/wrap-ansi/-/wrap-ansi-7.0.0.tgz 27338ms (cache miss)
1692 http fetch GET 200 https://registry.npmjs.org/wordwrap/-/wordwrap-1.0.0.tgz 27492ms (cache miss)
1693 http fetch GET 200 https://registry.npmjs.org/word/-/word-0.3.0.tgz 27574ms (cache miss)
1694 http fetch GET 200 https://registry.npmjs.org/wmf/-/wmf-1.0.2.tgz 28247ms (cache miss)
1695 http fetch GET 200 https://registry.npmjs.org/winston-transport/-/winston-transport-4.9.0.tgz 28294ms (cache miss)
1696 http fetch GET 200 https://registry.npmjs.org/which/-/which-2.0.2.tgz 28294ms (cache miss)
1697 http fetch GET 200 https://registry.npmjs.org/whatwg-url/-/whatwg-url-5.0.0.tgz 28319ms (cache miss)
1698 http fetch GET 200 https://registry.npmjs.org/websocket-extensions/-/websocket-extensions-0.1.4.tgz 28560ms (cache miss)
1699 http fetch GET 200 https://registry.npmjs.org/victory-vendor/-/victory-vendor-36.9.2.tgz 29101ms (cache miss)
1700 http fetch GET 200 https://registry.npmjs.org/webidl-conversions/-/webidl-conversions-3.0.1.tgz 29149ms (cache miss)
1701 http fetch GET 200 https://registry.npmjs.org/vary/-/vary-1.1.2.tgz 29386ms (cache miss)
1702 http fetch GET 200 https://registry.npmjs.org/uuid/-/uuid-10.0.0.tgz 31440ms (cache miss)
1703 http fetch GET 200 https://registry.npmjs.org/v8-compile-cache-lib/-/v8-compile-cache-lib-3.0.1.tgz 31625ms (cache miss)
1704 http fetch GET 200 https://registry.npmjs.org/util-deprecate/-/util-deprecate-1.0.2.tgz 31682ms (cache miss)
1705 http fetch GET 200 https://registry.npmjs.org/utils-merge/-/utils-merge-1.0.1.tgz 31857ms (cache miss)
1706 http fetch GET 200 https://registry.npmjs.org/use-callback-ref/-/use-callback-ref-1.3.3.tgz 32042ms (cache miss)
1707 http fetch GET 200 https://registry.npmjs.org/use-sidecar/-/use-sidecar-1.1.3.tgz 32133ms (cache miss)
1708 http fetch GET 200 https://registry.npmjs.org/uri-templates/-/uri-templates-0.2.0.tgz 32435ms (cache miss)
1709 http fetch GET 200 https://registry.npmjs.org/url-template/-/url-template-2.0.8.tgz 32536ms (cache miss)
1710 http fetch GET 200 https://registry.npmjs.org/universalify/-/universalify-2.0.1.tgz 32595ms (cache miss)
1711 http fetch GET 200 https://registry.npmjs.org/unpipe/-/unpipe-1.0.0.tgz 34218ms (cache miss)
1712 http fetch GET 200 https://registry.npmjs.org/type-is/-/type-is-1.6.18.tgz 40474ms (cache miss)
1713 http fetch GET 200 https://registry.npmjs.org/@dnd-kit/core/-/core-6.3.1.tgz 41719ms (cache miss)
1714 http fetch GET 200 https://registry.npmjs.org/tslib/-/tslib-2.8.1.tgz 41945ms (cache miss)
1715 http fetch GET 200 https://registry.npmjs.org/triple-beam/-/triple-beam-1.4.1.tgz 43851ms (cache miss)
1716 http fetch GET 200 https://registry.npmjs.org/toidentifier/-/toidentifier-1.0.1.tgz 43950ms (cache miss)
1717 http fetch GET 200 https://registry.npmjs.org/tr46/-/tr46-0.0.3.tgz 44270ms (cache miss)
1718 http fetch GET 200 https://registry.npmjs.org/to-regex-range/-/to-regex-range-5.0.1.tgz 44310ms (cache miss)
1719 http fetch GET 200 https://registry.npmjs.org/tiny-invariant/-/tiny-invariant-1.3.3.tgz 45309ms (cache miss)
1720 http fetch GET 200 https://registry.npmjs.org/uglify-js/-/uglify-js-3.19.3.tgz 49235ms (cache miss)
1721 http fetch GET 200 https://registry.npmjs.org/thriftrw/-/thriftrw-3.11.4.tgz 50351ms (cache miss)
1722 http fetch GET 200 https://registry.npmjs.org/tsx/-/tsx-4.20.6.tgz 50719ms (cache miss)
1723 http fetch GET 200 https://registry.npmjs.org/thenify/-/thenify-3.3.1.tgz 50906ms (cache miss)
1724 http fetch GET 200 https://registry.npmjs.org/thenify-all/-/thenify-all-1.6.0.tgz 50953ms (cache miss)
1725 http fetch GET 200 https://registry.npmjs.org/ts-node/-/ts-node-10.9.2.tgz 51019ms (cache miss)
1726 http fetch GET 200 https://registry.npmjs.org/ts-interface-checker/-/ts-interface-checker-0.1.13.tgz 51262ms (cache miss)
1727 http fetch GET 200 https://registry.npmjs.org/text-hex/-/text-hex-1.0.0.tgz 51291ms (cache miss)
1728 http fetch GET 200 https://registry.npmjs.org/tailwindcss-animate/-/tailwindcss-animate-1.0.7.tgz 51334ms (cache miss)
1729 http fetch GET 200 https://registry.npmjs.org/supports-color/-/supports-color-7.2.0.tgz 51386ms (cache miss)
1730 http fetch GET 200 https://registry.npmjs.org/supports-preserve-symlinks-flag/-/supports-preserve-symlinks-flag-1.0.0.tgz 53659ms (cache miss)
1731 http fetch GET 200 https://registry.npmjs.org/supabase/-/supabase-2.117.0.tgz 53706ms (cache miss)
1732 http fetch GET 200 https://registry.npmjs.org/styled-jsx/-/styled-jsx-5.1.6.tgz 53902ms (cache miss)
1733 http fetch GET 200 https://registry.npmjs.org/string_decoder/-/string_decoder-1.3.0.tgz 53921ms (cache miss)
1734 http fetch GET 200 https://registry.npmjs.org/stubs/-/stubs-3.0.0.tgz 53921ms (cache miss)
1735 http fetch GET 200 https://registry.npmjs.org/streamsearch/-/streamsearch-1.1.0.tgz 53933ms (cache miss)
1736 http fetch GET 200 https://registry.npmjs.org/stack-trace/-/stack-trace-0.0.10.tgz 53957ms (cache miss)
1737 http fetch GET 200 https://registry.npmjs.org/ssf/-/ssf-0.11.2.tgz 54381ms (cache miss)
1738 http fetch GET 200 https://registry.npmjs.org/stream-shift/-/stream-shift-1.0.3.tgz 54395ms (cache miss)
1739 http fetch GET 200 https://registry.npmjs.org/source-map-js/-/source-map-js-1.2.1.tgz 60629ms (cache miss)
1740 http fetch GET 200 https://registry.npmjs.org/stream-events/-/stream-events-1.0.5.tgz 62045ms (cache miss)
1741 http fetch GET 200 https://registry.npmjs.org/sucrase/-/sucrase-3.35.0.tgz 63614ms (cache miss)
1742 http fetch GET 200 https://registry.npmjs.org/source-map/-/source-map-0.6.1.tgz 64646ms (cache miss)
1743 http fetch GET 200 https://registry.npmjs.org/signal-exit/-/signal-exit-4.1.0.tgz 64772ms (cache miss)
1744 http fetch GET 200 https://registry.npmjs.org/side-channel-weakmap/-/side-channel-weakmap-1.0.2.tgz 64823ms (cache miss)
1745 http fetch GET 200 https://registry.npmjs.org/slash/-/slash-2.0.0.tgz 64823ms (cache miss)
1746 http fetch GET 200 https://registry.npmjs.org/side-channel-map/-/side-channel-map-1.0.1.tgz 64886ms (cache miss)
1747 http fetch GET 200 https://registry.npmjs.org/set-function-length/-/set-function-length-1.2.2.tgz 64998ms (cache miss)
1748 http fetch GET 200 https://registry.npmjs.org/setprototypeof/-/setprototypeof-1.2.0.tgz 64999ms (cache miss)
1749 http fetch GET 200 https://registry.npmjs.org/tailwindcss/-/tailwindcss-3.4.17.tgz 68206ms (cache miss)
1750 http fetch GET 200 https://registry.npmjs.org/xlsx/-/xlsx-0.18.5.tgz 70645ms (cache miss)
1751 http fetch GET 200 https://registry.npmjs.org/web-streams-polyfill/-/web-streams-polyfill-3.3.3.tgz 71510ms (cache miss)
1752 http fetch GET 200 https://registry.npmjs.org/semver/-/semver-7.7.2.tgz 71784ms (cache miss)
1753 http fetch GET 200 https://registry.npmjs.org/scheduler/-/scheduler-0.23.2.tgz 72182ms (cache miss)
1754 http fetch GET 200 https://registry.npmjs.org/safer-buffer/-/safer-buffer-2.1.2.tgz 72374ms (cache miss)
1755 http fetch GET 200 https://registry.npmjs.org/safe-buffer/-/safe-buffer-5.2.1.tgz 72857ms (cache miss)
1756 http fetch GET 200 https://registry.npmjs.org/safe-stable-stringify/-/safe-stable-stringify-2.5.0.tgz 72894ms (cache miss)
1757 http fetch GET 200 https://registry.npmjs.org/rimraf/-/rimraf-2.7.1.tgz 72934ms (cache miss)
1758 warn deprecated rimraf@2.7.1: Rimraf versions prior to v4 are no longer supported
1759 http fetch GET 200 https://registry.npmjs.org/run-parallel/-/run-parallel-1.2.0.tgz 72978ms (cache miss)
1760 http fetch GET 200 https://registry.npmjs.org/retry/-/retry-0.13.1.tgz 73031ms (cache miss)
1761 http fetch GET 200 https://registry.npmjs.org/resolve/-/resolve-1.22.10.tgz 73156ms (cache miss)
1762 http fetch GET 200 https://registry.npmjs.org/require-from-string/-/require-from-string-2.0.2.tgz 73306ms (cache miss)
1763 http fetch GET 200 https://registry.npmjs.org/require-directory/-/require-directory-2.1.1.tgz 73820ms (cache miss)
1764 http fetch GET 200 https://registry.npmjs.org/readdirp/-/readdirp-3.6.0.tgz 73884ms (cache miss)
1765 http fetch GET 200 https://registry.npmjs.org/readable-stream/-/readable-stream-3.6.2.tgz 74145ms (cache miss)
1766 http fetch GET 200 https://registry.npmjs.org/recharts-scale/-/recharts-scale-0.4.5.tgz 74159ms (cache miss)
1767 http fetch GET 200 https://registry.npmjs.org/shimmer/-/shimmer-1.2.1.tgz 74214ms (cache miss)
1768 http fetch GET 200 https://registry.npmjs.org/react-style-singleton/-/react-style-singleton-2.2.3.tgz 74255ms (cache miss)
1769 http fetch GET 200 https://registry.npmjs.org/react-transition-group/-/react-transition-group-4.4.5.tgz 74266ms (cache miss)
1770 http fetch GET 200 https://registry.npmjs.org/react-smooth/-/react-smooth-4.0.4.tgz 74297ms (cache miss)
1771 http fetch GET 200 https://registry.npmjs.org/react-remove-scroll-bar/-/react-remove-scroll-bar-2.3.8.tgz 74305ms (cache miss)
1772 http fetch GET 200 https://registry.npmjs.org/react-is/-/react-is-18.3.1.tgz 76035ms (cache miss)
1773 http fetch GET 200 https://registry.npmjs.org/react/-/react-18.3.1.tgz 76645ms (cache miss)
1774 http fetch GET 200 https://registry.npmjs.org/require-in-the-middle/-/require-in-the-middle-7.5.2.tgz 79626ms (cache miss)
1775 http fetch GET 200 https://registry.npmjs.org/range-parser/-/range-parser-1.2.1.tgz 79671ms (cache miss)
1776 http fetch GET 200 https://registry.npmjs.org/queue-microtask/-/queue-microtask-1.2.3.tgz 79718ms (cache miss)
1777 http fetch GET 200 https://registry.npmjs.org/pumpify/-/pumpify-2.0.1.tgz 79953ms (cache miss)
1778 http fetch GET 200 https://registry.npmjs.org/qrcode/-/qrcode-1.5.4.tgz 80189ms (cache miss)
1779 http fetch GET 200 https://registry.npmjs.org/ps-tree/-/ps-tree-1.2.0.tgz 80274ms (cache miss)
1780 http fetch GET 200 https://registry.npmjs.org/proxy-addr/-/proxy-addr-2.0.7.tgz 80320ms (cache miss)
1781 http fetch GET 200 https://registry.npmjs.org/proto3-json-serializer/-/proto3-json-serializer-2.0.2.tgz 80424ms (cache miss)
1782 http fetch GET 200 https://registry.npmjs.org/postgres-date/-/postgres-date-1.0.7.tgz 80476ms (cache miss)
1783 http fetch GET 200 https://registry.npmjs.org/prop-types/-/prop-types-15.8.1.tgz 80476ms (cache miss)
1784 http fetch GET 200 https://registry.npmjs.org/postgres-interval/-/postgres-interval-1.2.0.tgz 80643ms (cache miss)
1785 http fetch GET 200 https://registry.npmjs.org/postcss-value-parser/-/postcss-value-parser-4.2.0.tgz 80653ms (cache miss)
1786 http fetch GET 200 https://registry.npmjs.org/postgres-array/-/postgres-array-2.0.0.tgz 83376ms (cache miss)
1787 http fetch GET 200 https://registry.npmjs.org/postcss-nested/-/postcss-nested-6.2.0.tgz 83421ms (cache miss)
1788 http fetch GET 200 https://registry.npmjs.org/postcss-import/-/postcss-import-15.1.0.tgz 83446ms (cache miss)
1789 http fetch GET 200 https://registry.npmjs.org/pg-types/-/pg-types-2.2.0.tgz 83493ms (cache miss)
1790 http fetch GET 200 https://registry.npmjs.org/picocolors/-/picocolors-1.1.1.tgz 83561ms (cache miss)
1791 http fetch GET 200 https://registry.npmjs.org/path-parse/-/path-parse-1.0.7.tgz 83594ms (cache miss)
1792 http fetch GET 200 https://registry.npmjs.org/pg-int8/-/pg-int8-1.0.1.tgz 83611ms (cache miss)
1793 http fetch GET 200 https://registry.npmjs.org/path-is-absolute/-/path-is-absolute-1.0.1.tgz 84127ms (cache miss)
1794 http fetch GET 200 https://registry.npmjs.org/partial-json/-/partial-json-0.1.7.tgz 84268ms (cache miss)
1795 http fetch GET 200 https://registry.npmjs.org/path-scurry/-/path-scurry-1.11.1.tgz 84687ms (cache miss)
1796 http fetch GET 200 https://registry.npmjs.org/parseurl/-/parseurl-1.3.3.tgz 85425ms (cache miss)
1797 http fetch GET 200 https://registry.npmjs.org/package-json-from-dist/-/package-json-from-dist-1.0.1.tgz 85445ms (cache miss)
1798 http fetch GET 200 https://registry.npmjs.org/@google-cloud/firestore/-/firestore-7.11.6.tgz 88511ms (cache miss)
1799 http fetch GET 200 https://registry.npmjs.org/once/-/once-1.4.0.tgz 90866ms (cache miss)
1800 http fetch GET 200 https://registry.npmjs.org/on-finished/-/on-finished-2.4.1.tgz 90873ms (cache miss)
1801 http fetch GET 200 https://registry.npmjs.org/one-time/-/one-time-1.0.0.tgz 90949ms (cache miss)
1802 http fetch GET 200 https://registry.npmjs.org/patch-package/-/patch-package-8.0.0.tgz 91030ms (cache miss)
1803 http fetch GET 200 https://registry.npmjs.org/object-inspect/-/object-inspect-1.13.4.tgz 91134ms (cache miss)
1804 http fetch GET 200 https://registry.npmjs.org/object-keys/-/object-keys-1.1.1.tgz 91147ms (cache miss)
1805 http fetch GET 200 https://registry.npmjs.org/object-hash/-/object-hash-3.0.0.tgz 91345ms (cache miss)
1806 http fetch GET 200 https://registry.npmjs.org/object-assign/-/object-assign-4.1.1.tgz 91464ms (cache miss)
1807 http fetch GET 200 https://registry.npmjs.org/normalize-path/-/normalize-path-3.0.0.tgz 91471ms (cache miss)
1808 http fetch GET 200 https://registry.npmjs.org/node-fetch/-/node-fetch-3.3.2.tgz 91483ms (cache miss)
1809 http fetch GET 200 https://registry.npmjs.org/node-domexception/-/node-domexception-1.0.0.tgz 91517ms (cache miss)
1810 http fetch GET 200 https://registry.npmjs.org/typescript/-/typescript-5.7.3.tgz 96410ms (cache miss)
1811 http fetch GET 200 https://registry.npmjs.org/ms/-/ms-2.0.0.tgz 96939ms (cache miss)
1812 http fetch GET 200 https://registry.npmjs.org/negotiator/-/negotiator-0.6.3.tgz 96988ms (cache miss)
1813 http fetch GET 200 https://registry.npmjs.org/mz/-/mz-2.7.0.tgz 97018ms (cache miss)
1814 http fetch GET 200 https://registry.npmjs.org/module-details-from-path/-/module-details-from-path-1.0.4.tgz 97032ms (cache miss)
1815 http fetch GET 200 https://registry.npmjs.org/mkdirp/-/mkdirp-0.5.6.tgz 97053ms (cache miss)
1816 http fetch GET 200 https://registry.npmjs.org/mime/-/mime-3.0.0.tgz 97146ms (cache miss)
1817 http fetch GET 200 https://registry.npmjs.org/minimist/-/minimist-1.2.8.tgz 97221ms (cache miss)
1818 http fetch GET 200 https://registry.npmjs.org/mime-types/-/mime-types-2.1.35.tgz 97303ms (cache miss)
1819 http fetch GET 200 https://registry.npmjs.org/mime-db/-/mime-db-1.52.0.tgz 97487ms (cache miss)
1820 http fetch GET 200 https://registry.npmjs.org/methods/-/methods-1.1.2.tgz 97486ms (cache miss)
1821 http fetch GET 200 https://registry.npmjs.org/micromatch/-/micromatch-4.0.8.tgz 97578ms (cache miss)
1822 http fetch GET 200 https://registry.npmjs.org/merge2/-/merge2-1.4.1.tgz 103784ms (cache miss)
1823 http fetch GET 200 https://registry.npmjs.org/merge-descriptors/-/merge-descriptors-1.0.3.tgz 103855ms (cache miss)
1824 http fetch GET 200 https://registry.npmjs.org/media-typer/-/media-typer-0.3.0.tgz 103869ms (cache miss)
1825 http fetch GET 200 https://registry.npmjs.org/math-intrinsics/-/math-intrinsics-1.1.0.tgz 104343ms (cache miss)
1826 http fetch GET 200 https://registry.npmjs.org/make-error/-/make-error-1.3.6.tgz 105729ms (cache miss)
1827 http fetch GET 200 https://registry.npmjs.org/react-dom/-/react-dom-18.3.1.tgz 105963ms (cache miss)
1828 http fetch GET 200 https://registry.npmjs.org/loose-envify/-/loose-envify-1.4.0.tgz 105981ms (cache miss)
1829 http fetch GET 200 https://registry.npmjs.org/logform/-/logform-2.7.0.tgz 106100ms (cache miss)
1830 http fetch GET 200 https://registry.npmjs.org/lodash.once/-/lodash.once-4.1.1.tgz 106128ms (cache miss)
1831 http fetch GET 200 https://registry.npmjs.org/lodash.merge/-/lodash.merge-4.6.2.tgz 106144ms (cache miss)
1832 http fetch GET 200 https://registry.npmjs.org/lodash.mapvalues/-/lodash.mapvalues-4.6.0.tgz 106456ms (cache miss)
1833 http fetch GET 200 https://registry.npmjs.org/neo-async/-/neo-async-2.6.2.tgz 106571ms (cache miss)
1834 http fetch GET 200 https://registry.npmjs.org/nanoid/-/nanoid-3.3.8.tgz 117191ms (cache miss)
1835 http fetch GET 200 https://registry.npmjs.org/lodash.isplainobject/-/lodash.isplainobject-4.0.6.tgz 117256ms (cache miss)
1836 http fetch GET 200 https://registry.npmjs.org/lodash.isnumber/-/lodash.isnumber-3.0.3.tgz 117256ms (cache miss)
1837 http fetch GET 200 https://registry.npmjs.org/lodash.isstring/-/lodash.isstring-4.0.1.tgz 117268ms (cache miss)
1838 http fetch GET 200 https://registry.npmjs.org/lodash.isinteger/-/lodash.isinteger-4.0.4.tgz 117922ms (cache miss)
1839 http fetch GET 200 https://registry.npmjs.org/lodash.clonedeep/-/lodash.clonedeep-4.5.0.tgz 120325ms (cache miss)
1840 http fetch GET 200 https://registry.npmjs.org/lodash.includes/-/lodash.includes-4.3.0.tgz 120381ms (cache miss)
1841 http fetch GET 200 https://registry.npmjs.org/lodash.isboolean/-/lodash.isboolean-3.0.3.tgz 120383ms (cache miss)
1842 http fetch GET 200 https://registry.npmjs.org/lodash.camelcase/-/lodash.camelcase-4.3.0.tgz 120416ms (cache miss)
1843 http fetch GET 200 https://registry.npmjs.org/lines-and-columns/-/lines-and-columns-1.2.4.tgz 120420ms (cache miss)
1844 http fetch GET 200 https://registry.npmjs.org/lilconfig/-/lilconfig-3.1.3.tgz 120428ms (cache miss)
1845 http fetch GET 200 https://registry.npmjs.org/limiter/-/limiter-1.1.5.tgz 120709ms (cache miss)
1846 http fetch GET 200 https://registry.npmjs.org/kuler/-/kuler-2.0.0.tgz 121209ms (cache miss)
1847 http fetch GET 200 https://registry.npmjs.org/klaw-sync/-/klaw-sync-6.0.0.tgz 124400ms (cache miss)
1848 http fetch GET 200 https://registry.npmjs.org/jsonify/-/jsonify-0.0.1.tgz 124404ms (cache miss)
1849 http fetch GET 200 https://registry.npmjs.org/json-schema/-/json-schema-0.4.0.tgz 124485ms (cache miss)
1850 http fetch GET 200 https://registry.npmjs.org/json5/-/json5-2.2.3.tgz 124939ms (cache miss)
1851 http fetch GET 200 https://registry.npmjs.org/js-yaml/-/js-yaml-4.1.0.tgz 125498ms (cache miss)
1852 http fetch GET 200 https://registry.npmjs.org/js-tokens/-/js-tokens-4.0.0.tgz 125705ms (cache miss)
1853 http fetch GET 200 https://registry.npmjs.org/json-bigint/-/json-bigint-1.0.0.tgz 125766ms (cache miss)
1854 http fetch GET 200 https://registry.npmjs.org/isarray/-/isarray-2.0.5.tgz 126105ms (cache miss)
1855 http fetch GET 200 https://registry.npmjs.org/is-stream/-/is-stream-2.0.1.tgz 126490ms (cache miss)
1856 http fetch GET 200 https://registry.npmjs.org/is-obj/-/is-obj-2.0.0.tgz 127039ms (cache miss)
1857 http fetch GET 200 https://registry.npmjs.org/jodit-react/-/jodit-react-4.1.2.tgz 127866ms (cache miss)
1858 http fetch GET 200 https://registry.npmjs.org/is-number/-/is-number-7.0.0.tgz 127868ms (cache miss)
1859 http fetch GET 200 https://registry.npmjs.org/inherits/-/inherits-2.0.4.tgz 128692ms (cache miss)
1860 http fetch GET 200 https://registry.npmjs.org/is-fullwidth-code-point/-/is-fullwidth-code-point-3.0.0.tgz 128725ms (cache miss)
1861 http fetch GET 200 https://registry.npmjs.org/is-docker/-/is-docker-2.2.1.tgz 128727ms (cache miss)
1862 http fetch GET 200 https://registry.npmjs.org/is-binary-path/-/is-binary-path-2.1.0.tgz 128798ms (cache miss)
1863 http fetch GET 200 https://registry.npmjs.org/ipaddr.js/-/ipaddr.js-1.9.1.tgz 128860ms (cache miss)
1864 http fetch GET 200 https://registry.npmjs.org/jackspeak/-/jackspeak-3.4.3.tgz 132358ms (cache miss)
1865 http fetch GET 200 https://registry.npmjs.org/iconv-lite/-/iconv-lite-0.4.24.tgz 133661ms (cache miss)
1866 http fetch GET 200 https://registry.npmjs.org/https-proxy-agent/-/https-proxy-agent-7.0.6.tgz 134007ms (cache miss)
1867 http fetch GET 200 https://registry.npmjs.org/internmap/-/internmap-2.0.3.tgz 134067ms (cache miss)
1868 http fetch GET 200 https://registry.npmjs.org/iceberg-js/-/iceberg-js-0.8.1.tgz 136086ms (cache miss)
1869 http fetch GET 200 https://registry.npmjs.org/http-parser-js/-/http-parser-js-0.5.10.tgz 136136ms (cache miss)
1870 http fetch GET 200 https://registry.npmjs.org/html-entities/-/html-entities-2.6.0.tgz 139609ms (cache miss)
1871 http fetch GET 200 https://registry.npmjs.org/hexer/-/hexer-1.5.0.tgz 139669ms (cache miss)
1872 http fetch GET 200 https://registry.npmjs.org/has-tostringtag/-/has-tostringtag-1.0.2.tgz 139673ms (cache miss)
1873 http fetch GET 200 https://registry.npmjs.org/has-flag/-/has-flag-4.0.0.tgz 139828ms (cache miss)
1874 http fetch GET 200 https://registry.npmjs.org/has-symbols/-/has-symbols-1.1.0.tgz 139837ms (cache miss)
1875 http fetch GET 200 https://registry.npmjs.org/has-property-descriptors/-/has-property-descriptors-1.0.2.tgz 140175ms (cache miss)
1876 http fetch GET 200 https://registry.npmjs.org/jiti/-/jiti-1.21.7.tgz 140284ms (cache miss)
1877 http fetch GET 200 https://registry.npmjs.org/graceful-fs/-/graceful-fs-4.2.11.tgz 140580ms (cache miss)
1878 http fetch GET 200 https://registry.npmjs.org/gtoken/-/gtoken-7.1.0.tgz 140585ms (cache miss)
1879 http fetch GET 200 https://registry.npmjs.org/html5-qrcode/-/html5-qrcode-2.3.8.tgz 140671ms (cache miss)
1880 http fetch GET 200 https://registry.npmjs.org/gopd/-/gopd-1.2.0.tgz 140691ms (cache miss)
1881 http fetch GET 200 https://registry.npmjs.org/googleapis-common/-/googleapis-common-7.2.0.tgz 141465ms (cache miss)
1882 http fetch GET 200 https://registry.npmjs.org/google-logging-utils/-/google-logging-utils-0.0.2.tgz 141482ms (cache miss)
1883 http fetch GET 200 https://registry.npmjs.org/google-auth-library/-/google-auth-library-9.15.1.tgz 141781ms (cache miss)
1884 http fetch GET 200 https://registry.npmjs.org/get-proto/-/get-proto-1.0.1.tgz 141816ms (cache miss)
1885 http fetch GET 200 https://registry.npmjs.org/get-nonce/-/get-nonce-1.0.1.tgz 141826ms (cache miss)
1886 http fetch GET 200 https://registry.npmjs.org/handlebars/-/handlebars-4.7.8.tgz 141864ms (cache miss)
1887 http fetch GET 200 https://registry.npmjs.org/get-caller-file/-/get-caller-file-2.0.5.tgz 141885ms (cache miss)
1888 http fetch GET 200 https://registry.npmjs.org/get-port/-/get-port-5.1.1.tgz 141901ms (cache miss)
1889 http fetch GET 200 https://registry.npmjs.org/glob/-/glob-10.4.5.tgz 141925ms (cache miss)
1890 http fetch GET 200 https://registry.npmjs.org/genkit-cli/-/genkit-cli-1.20.0.tgz 141985ms (cache miss)
1891 http fetch GET 200 https://registry.npmjs.org/google-gax/-/google-gax-4.6.1.tgz 141999ms (cache miss)
1892 http fetch GET 200 https://registry.npmjs.org/gaxios/-/gaxios-6.7.1.tgz 142001ms (cache miss)
1893 http fetch GET 200 https://registry.npmjs.org/function-bind/-/function-bind-1.1.2.tgz 142002ms (cache miss)
1894 http fetch GET 200 https://registry.npmjs.org/functional-red-black-tree/-/functional-red-black-tree-1.0.1.tgz 142018ms (cache miss)
1895 http fetch GET 200 https://registry.npmjs.org/inflight/-/inflight-1.0.6.tgz 142018ms (cache miss)
1896 warn deprecated inflight@1.0.6: This module is not supported, and leaks memory. Do not use it. Check out lru-cache if you want a good and tested way to coalesce async requests by a key value, which is much more comprehensive and powerful.
1897 http fetch GET 200 https://registry.npmjs.org/fsevents/-/fsevents-2.3.3.tgz 142026ms (cache miss)
1898 http fetch GET 200 https://registry.npmjs.org/frac/-/frac-1.1.2.tgz 142039ms (cache miss)
1899 http fetch GET 200 https://registry.npmjs.org/gcp-metadata/-/gcp-metadata-6.1.1.tgz 142054ms (cache miss)
1900 http fetch GET 200 https://registry.npmjs.org/fresh/-/fresh-0.5.2.tgz 142063ms (cache miss)
1901 http fetch GET 200 https://registry.npmjs.org/forwarded/-/forwarded-0.2.0.tgz 142064ms (cache miss)
1902 http fetch GET 200 https://registry.npmjs.org/fs.realpath/-/fs.realpath-1.0.0.tgz 142064ms (cache miss)
1903 http fetch GET 200 https://registry.npmjs.org/fn.name/-/fn.name-1.1.0.tgz 142113ms (cache miss)
1904 http fetch GET 200 https://registry.npmjs.org/fill-range/-/fill-range-7.1.1.tgz 142124ms (cache miss)
1905 http fetch GET 200 https://registry.npmjs.org/find-yarn-workspace-root/-/find-yarn-workspace-root-2.0.0.tgz 142130ms (cache miss)
1906 http fetch GET 200 https://registry.npmjs.org/fetch-blob/-/fetch-blob-3.2.0.tgz 142159ms (cache miss)
1907 http fetch GET 200 https://registry.npmjs.org/faye-websocket/-/faye-websocket-0.11.4.tgz 142197ms (cache miss)
1908 http fetch GET 200 https://registry.npmjs.org/formdata-polyfill/-/formdata-polyfill-4.0.10.tgz 142219ms (cache miss)
1909 http fetch GET 200 https://registry.npmjs.org/fast-glob/-/fast-glob-3.3.3.tgz 142246ms (cache miss)
1910 http fetch GET 200 https://registry.npmjs.org/fecha/-/fecha-4.2.3.tgz 142280ms (cache miss)
1911 http fetch GET 200 https://registry.npmjs.org/extract-zip/-/extract-zip-2.0.1.tgz 142421ms (cache miss)
1912 http fetch GET 200 https://registry.npmjs.org/extend/-/extend-3.0.2.tgz 142430ms (cache miss)
1913 http fetch GET 200 https://registry.npmjs.org/es-set-tostringtag/-/es-set-tostringtag-2.1.0.tgz 142630ms (cache miss)
1914 http fetch GET 200 https://registry.npmjs.org/etag/-/etag-1.8.1.tgz 142652ms (cache miss)
1915 http fetch GET 200 https://registry.npmjs.org/event-target-shim/-/event-target-shim-5.0.1.tgz 142683ms (cache miss)
1916 http fetch GET 200 https://registry.npmjs.org/escape-html/-/escape-html-1.0.3.tgz 142750ms (cache miss)
1917 http fetch GET 200 https://registry.npmjs.org/eventemitter3/-/eventemitter3-4.0.7.tgz 142775ms (cache miss)
1918 http fetch GET 200 https://registry.npmjs.org/es-errors/-/es-errors-1.3.0.tgz 142860ms (cache miss)
1919 http fetch GET 200 https://registry.npmjs.org/esbuild/-/esbuild-0.25.10.tgz 142940ms (cache miss)
1920 http fetch GET 200 https://registry.npmjs.org/es-define-property/-/es-define-property-1.0.1.tgz 142974ms (cache miss)
1921 http fetch GET 200 https://registry.npmjs.org/enabled/-/enabled-2.0.0.tgz 143133ms (cache miss)
1922 http fetch GET 200 https://registry.npmjs.org/embla-carousel-reactive-utils/-/embla-carousel-reactive-utils-8.6.0.tgz 143505ms (cache miss)
1923 http fetch GET 200 https://registry.npmjs.org/embla-carousel-react/-/embla-carousel-react-8.6.0.tgz 143517ms (cache miss)
1924 http fetch GET 200 https://registry.npmjs.org/ee-first/-/ee-first-1.1.1.tgz 143802ms (cache miss)
1925 http fetch GET 200 https://registry.npmjs.org/encodeurl/-/encodeurl-2.0.0.tgz 143832ms (cache miss)
1926 http fetch GET 200 https://registry.npmjs.org/fast-xml-parser/-/fast-xml-parser-4.5.3.tgz 143855ms (cache miss)
1927 http fetch GET 200 https://registry.npmjs.org/embla-carousel/-/embla-carousel-8.6.0.tgz 143932ms (cache miss)
1928 http fetch GET 200 https://registry.npmjs.org/ecdsa-sig-formatter/-/ecdsa-sig-formatter-1.0.11.tgz 144008ms (cache miss)
1929 http fetch GET 200 https://registry.npmjs.org/duplexify/-/duplexify-4.1.3.tgz 144110ms (cache miss)
1930 http fetch GET 200 https://registry.npmjs.org/dunder-proto/-/dunder-proto-1.0.1.tgz 144139ms (cache miss)
1931 http fetch GET 200 https://registry.npmjs.org/eastasianwidth/-/eastasianwidth-0.2.0.tgz 144220ms (cache miss)
1932 http fetch GET 200 https://registry.npmjs.org/dot-prop/-/dot-prop-6.0.1.tgz 144362ms (cache miss)
1933 http fetch GET 200 https://registry.npmjs.org/dlv/-/dlv-1.1.3.tgz 144767ms (cache miss)
1934 http fetch GET 200 https://registry.npmjs.org/didyoumean/-/didyoumean-1.2.2.tgz 144783ms (cache miss)
1935 http fetch GET 200 https://registry.npmjs.org/dotprompt/-/dotprompt-1.1.2.tgz 144899ms (cache miss)
1936 http fetch GET 200 https://registry.npmjs.org/detect-node-es/-/detect-node-es-1.1.0.tgz 145164ms (cache miss)
1937 http fetch GET 200 https://registry.npmjs.org/depd/-/depd-2.0.0.tgz 145205ms (cache miss)
1938 http fetch GET 200 https://registry.npmjs.org/destroy/-/destroy-1.2.0.tgz 145208ms (cache miss)
1939 http fetch GET 200 https://registry.npmjs.org/define-data-property/-/define-data-property-1.1.4.tgz 145258ms (cache miss)
1940 http fetch GET 200 https://registry.npmjs.org/dom-helpers/-/dom-helpers-5.2.1.tgz 145295ms (cache miss)
1941 http fetch GET 200 https://registry.npmjs.org/decimal.js-light/-/decimal.js-light-2.5.1.tgz 145352ms (cache miss)
1942 http fetch GET 200 https://registry.npmjs.org/delayed-stream/-/delayed-stream-1.0.0.tgz 145364ms (cache miss)
1943 http fetch GET 200 https://registry.npmjs.org/debug/-/debug-2.6.9.tgz 145426ms (cache miss)
1944 http fetch GET 200 https://registry.npmjs.org/data-uri-to-buffer/-/data-uri-to-buffer-4.0.1.tgz 146343ms (cache miss)
1945 http fetch GET 200 https://registry.npmjs.org/d3-timer/-/d3-timer-3.0.1.tgz 146353ms (cache miss)
1946 http fetch GET 200 https://registry.npmjs.org/d3-scale/-/d3-scale-4.0.2.tgz 146503ms (cache miss)
1947 http fetch GET 200 https://registry.npmjs.org/d3-time-format/-/d3-time-format-4.1.0.tgz 146745ms (cache miss)
1948 http fetch GET 200 https://registry.npmjs.org/d3-shape/-/d3-shape-3.2.0.tgz 146792ms (cache miss)
1949 http fetch GET 200 https://registry.npmjs.org/d3-interpolate/-/d3-interpolate-3.0.1.tgz 146868ms (cache miss)
1950 http fetch GET 200 https://registry.npmjs.org/d3-ease/-/d3-ease-3.0.1.tgz 146951ms (cache miss)
1951 http fetch GET 200 https://registry.npmjs.org/d3-path/-/d3-path-3.1.0.tgz 146954ms (cache miss)
1952 http fetch GET 200 https://registry.npmjs.org/d3-time/-/d3-time-3.1.0.tgz 147032ms (cache miss)
1953 http fetch GET 200 https://registry.npmjs.org/cssesc/-/cssesc-3.0.0.tgz 147118ms (cache miss)
1954 http fetch GET 200 https://registry.npmjs.org/d3-color/-/d3-color-3.1.0.tgz 147228ms (cache miss)
1955 http fetch GET 200 https://registry.npmjs.org/d3-array/-/d3-array-3.2.4.tgz 148091ms (cache miss)
1956 http fetch GET 200 https://registry.npmjs.org/create-require/-/create-require-1.1.1.tgz 148106ms (cache miss)
1957 http fetch GET 200 https://registry.npmjs.org/crc-32/-/crc-32-1.2.2.tgz 148167ms (cache miss)
1958 http fetch GET 200 https://registry.npmjs.org/content-type/-/content-type-1.0.5.tgz 148437ms (cache miss)
1959 http fetch GET 200 https://registry.npmjs.org/content-disposition/-/content-disposition-0.5.4.tgz 148465ms (cache miss)
1960 http fetch GET 200 https://registry.npmjs.org/concat-map/-/concat-map-0.0.1.tgz 148495ms (cache miss)
1961 http fetch GET 200 https://registry.npmjs.org/combined-stream/-/combined-stream-1.0.8.tgz 148587ms (cache miss)
1962 http fetch GET 200 https://registry.npmjs.org/colorette/-/colorette-2.0.20.tgz 148638ms (cache miss)
1963 http fetch GET 200 https://registry.npmjs.org/color-convert/-/color-convert-2.0.1.tgz 148661ms (cache miss)
1964 http fetch GET 200 https://registry.npmjs.org/color-name/-/color-name-1.1.4.tgz 148737ms (cache miss)
1965 http fetch GET 200 https://registry.npmjs.org/cmdk/-/cmdk-1.1.1.tgz 149063ms (cache miss)
1966 http fetch GET 200 https://registry.npmjs.org/clsx/-/clsx-2.1.1.tgz 149670ms (cache miss)
1967 http fetch GET 200 https://registry.npmjs.org/class-variance-authority/-/class-variance-authority-0.7.1.tgz 149703ms (cache miss)
1968 http fetch GET 200 https://registry.npmjs.org/client-only/-/client-only-0.0.1.tgz 149750ms (cache miss)
1969 http fetch GET 200 https://registry.npmjs.org/cliui/-/cliui-8.0.1.tgz 150174ms (cache miss)
1970 http fetch GET 200 https://registry.npmjs.org/cjs-module-lexer/-/cjs-module-lexer-1.4.3.tgz 150333ms (cache miss)
1971 http fetch GET 200 https://registry.npmjs.org/chokidar/-/chokidar-3.6.0.tgz 150580ms (cache miss)
1972 http fetch GET 200 https://registry.npmjs.org/chalk/-/chalk-4.1.2.tgz 150718ms (cache miss)
1973 http fetch GET 200 https://registry.npmjs.org/ci-info/-/ci-info-3.9.0.tgz 150719ms (cache miss)
1974 http fetch GET 200 https://registry.npmjs.org/cfb/-/cfb-1.2.2.tgz 150786ms (cache miss)
1975 http fetch GET 200 https://registry.npmjs.org/bytes/-/bytes-3.1.2.tgz 150972ms (cache miss)
1976 http fetch GET 200 https://registry.npmjs.org/camelcase-css/-/camelcase-css-2.0.1.tgz 151116ms (cache miss)
1977 http fetch GET 200 https://registry.npmjs.org/buffer-equal-constant-time/-/buffer-equal-constant-time-1.0.1.tgz 151120ms (cache miss)
1978 http fetch GET 200 https://registry.npmjs.org/busboy/-/busboy-1.6.0.tgz 151121ms (cache miss)
1979 http fetch GET 200 https://registry.npmjs.org/date-fns/-/date-fns-3.6.0.tgz 151152ms (cache miss)
1980 http fetch GET 200 https://registry.npmjs.org/braces/-/braces-3.0.3.tgz 151219ms (cache miss)
1981 http fetch GET 200 https://registry.npmjs.org/binary-extensions/-/binary-extensions-2.3.0.tgz 151368ms (cache miss)
1982 http fetch GET 200 https://registry.npmjs.org/base64-js/-/base64-js-1.5.1.tgz 151479ms (cache miss)
1983 http fetch GET 200 https://registry.npmjs.org/bcryptjs/-/bcryptjs-3.0.3.tgz 151489ms (cache miss)
1984 http fetch GET 200 https://registry.npmjs.org/balanced-match/-/balanced-match-1.0.2.tgz 151494ms (cache miss)
1985 http fetch GET 200 https://registry.npmjs.org/asynckit/-/asynckit-0.4.0.tgz 151508ms (cache miss)
1986 http fetch GET 200 https://registry.npmjs.org/async-retry/-/async-retry-1.3.3.tgz 151549ms (cache miss)
1987 http fetch GET 200 https://registry.npmjs.org/arrify/-/arrify-2.0.1.tgz 151642ms (cache miss)
1988 http fetch GET 200 https://registry.npmjs.org/async-mutex/-/async-mutex-0.5.0.tgz 151677ms (cache miss)
1989 http fetch GET 200 https://registry.npmjs.org/argparse/-/argparse-2.0.1.tgz 151677ms (cache miss)
1990 http fetch GET 200 https://registry.npmjs.org/codepage/-/codepage-1.15.0.tgz 151766ms (cache miss)
1991 http fetch GET 200 https://registry.npmjs.org/array-flatten/-/array-flatten-1.1.1.tgz 151762ms (cache miss)
1992 http fetch GET 200 https://registry.npmjs.org/arg/-/arg-5.0.2.tgz 151823ms (cache miss)
1993 http fetch GET 200 https://registry.npmjs.org/anymatch/-/anymatch-3.1.3.tgz 151879ms (cache miss)
1994 http fetch GET 200 https://registry.npmjs.org/ajv-formats/-/ajv-formats-3.0.1.tgz 151892ms (cache miss)
1995 http fetch GET 200 https://registry.npmjs.org/adler-32/-/adler-32-1.3.1.tgz 151903ms (cache miss)
1996 http fetch GET 200 https://registry.npmjs.org/any-promise/-/any-promise-1.3.0.tgz 151915ms (cache miss)
1997 http fetch GET 200 https://registry.npmjs.org/acorn-import-attributes/-/acorn-import-attributes-1.9.5.tgz 151918ms (cache miss)
1998 http fetch GET 200 https://registry.npmjs.org/acorn/-/acorn-8.15.0.tgz 152044ms (cache miss)
1999 http fetch GET 200 https://registry.npmjs.org/accepts/-/accepts-1.3.8.tgz 152045ms (cache miss)
2000 http fetch GET 200 https://registry.npmjs.org/abort-controller/-/abort-controller-3.0.0.tgz 152053ms (cache miss)
2001 http fetch GET 200 https://registry.npmjs.org/uuid/-/uuid-9.0.1.tgz 152106ms (cache miss)
2002 http fetch GET 200 https://registry.npmjs.org/uuid/-/uuid-8.3.2.tgz 152132ms (cache miss)
2003 http fetch GET 200 https://registry.npmjs.org/mime/-/mime-1.6.0.tgz 152153ms (cache miss)
2004 http fetch GET 200 https://registry.npmjs.org/uuid/-/uuid-9.0.1.tgz 152172ms (cache miss)
2005 http fetch GET 200 https://registry.npmjs.org/semver/-/semver-6.3.1.tgz 152173ms (cache miss)
2006 http fetch GET 200 https://registry.npmjs.org/uuid/-/uuid-11.1.0.tgz 152220ms (cache miss)
2007 http fetch GET 200 https://registry.npmjs.org/form-data/-/form-data-2.5.5.tgz 152226ms (cache miss)
2008 http fetch GET 200 https://registry.npmjs.org/uuid/-/uuid-8.3.2.tgz 152243ms (cache miss)
2009 warn deprecated uuid@8.3.2: uuid@10 and below is no longer supported.  For ESM codebases, update to uuid@latest.  For CommonJS codebases, use uuid@11 (but be aware this version will likely be deprecated in 2028).
2010 http fetch GET 200 https://registry.npmjs.org/cookie/-/cookie-1.1.1.tgz 152256ms (cache miss)
2011 http fetch GET 200 https://registry.npmjs.org/uuid/-/uuid-9.0.1.tgz 152272ms (cache miss)
2012 http fetch GET 200 https://registry.npmjs.org/uuid/-/uuid-8.3.2.tgz 152274ms (cache miss)
2013 http fetch GET 200 https://registry.npmjs.org/@grpc/proto-loader/-/proto-loader-0.8.0.tgz 152296ms (cache miss)
2014 http fetch GET 200 https://registry.npmjs.org/uuid/-/uuid-8.3.2.tgz 152316ms (cache miss)
2015 http fetch GET 200 https://registry.npmjs.org/@types/d3-path/-/d3-path-1.0.11.tgz 152981ms (cache miss)
2016 http fetch GET 200 https://registry.npmjs.org/@opentelemetry/semantic-conventions/-/semantic-conventions-1.25.1.tgz 153117ms (cache miss)
2017 http fetch GET 200 https://registry.npmjs.org/@opentelemetry/semantic-conventions/-/semantic-conventions-1.25.1.tgz 153129ms (cache miss)
2018 http fetch GET 200 https://registry.npmjs.org/@opentelemetry/semantic-conventions/-/semantic-conventions-1.25.1.tgz 153131ms (cache miss)
2019 http fetch GET 200 https://registry.npmjs.org/@types/d3-shape/-/d3-shape-1.3.12.tgz 153151ms (cache miss)
2020 http fetch GET 200 https://registry.npmjs.org/@opentelemetry/semantic-conventions/-/semantic-conventions-1.25.1.tgz 153155ms (cache miss)
2021 http fetch GET 200 https://registry.npmjs.org/@opentelemetry/core/-/core-1.30.1.tgz 153357ms (cache miss)
2022 http fetch GET 200 https://registry.npmjs.org/@opentelemetry/core/-/core-1.30.1.tgz 153362ms (cache miss)
2023 http fetch GET 200 https://registry.npmjs.org/@opentelemetry/semantic-conventions/-/semantic-conventions-1.25.1.tgz 153774ms (cache miss)
2024 http fetch GET 200 https://registry.npmjs.org/strip-ansi/-/strip-ansi-6.0.1.tgz 153835ms (cache miss)
2025 http fetch GET 200 https://registry.npmjs.org/string-width/-/string-width-4.2.3.tgz 153901ms (cache miss)
2026 http fetch GET 200 https://registry.npmjs.org/@opentelemetry/semantic-conventions/-/semantic-conventions-1.25.1.tgz 153943ms (cache miss)
2027 http fetch GET 200 https://registry.npmjs.org/emoji-regex/-/emoji-regex-8.0.0.tgz 153970ms (cache miss)
2028 http fetch GET 200 https://registry.npmjs.org/async/-/async-3.2.6.tgz 154007ms (cache miss)
2029 http fetch GET 200 https://registry.npmjs.org/arg/-/arg-4.1.3.tgz 154027ms (cache miss)
2030 http fetch GET 200 https://registry.npmjs.org/ansi-regex/-/ansi-regex-5.0.1.tgz 154029ms (cache miss)
2031 http fetch GET 200 https://registry.npmjs.org/@opentelemetry/semantic-conventions/-/semantic-conventions-1.28.0.tgz 154222ms (cache miss)
2032 http fetch GET 200 https://registry.npmjs.org/long/-/long-2.4.0.tgz 154264ms (cache miss)
2033 http fetch GET 200 https://registry.npmjs.org/minimatch/-/minimatch-3.1.2.tgz 154287ms (cache miss)
2034 http fetch GET 200 https://registry.npmjs.org/@jridgewell/trace-mapping/-/trace-mapping-0.3.9.tgz 154308ms (cache miss)
2035 http fetch GET 200 https://registry.npmjs.org/glob/-/glob-7.2.3.tgz 154308ms (cache miss)
2036 warn deprecated glob@7.2.3: Glob versions prior to v9 are no longer supported
2037 http fetch GET 200 https://registry.npmjs.org/brace-expansion/-/brace-expansion-1.1.11.tgz 154341ms (cache miss)
2038 http fetch GET 200 https://registry.npmjs.org/ansi-styles/-/ansi-styles-4.3.0.tgz 154352ms (cache miss)
2039 http fetch GET 200 https://registry.npmjs.org/ms/-/ms-2.1.3.tgz 154500ms (cache miss)
2040 http fetch GET 200 https://registry.npmjs.org/yargs/-/yargs-15.4.1.tgz 154548ms (cache miss)
2041 http fetch GET 200 https://registry.npmjs.org/debug/-/debug-4.4.3.tgz 154603ms (cache miss)
2042 http fetch GET 200 https://registry.npmjs.org/@opentelemetry/semantic-conventions/-/semantic-conventions-1.28.0.tgz 154706ms (cache miss)
2043 http fetch GET 200 https://registry.npmjs.org/yargs-parser/-/yargs-parser-18.1.3.tgz 154721ms (cache miss)
2044 http fetch GET 200 https://registry.npmjs.org/y18n/-/y18n-4.0.3.tgz 154743ms (cache miss)
2045 http fetch GET 200 https://registry.npmjs.org/wrap-ansi/-/wrap-ansi-6.2.0.tgz 154743ms (cache miss)
2046 http fetch GET 200 https://registry.npmjs.org/cliui/-/cliui-6.0.0.tgz 154751ms (cache miss)
2047 http fetch GET 200 https://registry.npmjs.org/string-width/-/string-width-4.2.3.tgz 154752ms (cache miss)
2048 http fetch GET 200 https://registry.npmjs.org/ansi-styles/-/ansi-styles-4.3.0.tgz 154800ms (cache miss)
2049 http fetch GET 200 https://registry.npmjs.org/react-is/-/react-is-16.13.1.tgz 154801ms (cache miss)
2050 http fetch GET 200 https://registry.npmjs.org/ansi-regex/-/ansi-regex-5.0.1.tgz 154811ms (cache miss)
2051 http fetch GET 200 https://registry.npmjs.org/open/-/open-7.4.2.tgz 154815ms (cache miss)
2052 http fetch GET 200 https://registry.npmjs.org/strip-ansi/-/strip-ansi-6.0.1.tgz 154820ms (cache miss)
2053 http fetch GET 200 https://registry.npmjs.org/emoji-regex/-/emoji-regex-8.0.0.tgz 154850ms (cache miss)
2054 http fetch GET 200 https://registry.npmjs.org/is-wsl/-/is-wsl-2.2.0.tgz 154861ms (cache miss)
2055 http fetch GET 200 https://registry.npmjs.org/ms/-/ms-2.1.3.tgz 154868ms (cache miss)
2056 http fetch GET 200 https://registry.npmjs.org/postcss/-/postcss-8.4.31.tgz 154880ms (cache miss)
2057 http fetch GET 200 https://registry.npmjs.org/ms/-/ms-2.1.3.tgz 154917ms (cache miss)
2058 http fetch GET 200 https://registry.npmjs.org/debug/-/debug-4.4.0.tgz 154924ms (cache miss)
2059 http fetch GET 200 https://registry.npmjs.org/uuid/-/uuid-9.0.1.tgz 154933ms (cache miss)
2060 http fetch GET 200 https://registry.npmjs.org/uuid/-/uuid-9.0.1.tgz 154946ms (cache miss)
2061 http fetch GET 200 https://registry.npmjs.org/node-fetch/-/node-fetch-2.7.0.tgz 154951ms (cache miss)
2062 http fetch GET 200 https://registry.npmjs.org/uuid/-/uuid-9.0.1.tgz 155004ms (cache miss)
2063 http fetch GET 200 https://registry.npmjs.org/ms/-/ms-2.1.3.tgz 155014ms (cache miss)
2064 http fetch GET 200 https://registry.npmjs.org/glob-parent/-/glob-parent-5.1.2.tgz 155018ms (cache miss)
2065 http fetch GET 200 https://registry.npmjs.org/debug/-/debug-4.4.0.tgz 155024ms (cache miss)
2066 http fetch GET 200 https://registry.npmjs.org/node-fetch/-/node-fetch-2.7.0.tgz 155071ms (cache miss)
2067 http fetch GET 200 https://registry.npmjs.org/strip-ansi/-/strip-ansi-6.0.1.tgz 155086ms (cache miss)
2068 http fetch GET 200 https://registry.npmjs.org/emoji-regex/-/emoji-regex-8.0.0.tgz 155086ms (cache miss)
2069 http fetch GET 200 https://registry.npmjs.org/string-width/-/string-width-4.2.3.tgz 155089ms (cache miss)
2070 http fetch GET 200 https://registry.npmjs.org/ansi-styles/-/ansi-styles-4.3.0.tgz 155095ms (cache miss)
2071 http fetch GET 200 https://registry.npmjs.org/ansi-regex/-/ansi-regex-5.0.1.tgz 155160ms (cache miss)
2072 http fetch GET 200 https://registry.npmjs.org/wrap-ansi/-/wrap-ansi-7.0.0.tgz 155161ms (cache miss)
2073 http fetch GET 200 https://registry.npmjs.org/glob-parent/-/glob-parent-5.1.2.tgz 155174ms (cache miss)
2074 http fetch GET 200 https://registry.npmjs.org/ansi-styles/-/ansi-styles-4.3.0.tgz 155187ms (cache miss)
2075 http fetch GET 200 https://registry.npmjs.org/uuid 154236ms (cache miss)
2076 silly packumentCache corgi:https://registry.npmjs.org/uuid set size:undefined disposed:false
2077 http fetch GET 200 https://registry.npmjs.org/@babel%2fruntime 154242ms (cache miss)
2078 silly packumentCache corgi:https://registry.npmjs.org/@babel%2fruntime set size:undefined disposed:false
2079 http fetch GET 200 https://registry.npmjs.org/ajv 154338ms (cache miss)
2080 silly packumentCache corgi:https://registry.npmjs.org/ajv set size:undefined disposed:false
2081 http fetch GET 200 https://registry.npmjs.org/@grpc%2fgrpc-js 154370ms (cache miss)
2082 silly packumentCache corgi:https://registry.npmjs.org/@grpc%2fgrpc-js set size:undefined disposed:false
2083 http fetch GET 200 https://registry.npmjs.org/body-parser 154391ms (cache miss)
2084 silly packumentCache corgi:https://registry.npmjs.org/body-parser set size:undefined disposed:false
2085 http fetch GET 200 https://registry.npmjs.org/qs 154420ms (cache miss)
2086 silly packumentCache corgi:https://registry.npmjs.org/qs set size:undefined disposed:false
2087 http fetch GET 200 https://registry.npmjs.org/commander/-/commander-11.1.0.tgz 155533ms (cache miss)
2088 http fetch GET 200 https://registry.npmjs.org/@protobufjs%2futf8 154479ms (cache miss)
2089 silly packumentCache corgi:https://registry.npmjs.org/@protobufjs%2futf8 set size:undefined disposed:false
2090 http fetch GET 200 https://registry.npmjs.org/@tootallnate%2fonce 154504ms (cache miss)
2091 silly packumentCache corgi:https://registry.npmjs.org/@tootallnate%2fonce set size:undefined disposed:false
2092 http fetch GET 200 https://registry.npmjs.org/form-data 154527ms (cache miss)
2093 silly packumentCache corgi:https://registry.npmjs.org/form-data set size:undefined disposed:false
2094 http fetch GET 200 https://registry.npmjs.org/brace-expansion 154596ms (cache miss)
2095 silly packumentCache corgi:https://registry.npmjs.org/brace-expansion set size:undefined disposed:false
2096 http fetch GET 200 https://registry.npmjs.org/glob 154655ms (cache miss)
2097 silly packumentCache corgi:https://registry.npmjs.org/glob set size:undefined disposed:false
2098 http fetch GET 200 https://registry.npmjs.org/minimatch 154690ms (cache miss)
2099 silly packumentCache corgi:https://registry.npmjs.org/minimatch set size:undefined disposed:false
2100 http fetch GET 200 https://registry.npmjs.org/axios 154808ms (cache miss)
2101 silly packumentCache corgi:https://registry.npmjs.org/axios set size:undefined disposed:false
2102 http fetch GET 200 https://registry.npmjs.org/@opentelemetry%2fcore 154950ms (cache miss)
2103 silly packumentCache corgi:https://registry.npmjs.org/@opentelemetry%2fcore set size:undefined disposed:false
2104 http fetch GET 200 https://registry.npmjs.org/tmp 154996ms (cache miss)
2105 silly packumentCache corgi:https://registry.npmjs.org/tmp set size:undefined disposed:false
2106 http fetch GET 200 https://registry.npmjs.org/@opentelemetry%2fauto-instrumentations-node 155195ms (cache miss)
2107 silly packumentCache corgi:https://registry.npmjs.org/@opentelemetry%2fauto-instrumentations-node set size:undefined disposed:false
2108 http fetch GET 200 https://registry.npmjs.org/@modelcontextprotocol%2fsdk 155420ms (cache miss)
2109 silly packumentCache corgi:https://registry.npmjs.org/@modelcontextprotocol%2fsdk set size:undefined disposed:false
2110 http fetch GET 200 https://registry.npmjs.org/fast-uri 155427ms (cache miss)
2111 silly packumentCache corgi:https://registry.npmjs.org/fast-uri set size:undefined disposed:false
2112 http fetch GET 200 https://registry.npmjs.org/fast-xml-parser 155508ms (cache miss)
2113 silly packumentCache corgi:https://registry.npmjs.org/fast-xml-parser set size:undefined disposed:false
2114 http fetch GET 200 https://registry.npmjs.org/follow-redirects 155955ms (cache miss)
2115 silly packumentCache corgi:https://registry.npmjs.org/follow-redirects set size:undefined disposed:false
2116 http fetch GET 200 https://registry.npmjs.org/@trpc%2fserver 156163ms (cache miss)
2117 silly packumentCache corgi:https://registry.npmjs.org/@trpc%2fserver set size:undefined disposed:false
2118 http fetch GET 200 https://registry.npmjs.org/diff 156191ms (cache miss)
2119 silly packumentCache corgi:https://registry.npmjs.org/diff set size:undefined disposed:false
2120 http fetch GET 200 https://registry.npmjs.org/@opentelemetry%2fpropagator-jaeger 156395ms (cache miss)
2121 silly packumentCache corgi:https://registry.npmjs.org/@opentelemetry%2fpropagator-jaeger set size:undefined disposed:false
2122 http fetch GET 200 https://registry.npmjs.org/extract-zip 156413ms (cache miss)
2123 silly packumentCache corgi:https://registry.npmjs.org/extract-zip set size:undefined disposed:false
2124 http fetch GET 200 https://registry.npmjs.org/adm-zip 156453ms (cache miss)
2125 silly packumentCache corgi:https://registry.npmjs.org/adm-zip set size:undefined disposed:false
2126 http fetch GET 200 https://registry.npmjs.org/@opentelemetry%2fsdk-node 156465ms (cache miss)
2127 silly packumentCache corgi:https://registry.npmjs.org/@opentelemetry%2fsdk-node set size:undefined disposed:false
2128 http fetch GET 200 https://registry.npmjs.org/js-yaml 156518ms (cache miss)
2129 silly packumentCache corgi:https://registry.npmjs.org/js-yaml set size:undefined disposed:false
2130 http fetch GET 200 https://registry.npmjs.org/jodit 156814ms (cache miss)
2131 silly packumentCache corgi:https://registry.npmjs.org/jodit set size:undefined disposed:false
2132 http fetch GET 200 https://registry.npmjs.org/handlebars 156864ms (cache miss)
2133 silly packumentCache corgi:https://registry.npmjs.org/handlebars set size:undefined disposed:false
2134 http fetch GET 200 https://registry.npmjs.org/lodash 156945ms (cache miss)
2135 silly packumentCache corgi:https://registry.npmjs.org/lodash set size:undefined disposed:false
2136 http fetch GET 200 https://registry.npmjs.org/nanoid 157120ms (cache miss)
2137 silly packumentCache corgi:https://registry.npmjs.org/nanoid set size:undefined disposed:false
2138 http fetch GET 200 https://registry.npmjs.org/node-forge 157260ms (cache miss)
2139 silly packumentCache corgi:https://registry.npmjs.org/node-forge set size:undefined disposed:false
2140 http fetch GET 200 https://registry.npmjs.org/json-2-csv 157444ms (cache miss)
2141 silly packumentCache corgi:https://registry.npmjs.org/json-2-csv set size:undefined disposed:false
2142 http fetch GET 200 https://registry.npmjs.org/@opentelemetry/semantic-conventions/-/semantic-conventions-1.25.1.tgz 158752ms (cache miss)
2143 http fetch GET 200 https://registry.npmjs.org/jws 157709ms (cache miss)
2144 silly packumentCache corgi:https://registry.npmjs.org/jws set size:undefined disposed:false
2145 http fetch GET 200 https://registry.npmjs.org/path-to-regexp 157757ms (cache miss)
2146 silly packumentCache corgi:https://registry.npmjs.org/path-to-regexp set size:undefined disposed:false
2147 http fetch GET 200 https://registry.npmjs.org/picomatch 157810ms (cache miss)
2148 silly packumentCache corgi:https://registry.npmjs.org/picomatch set size:undefined disposed:false
2149 http fetch GET 200 https://registry.npmjs.org/nodemailer 157996ms (cache miss)
2150 silly packumentCache corgi:https://registry.npmjs.org/nodemailer set size:undefined disposed:false
2151 http fetch GET 200 https://registry.npmjs.org/protobufjs 158126ms (cache miss)
2152 silly packumentCache corgi:https://registry.npmjs.org/protobufjs set size:undefined disposed:false
2153 http fetch GET 200 https://registry.npmjs.org/sharp 158377ms (cache miss)
2154 silly packumentCache corgi:https://registry.npmjs.org/sharp set size:undefined disposed:false
2155 http fetch GET 200 https://registry.npmjs.org/websocket-driver 158504ms (cache miss)
2156 silly packumentCache corgi:https://registry.npmjs.org/websocket-driver set size:undefined disposed:false
2157 http fetch GET 200 https://registry.npmjs.org/postcss-selector-parser 158550ms (cache miss)
2158 silly packumentCache corgi:https://registry.npmjs.org/postcss-selector-parser set size:undefined disposed:false
2159 http fetch GET 200 https://registry.npmjs.org/yaml 158846ms (cache miss)
2160 silly packumentCache corgi:https://registry.npmjs.org/yaml set size:undefined disposed:false
2161 http fetch GET 200 https://registry.npmjs.org/xlsx 159037ms (cache miss)
2162 silly packumentCache corgi:https://registry.npmjs.org/xlsx set size:undefined disposed:false
2163 http fetch GET 200 https://registry.npmjs.org/next 159983ms (cache miss)
2164 silly packumentCache corgi:https://registry.npmjs.org/next set size:undefined disposed:false
2165 http fetch GET 200 https://registry.npmjs.org/ws 162646ms (cache miss)
2166 silly packumentCache corgi:https://registry.npmjs.org/ws set size:undefined disposed:false
2167 http fetch GET 200 https://registry.npmjs.org/postcss 162654ms (cache miss)
2168 silly packumentCache corgi:https://registry.npmjs.org/postcss set size:undefined disposed:false
2169 silly packumentCache corgi:https://registry.npmjs.org/dom-helpers cache-miss
2170 silly packumentCache corgi:https://registry.npmjs.org/react-transition-group cache-miss
2171 http fetch GET 200 https://registry.npmjs.org/dom-helpers 357ms (cache miss)
2172 silly packumentCache corgi:https://registry.npmjs.org/dom-helpers set size:undefined disposed:false
2173 http fetch GET 200 https://registry.npmjs.org/react-transition-group 386ms (cache miss)
2174 silly packumentCache corgi:https://registry.npmjs.org/react-transition-group set size:undefined disposed:false
2175 silly packumentCache corgi:https://registry.npmjs.org/@genkit-ai%2ftools-common cache-miss
2176 silly packumentCache corgi:https://registry.npmjs.org/@google-cloud%2flogging cache-miss
2177 silly packumentCache corgi:https://registry.npmjs.org/@google-cloud%2fstorage cache-miss
2178 silly packumentCache corgi:https://registry.npmjs.org/eventid cache-miss
2179 silly packumentCache corgi:https://registry.npmjs.org/exceljs cache-miss
2180 silly packumentCache corgi:https://registry.npmjs.org/firebase-admin cache-miss
2181 silly packumentCache corgi:https://registry.npmjs.org/gaxios cache-miss
2182 silly packumentCache corgi:https://registry.npmjs.org/google-gax cache-miss
2183 silly packumentCache corgi:https://registry.npmjs.org/googleapis-common cache-miss
2184 silly packumentCache corgi:https://registry.npmjs.org/jaeger-client cache-miss
2185 silly packumentCache corgi:https://registry.npmjs.org/teeny-request cache-miss
2186 silly packumentCache corgi:https://registry.npmjs.org/@genkit-ai%2fai cache-miss
2187 silly packumentCache corgi:https://registry.npmjs.org/genkit cache-miss
2188 http fetch GET 200 https://registry.npmjs.org/teeny-request 424ms (cache miss)
2189 silly packumentCache corgi:https://registry.npmjs.org/teeny-request set size:undefined disposed:false
2190 http fetch GET 200 https://registry.npmjs.org/exceljs 481ms (cache miss)
2191 silly packumentCache corgi:https://registry.npmjs.org/exceljs set size:undefined disposed:false
2192 http fetch GET 200 https://registry.npmjs.org/jaeger-client 510ms (cache miss)
2193 silly packumentCache corgi:https://registry.npmjs.org/jaeger-client set size:undefined disposed:false
2194 http fetch GET 200 https://registry.npmjs.org/eventid 885ms (cache miss)
2195 silly packumentCache corgi:https://registry.npmjs.org/eventid set size:undefined disposed:false
2196 http fetch GET 200 https://registry.npmjs.org/firebase-admin 920ms (cache miss)
2197 silly packumentCache corgi:https://registry.npmjs.org/firebase-admin set size:undefined disposed:false
2198 http fetch GET 200 https://registry.npmjs.org/gaxios 1129ms (cache miss)
2199 silly packumentCache corgi:https://registry.npmjs.org/gaxios set size:undefined disposed:false
2200 http fetch GET 200 https://registry.npmjs.org/genkit 1169ms (cache miss)
2201 silly packumentCache corgi:https://registry.npmjs.org/genkit set size:undefined disposed:false
2202 http fetch GET 200 https://registry.npmjs.org/googleapis-common 1199ms (cache miss)
2203 silly packumentCache corgi:https://registry.npmjs.org/googleapis-common set size:undefined disposed:false
2204 http fetch GET 200 https://registry.npmjs.org/@genkit-ai%2ftools-common 1318ms (cache miss)
2205 silly packumentCache corgi:https://registry.npmjs.org/@genkit-ai%2ftools-common set size:undefined disposed:false
2206 http fetch GET 200 https://registry.npmjs.org/@google-cloud%2fstorage 1367ms (cache miss)
2207 silly packumentCache corgi:https://registry.npmjs.org/@google-cloud%2fstorage set size:undefined disposed:false
2208 http fetch GET 200 https://registry.npmjs.org/@genkit-ai%2fai 1473ms (cache miss)
2209 silly packumentCache corgi:https://registry.npmjs.org/@genkit-ai%2fai set size:undefined disposed:false
2210 http fetch GET 200 https://registry.npmjs.org/@google-cloud%2flogging 1637ms (cache miss)
2211 silly packumentCache corgi:https://registry.npmjs.org/@google-cloud%2flogging set size:undefined disposed:false
2212 http fetch GET 200 https://registry.npmjs.org/next/-/next-15.3.8.tgz 166702ms (cache miss)
2213 http fetch GET 200 https://registry.npmjs.org/lucide-react/-/lucide-react-0.475.0.tgz 167054ms (cache miss)
2214 http fetch GET 200 https://registry.npmjs.org/google-gax 2912ms (cache miss)
2215 silly packumentCache corgi:https://registry.npmjs.org/google-gax set size:undefined disposed:false
2216 silly packumentCache corgi:https://registry.npmjs.org/@google-cloud%2fopentelemetry-cloud-trace-exporter cache-miss
2217 silly packumentCache corgi:https://registry.npmjs.org/@opentelemetry%2fexporter-trace-otlp-grpc cache-miss
2218 silly packumentCache corgi:https://registry.npmjs.org/@opentelemetry%2fotlp-grpc-exporter-base cache-miss
2219 http fetch GET 200 https://registry.npmjs.org/@opentelemetry%2fexporter-trace-otlp-grpc 1032ms (cache miss)
2220 silly packumentCache corgi:https://registry.npmjs.org/@opentelemetry%2fexporter-trace-otlp-grpc set size:undefined disposed:false
2221 http fetch GET 200 https://registry.npmjs.org/@google-cloud%2fopentelemetry-cloud-trace-exporter 1128ms (cache miss)
2222 silly packumentCache corgi:https://registry.npmjs.org/@google-cloud%2fopentelemetry-cloud-trace-exporter set size:undefined disposed:false
2223 http fetch GET 200 https://registry.npmjs.org/@opentelemetry%2fotlp-grpc-exporter-base 1166ms (cache miss)
2224 silly packumentCache corgi:https://registry.npmjs.org/@opentelemetry%2fotlp-grpc-exporter-base set size:undefined disposed:false
2225 silly packumentCache corgi:https://registry.npmjs.org/genkit-cli cache-miss
2226 http fetch GET 200 https://registry.npmjs.org/genkit-cli 741ms (cache miss)
2227 silly packumentCache corgi:https://registry.npmjs.org/genkit-cli set size:undefined disposed:false
2228 silly packumentCache corgi:https://registry.npmjs.org/@genkit-ai%2fcore cache-miss
2229 silly packumentCache corgi:https://registry.npmjs.org/ajv-formats cache-miss
2230 http fetch GET 200 https://registry.npmjs.org/ajv-formats 729ms (cache miss)
2231 silly packumentCache corgi:https://registry.npmjs.org/ajv-formats set size:undefined disposed:false
2232 http fetch GET 200 https://registry.npmjs.org/@genkit-ai%2fcore 1396ms (cache miss)
2233 silly packumentCache corgi:https://registry.npmjs.org/@genkit-ai%2fcore set size:undefined disposed:false
2234 silly packumentCache corgi:https://registry.npmjs.org/express cache-miss
2235 http fetch GET 200 https://registry.npmjs.org/express 112ms (cache miss)
2236 silly packumentCache corgi:https://registry.npmjs.org/express set size:undefined disposed:false
2237 silly packumentCache corgi:https://registry.npmjs.org/@genkit-ai%2fgoogle-cloud cache-miss
2238 http fetch GET 200 https://registry.npmjs.org/@genkit-ai%2fgoogle-cloud 948ms (cache miss)
2239 silly packumentCache corgi:https://registry.npmjs.org/@genkit-ai%2fgoogle-cloud set size:undefined disposed:false
2240 silly packumentCache corgi:https://registry.npmjs.org/@genkit-ai%2ftelemetry-server cache-miss
2241 silly packumentCache corgi:https://registry.npmjs.org/@google-cloud%2fopentelemetry-cloud-monitoring-exporter cache-miss
2242 silly packumentCache corgi:https://registry.npmjs.org/@opentelemetry%2fexporter-trace-otlp-http cache-miss
2243 silly packumentCache corgi:https://registry.npmjs.org/@opentelemetry%2fexporter-trace-otlp-proto cache-miss
2244 silly packumentCache corgi:https://registry.npmjs.org/@opentelemetry%2fexporter-zipkin cache-miss
2245 silly packumentCache corgi:https://registry.npmjs.org/@opentelemetry%2finstrumentation-amqplib cache-miss
2246 silly packumentCache corgi:https://registry.npmjs.org/@opentelemetry%2finstrumentation-aws-sdk cache-miss
2247 silly packumentCache corgi:https://registry.npmjs.org/@opentelemetry%2finstrumentation-connect cache-miss
2248 silly packumentCache corgi:https://registry.npmjs.org/@opentelemetry%2finstrumentation-express cache-miss
2249 silly packumentCache corgi:https://registry.npmjs.org/@opentelemetry%2finstrumentation-fastify cache-miss
2250 silly packumentCache corgi:https://registry.npmjs.org/@opentelemetry%2finstrumentation-fs cache-miss
2251 silly packumentCache corgi:https://registry.npmjs.org/@opentelemetry%2finstrumentation-hapi cache-miss
2252 silly packumentCache corgi:https://registry.npmjs.org/@opentelemetry%2finstrumentation-http cache-miss
2253 silly packumentCache corgi:https://registry.npmjs.org/@opentelemetry%2finstrumentation-koa cache-miss
2254 silly packumentCache corgi:https://registry.npmjs.org/@opentelemetry%2finstrumentation-mongoose cache-miss
2255 silly packumentCache corgi:https://registry.npmjs.org/@opentelemetry%2finstrumentation-pino cache-miss
2256 silly packumentCache corgi:https://registry.npmjs.org/@opentelemetry%2finstrumentation-restify cache-miss
2257 silly packumentCache corgi:https://registry.npmjs.org/@opentelemetry%2finstrumentation-undici cache-miss
2258 silly packumentCache corgi:https://registry.npmjs.org/@opentelemetry%2fotlp-exporter-base cache-miss
2259 silly packumentCache corgi:https://registry.npmjs.org/@opentelemetry%2fotlp-transformer cache-miss
2260 silly packumentCache corgi:https://registry.npmjs.org/@opentelemetry%2fpropagator-b3 cache-miss
2261 silly packumentCache corgi:https://registry.npmjs.org/@opentelemetry%2fresource-detector-aws cache-miss
2262 silly packumentCache corgi:https://registry.npmjs.org/@opentelemetry%2fresource-detector-azure cache-miss
2263 silly packumentCache corgi:https://registry.npmjs.org/@opentelemetry%2fresource-detector-gcp cache-miss
2264 silly packumentCache corgi:https://registry.npmjs.org/@opentelemetry%2fresources cache-miss
2265 silly packumentCache corgi:https://registry.npmjs.org/@opentelemetry%2fsdk-logs cache-miss
2266 silly packumentCache corgi:https://registry.npmjs.org/@opentelemetry%2fsdk-metrics cache-miss
2267 silly packumentCache corgi:https://registry.npmjs.org/@opentelemetry%2fsdk-trace-base cache-miss
2268 silly packumentCache corgi:https://registry.npmjs.org/@opentelemetry%2fsdk-trace-node cache-miss
2269 silly packumentCache corgi:https://registry.npmjs.org/@opentelemetry%2fsql-common cache-miss
2270 silly packumentCache corgi:https://registry.npmjs.org/@opentelemetry%2fexporter-jaeger cache-miss
2271 silly packumentCache corgi:https://registry.npmjs.org/@opentelemetry%2fresource-detector-alibaba-cloud cache-miss
2272 silly packumentCache corgi:https://registry.npmjs.org/@opentelemetry%2fresource-detector-container cache-miss
2273 http fetch GET 200 https://registry.npmjs.org/@google-cloud%2fopentelemetry-cloud-monitoring-exporter 909ms (cache miss)
2274 silly packumentCache corgi:https://registry.npmjs.org/@google-cloud%2fopentelemetry-cloud-monitoring-exporter set size:undefined disposed:false
2275 http fetch GET 200 https://registry.npmjs.org/@opentelemetry%2finstrumentation-express 946ms (cache miss)
2276 silly packumentCache corgi:https://registry.npmjs.org/@opentelemetry%2finstrumentation-express set size:undefined disposed:false
2277 http fetch GET 200 https://registry.npmjs.org/@opentelemetry%2fexporter-trace-otlp-http 1012ms (cache miss)
2278 silly packumentCache corgi:https://registry.npmjs.org/@opentelemetry%2fexporter-trace-otlp-http set size:undefined disposed:false
2279 http fetch GET 200 https://registry.npmjs.org/@opentelemetry%2finstrumentation-http 1034ms (cache miss)
2280 silly packumentCache corgi:https://registry.npmjs.org/@opentelemetry%2finstrumentation-http set size:undefined disposed:false
2281 http fetch GET 200 https://registry.npmjs.org/@opentelemetry%2finstrumentation-amqplib 1079ms (cache miss)
2282 silly packumentCache corgi:https://registry.npmjs.org/@opentelemetry%2finstrumentation-amqplib set size:undefined disposed:false
2283 http fetch GET 200 https://registry.npmjs.org/@opentelemetry%2finstrumentation-aws-sdk 1211ms (cache miss)
2284 silly packumentCache corgi:https://registry.npmjs.org/@opentelemetry%2finstrumentation-aws-sdk set size:undefined disposed:false
2285 http fetch GET 200 https://registry.npmjs.org/@opentelemetry%2finstrumentation-hapi 1261ms (cache miss)
2286 silly packumentCache corgi:https://registry.npmjs.org/@opentelemetry%2finstrumentation-hapi set size:undefined disposed:false
2287 http fetch GET 200 https://registry.npmjs.org/@opentelemetry%2fexporter-trace-otlp-proto 1395ms (cache miss)
2288 silly packumentCache corgi:https://registry.npmjs.org/@opentelemetry%2fexporter-trace-otlp-proto set size:undefined disposed:false
2289 http fetch GET 200 https://registry.npmjs.org/@opentelemetry%2finstrumentation-fastify 1445ms (cache miss)
2290 silly packumentCache corgi:https://registry.npmjs.org/@opentelemetry%2finstrumentation-fastify set size:undefined disposed:false
2291 http fetch GET 200 https://registry.npmjs.org/@genkit-ai%2ftelemetry-server 1600ms (cache miss)
2292 silly packumentCache corgi:https://registry.npmjs.org/@genkit-ai%2ftelemetry-server set size:undefined disposed:false
2293 http fetch GET 200 https://registry.npmjs.org/@opentelemetry%2finstrumentation-fs 1606ms (cache miss)
2294 silly packumentCache corgi:https://registry.npmjs.org/@opentelemetry%2finstrumentation-fs set size:undefined disposed:false
2295 http fetch GET 200 https://registry.npmjs.org/@opentelemetry%2finstrumentation-connect 1616ms (cache miss)
2296 silly packumentCache corgi:https://registry.npmjs.org/@opentelemetry%2finstrumentation-connect set size:undefined disposed:false
2297 http fetch GET 200 https://registry.npmjs.org/@opentelemetry%2finstrumentation-mongoose 1779ms (cache miss)
2298 silly packumentCache corgi:https://registry.npmjs.org/@opentelemetry%2finstrumentation-mongoose set size:undefined disposed:false
2299 http fetch GET 200 https://registry.npmjs.org/@opentelemetry%2fexporter-zipkin 1920ms (cache miss)
2300 silly packumentCache corgi:https://registry.npmjs.org/@opentelemetry%2fexporter-zipkin set size:undefined disposed:false
2301 http fetch GET 200 https://registry.npmjs.org/@opentelemetry%2finstrumentation-restify 1930ms (cache miss)
2302 silly packumentCache corgi:https://registry.npmjs.org/@opentelemetry%2finstrumentation-restify set size:undefined disposed:false
2303 http fetch GET 200 https://registry.npmjs.org/@opentelemetry%2finstrumentation-undici 1939ms (cache miss)
2304 silly packumentCache corgi:https://registry.npmjs.org/@opentelemetry%2finstrumentation-undici set size:undefined disposed:false
2305 http fetch GET 200 https://registry.npmjs.org/@opentelemetry%2finstrumentation-pino 2104ms (cache miss)
2306 silly packumentCache corgi:https://registry.npmjs.org/@opentelemetry%2finstrumentation-pino set size:undefined disposed:false
2307 http fetch GET 200 https://registry.npmjs.org/@opentelemetry%2fotlp-transformer 2365ms (cache miss)
2308 silly packumentCache corgi:https://registry.npmjs.org/@opentelemetry%2fotlp-transformer set size:undefined disposed:false
2309 http fetch GET 200 https://registry.npmjs.org/@opentelemetry%2finstrumentation-koa 2415ms (cache miss)
2310 silly packumentCache corgi:https://registry.npmjs.org/@opentelemetry%2finstrumentation-koa set size:undefined disposed:false
2311 http fetch GET 200 https://registry.npmjs.org/@opentelemetry%2fresource-detector-gcp 2478ms (cache miss)
2312 silly packumentCache corgi:https://registry.npmjs.org/@opentelemetry%2fresource-detector-gcp set size:undefined disposed:false
2313 http fetch GET 200 https://registry.npmjs.org/@opentelemetry%2fotlp-exporter-base 2664ms (cache miss)
2314 silly packumentCache corgi:https://registry.npmjs.org/@opentelemetry%2fotlp-exporter-base set size:undefined disposed:false
2315 http fetch GET 200 https://registry.npmjs.org/@opentelemetry%2fresource-detector-azure 2755ms (cache miss)
2316 silly packumentCache corgi:https://registry.npmjs.org/@opentelemetry%2fresource-detector-azure set size:undefined disposed:false
2317 http fetch GET 200 https://registry.npmjs.org/@opentelemetry%2fsdk-metrics 2787ms (cache miss)
2318 silly packumentCache corgi:https://registry.npmjs.org/@opentelemetry%2fsdk-metrics set size:undefined disposed:false
2319 http fetch GET 200 https://registry.npmjs.org/@opentelemetry%2fsql-common 3063ms (cache miss)
2320 silly packumentCache corgi:https://registry.npmjs.org/@opentelemetry%2fsql-common set size:undefined disposed:false
2321 http fetch GET 200 https://registry.npmjs.org/@opentelemetry%2fsdk-trace-base 3080ms (cache miss)
2322 silly packumentCache corgi:https://registry.npmjs.org/@opentelemetry%2fsdk-trace-base set size:undefined disposed:false
2323 http fetch GET 200 https://registry.npmjs.org/@opentelemetry%2fresources 3154ms (cache miss)
2324 silly packumentCache corgi:https://registry.npmjs.org/@opentelemetry%2fresources set size:undefined disposed:false
2325 http fetch GET 200 https://registry.npmjs.org/@opentelemetry%2fsdk-trace-node 3241ms (cache miss)
2326 silly packumentCache corgi:https://registry.npmjs.org/@opentelemetry%2fsdk-trace-node set size:undefined disposed:false
2327 http fetch GET 200 https://registry.npmjs.org/@opentelemetry%2fsdk-logs 3270ms (cache miss)
2328 silly packumentCache corgi:https://registry.npmjs.org/@opentelemetry%2fsdk-logs set size:undefined disposed:false
2329 http fetch GET 200 https://registry.npmjs.org/@opentelemetry%2fpropagator-b3 3328ms (cache miss)
2330 silly packumentCache corgi:https://registry.npmjs.org/@opentelemetry%2fpropagator-b3 set size:undefined disposed:false
2331 http fetch GET 200 https://registry.npmjs.org/@opentelemetry%2fexporter-jaeger 3540ms (cache miss)
2332 silly packumentCache corgi:https://registry.npmjs.org/@opentelemetry%2fexporter-jaeger set size:undefined disposed:false
2333 http fetch GET 200 https://registry.npmjs.org/@opentelemetry%2fresource-detector-alibaba-cloud 3684ms (cache miss)
2334 silly packumentCache corgi:https://registry.npmjs.org/@opentelemetry%2fresource-detector-alibaba-cloud set size:undefined disposed:false
2335 http fetch GET 200 https://registry.npmjs.org/@opentelemetry%2fresource-detector-aws 3806ms (cache miss)
2336 silly packumentCache corgi:https://registry.npmjs.org/@opentelemetry%2fresource-detector-aws set size:undefined disposed:false
2337 http fetch GET 200 https://registry.npmjs.org/@opentelemetry%2fresource-detector-container 3816ms (cache miss)
2338 silly packumentCache corgi:https://registry.npmjs.org/@opentelemetry%2fresource-detector-container set size:undefined disposed:false
2339 silly packumentCache corgi:https://registry.npmjs.org/http-proxy-agent cache-miss
2340 http fetch GET 200 https://registry.npmjs.org/http-proxy-agent 385ms (cache miss)
2341 silly packumentCache corgi:https://registry.npmjs.org/http-proxy-agent set size:undefined disposed:false
2342 silly packumentCache corgi:https://registry.npmjs.org/@types%2frequest cache-miss
2343 http fetch GET 200 https://registry.npmjs.org/@types%2frequest 85ms (cache miss)
2344 silly packumentCache corgi:https://registry.npmjs.org/@types%2frequest set size:undefined disposed:false
2345 silly packumentCache corgi:https://registry.npmjs.org/sucrase cache-miss
2346 http fetch GET 200 https://registry.npmjs.org/sucrase 376ms (cache miss)
2347 silly packumentCache corgi:https://registry.npmjs.org/sucrase set size:undefined disposed:false
2348 silly packumentCache corgi:https://registry.npmjs.org/ts-node cache-miss
2349 http fetch GET 200 https://registry.npmjs.org/ts-node 848ms (cache miss)
2350 silly packumentCache corgi:https://registry.npmjs.org/ts-node set size:undefined disposed:false
2351 silly packumentCache corgi:https://registry.npmjs.org/patch-package cache-miss
2352 http fetch GET 200 https://registry.npmjs.org/patch-package 767ms (cache miss)
2353 silly packumentCache corgi:https://registry.npmjs.org/patch-package set size:undefined disposed:false
2354 silly packumentCache corgi:https://registry.npmjs.org/dotprompt cache-miss
2355 http fetch GET 200 https://registry.npmjs.org/dotprompt 447ms (cache miss)
2356 silly packumentCache corgi:https://registry.npmjs.org/dotprompt set size:undefined disposed:false
2357 silly packumentCache corgi:https://registry.npmjs.org/jodit-react cache-miss
2358 http fetch GET 200 https://registry.npmjs.org/jodit-react 534ms (cache miss)
2359 silly packumentCache corgi:https://registry.npmjs.org/jodit-react set size:undefined disposed:false
2360 silly packumentCache corgi:https://registry.npmjs.org/google-auth-library cache-miss
2361 silly packumentCache corgi:https://registry.npmjs.org/gtoken cache-miss
2362 http fetch GET 200 https://registry.npmjs.org/google-auth-library 611ms (cache miss)
2363 silly packumentCache corgi:https://registry.npmjs.org/google-auth-library set size:undefined disposed:false
2364 http fetch GET 200 https://registry.npmjs.org/gtoken 936ms (cache miss)
2365 silly packumentCache corgi:https://registry.npmjs.org/gtoken set size:undefined disposed:false
2366 silly packumentCache corgi:https://registry.npmjs.org/jsonwebtoken cache-miss
2367 http fetch GET 200 https://registry.npmjs.org/jsonwebtoken 643ms (cache miss)
2368 silly packumentCache corgi:https://registry.npmjs.org/jsonwebtoken set size:undefined disposed:false
2369 silly packumentCache corgi:https://registry.npmjs.org/recharts cache-miss
2370 http fetch GET 200 https://registry.npmjs.org/recharts 482ms (cache miss)
2371 silly packumentCache corgi:https://registry.npmjs.org/recharts set size:undefined disposed:false
2372 silly packumentCache corgi:https://registry.npmjs.org/@genkit-ai%2fnext cache-miss
2373 http fetch GET 200 https://registry.npmjs.org/@genkit-ai%2fnext 1225ms (cache miss)
2374 silly packumentCache corgi:https://registry.npmjs.org/@genkit-ai%2fnext set size:undefined disposed:false
2375 silly packumentCache corgi:https://registry.npmjs.org/postcss-import cache-miss
2376 silly packumentCache corgi:https://registry.npmjs.org/postcss-js cache-miss
2377 silly packumentCache corgi:https://registry.npmjs.org/postcss-load-config cache-miss
2378 silly packumentCache corgi:https://registry.npmjs.org/postcss-nested cache-miss
2379 silly packumentCache corgi:https://registry.npmjs.org/tailwindcss cache-miss
2380 http fetch GET 200 https://registry.npmjs.org/postcss-load-config 631ms (cache miss)
2381 silly packumentCache corgi:https://registry.npmjs.org/postcss-load-config set size:undefined disposed:false
2382 http fetch GET 200 https://registry.npmjs.org/postcss-import 656ms (cache miss)
2383 silly packumentCache corgi:https://registry.npmjs.org/postcss-import set size:undefined disposed:false
2384 http fetch GET 200 https://registry.npmjs.org/postcss-js 664ms (cache miss)
2385 silly packumentCache corgi:https://registry.npmjs.org/postcss-js set size:undefined disposed:false
2386 http fetch GET 200 https://registry.npmjs.org/postcss-nested 873ms (cache miss)
2387 silly packumentCache corgi:https://registry.npmjs.org/postcss-nested set size:undefined disposed:false
2388 http fetch GET 200 https://registry.npmjs.org/tailwindcss 3295ms (cache miss)
2389 silly packumentCache corgi:https://registry.npmjs.org/tailwindcss set size:undefined disposed:false
2390 silly packumentCache corgi:https://registry.npmjs.org/router cache-miss
2391 http fetch GET 200 https://registry.npmjs.org/router 749ms (cache miss)
2392 silly packumentCache corgi:https://registry.npmjs.org/router set size:undefined disposed:false
2393 silly packumentCache corgi:https://registry.npmjs.org/anymatch cache-miss
2394 silly packumentCache corgi:https://registry.npmjs.org/micromatch cache-miss
2395 silly packumentCache corgi:https://registry.npmjs.org/readdirp cache-miss
2396 http fetch GET 200 https://registry.npmjs.org/anymatch 113ms (cache miss)
2397 silly packumentCache corgi:https://registry.npmjs.org/anymatch set size:undefined disposed:false
2398 http fetch GET 200 https://registry.npmjs.org/micromatch 123ms (cache miss)
2399 silly packumentCache corgi:https://registry.npmjs.org/micromatch set size:undefined disposed:false
2400 http fetch GET 200 https://registry.npmjs.org/readdirp 440ms (cache miss)
2401 silly packumentCache corgi:https://registry.npmjs.org/readdirp set size:undefined disposed:false
2402 silly packumentCache corgi:https://registry.npmjs.org/@google-cloud%2ffirestore cache-miss
2403 silly packumentCache corgi:https://registry.npmjs.org/@grpc%2fproto-loader cache-miss
2404 silly packumentCache corgi:https://registry.npmjs.org/proto3-json-serializer cache-miss
2405 http fetch GET 200 https://registry.npmjs.org/proto3-json-serializer 601ms (cache miss)
2406 silly packumentCache corgi:https://registry.npmjs.org/proto3-json-serializer set size:undefined disposed:false
2407 http fetch GET 200 https://registry.npmjs.org/@grpc%2fproto-loader 963ms (cache miss)
2408 silly packumentCache corgi:https://registry.npmjs.org/@grpc%2fproto-loader set size:undefined disposed:false
2409 http fetch GET 200 https://registry.npmjs.org/@google-cloud%2ffirestore 1338ms (cache miss)
2410 silly packumentCache corgi:https://registry.npmjs.org/@google-cloud%2ffirestore set size:undefined disposed:false
2411 silly packumentCache corgi:https://registry.npmjs.org/faye-websocket cache-miss
2412 http fetch GET 200 https://registry.npmjs.org/faye-websocket 621ms (cache miss)
2413 silly packumentCache corgi:https://registry.npmjs.org/faye-websocket set size:undefined disposed:false
2414 silly packumentCache corgi:https://registry.npmjs.org/@supabase%2frealtime-js cache-miss
2415 http fetch GET 200 https://registry.npmjs.org/googleapis/-/googleapis-137.1.0.tgz 190270ms (cache miss)
2416 http fetch GET 200 https://registry.npmjs.org/@supabase%2frealtime-js 1044ms (cache miss)
2417 silly packumentCache corgi:https://registry.npmjs.org/@supabase%2frealtime-js set size:undefined disposed:false
2418 silly packumentCache corgi:https://registry.npmjs.org/openapi3-ts cache-miss
2419 http fetch GET 200 https://registry.npmjs.org/openapi3-ts 366ms (cache miss)
2420 silly packumentCache corgi:https://registry.npmjs.org/openapi3-ts set size:undefined disposed:false
2421 silly packumentCache corgi:https://registry.npmjs.org/@google-cloud%2fcommon cache-miss
2422 silly packumentCache corgi:https://registry.npmjs.org/retry-request cache-miss
2423 http fetch GET 200 https://registry.npmjs.org/retry-request 378ms (cache miss)
2424 silly packumentCache corgi:https://registry.npmjs.org/retry-request set size:undefined disposed:false
2425 http fetch GET 200 https://registry.npmjs.org/@google-cloud%2fcommon 970ms (cache miss)
2426 silly packumentCache corgi:https://registry.npmjs.org/@google-cloud%2fcommon set size:undefined disposed:false
2427 silly packumentCache corgi:https://registry.npmjs.org/gcp-metadata cache-miss
2428 http fetch GET 200 https://registry.npmjs.org/gcp-metadata 704ms (cache miss)
2429 silly packumentCache corgi:https://registry.npmjs.org/gcp-metadata set size:undefined disposed:false
2430 silly packumentCache corgi:https://registry.npmjs.org/@genkit-ai%2ffirebase cache-miss
2431 silly packumentCache corgi:https://registry.npmjs.org/@genkit-ai%2fgoogle-genai cache-miss
2432 http fetch GET 200 https://registry.npmjs.org/@next/swc-darwin-arm64/-/swc-darwin-arm64-15.3.5.tgz 193185ms (cache miss)
2433 info run esbuild@0.25.10 postinstall node_modules/esbuild node install.js
2434 http fetch GET 200 https://registry.npmjs.org/@genkit-ai%2fgoogle-genai 854ms (cache miss)
2435 silly packumentCache corgi:https://registry.npmjs.org/@genkit-ai%2fgoogle-genai set size:undefined disposed:false
2436 http fetch GET 200 https://registry.npmjs.org/@genkit-ai%2ffirebase 976ms (cache miss)
2437 silly packumentCache corgi:https://registry.npmjs.org/@genkit-ai%2ffirebase set size:undefined disposed:false
2438 silly packumentCache corgi:https://registry.npmjs.org/googleapis cache-miss
2439 info run esbuild@0.25.10 postinstall { code: 0, signal: null }
2440 http fetch GET 200 https://registry.npmjs.org/googleapis 920ms (cache miss)
2441 silly packumentCache corgi:https://registry.npmjs.org/googleapis set size:undefined disposed:false
2442 silly packumentCache corgi:https://registry.npmjs.org/@google-cloud%2flogging-winston cache-miss
2443 http fetch GET 200 https://registry.npmjs.org/@google-cloud%2flogging-winston 846ms (cache miss)
2444 silly packumentCache corgi:https://registry.npmjs.org/@google-cloud%2flogging-winston set size:undefined disposed:false
2445 silly packumentCache corgi:https://registry.npmjs.org/express-rate-limit cache-miss
2446 http fetch GET 200 https://registry.npmjs.org/express-rate-limit 603ms (cache miss)
2447 silly packumentCache corgi:https://registry.npmjs.org/express-rate-limit set size:undefined disposed:false
2448 silly packumentCache corgi:https://registry.npmjs.org/@opentelemetry%2finstrumentation-mongodb cache-miss
2449 http fetch GET 200 https://registry.npmjs.org/@opentelemetry%2finstrumentation-mongodb 796ms (cache miss)
2450 silly packumentCache corgi:https://registry.npmjs.org/@opentelemetry%2finstrumentation-mongodb set size:undefined disposed:false
2451 silly packumentCache corgi:https://registry.npmjs.org/@opentelemetry%2finstrumentation-mysql2 cache-miss
2452 silly packumentCache corgi:https://registry.npmjs.org/@opentelemetry%2finstrumentation-pg cache-miss
2453 http fetch GET 200 https://registry.npmjs.org/@opentelemetry%2finstrumentation-pg 1100ms (cache miss)
2454 silly packumentCache corgi:https://registry.npmjs.org/@opentelemetry%2finstrumentation-pg set size:undefined disposed:false
2455 http fetch GET 200 https://registry.npmjs.org/@opentelemetry%2finstrumentation-mysql2 1120ms (cache miss)
2456 silly packumentCache corgi:https://registry.npmjs.org/@opentelemetry%2finstrumentation-mysql2 set size:undefined disposed:false
2457 silly packumentCache corgi:https://registry.npmjs.org/@google-cloud%2fopentelemetry-resource-util cache-miss
2458 silly packumentCache corgi:https://registry.npmjs.org/@opentelemetry%2finstrumentation-aws-lambda cache-miss
2459 http fetch GET 200 https://registry.npmjs.org/@google-cloud%2fopentelemetry-resource-util 1116ms (cache miss)
2460 silly packumentCache corgi:https://registry.npmjs.org/@google-cloud%2fopentelemetry-resource-util set size:undefined disposed:false
2461 http fetch GET 200 https://registry.npmjs.org/@opentelemetry%2finstrumentation-aws-lambda 1438ms (cache miss)
2462 silly packumentCache corgi:https://registry.npmjs.org/@opentelemetry%2finstrumentation-aws-lambda set size:undefined disposed:false
2463 silly CHANGE node_modules/@google-cloud/logging/node_modules/uuid
2464 silly CHANGE node_modules/@grpc/grpc-js/node_modules/@grpc/proto-loader
2465 silly CHANGE node_modules/@google-cloud/storage/node_modules/uuid
2466 silly CHANGE node_modules/@genkit-ai/tools-common/node_modules/uuid
2467 silly CHANGE node_modules/teeny-request/node_modules/uuid
2468 silly CHANGE node_modules/send/node_modules/mime
2469 silly CHANGE node_modules/make-dir/node_modules/semver
2470 silly CHANGE node_modules/jaeger-client/node_modules/uuid
2471 silly CHANGE node_modules/firebase-admin/node_modules/uuid
2472 silly CHANGE node_modules/exceljs/node_modules/uuid
2473 silly CHANGE node_modules/eventid/node_modules/uuid
2474 silly CHANGE node_modules/@yarnpkg/lockfile
2475 silly CHANGE node_modules/@types/triple-beam
2476 silly CHANGE node_modules/@types/tough-cookie
2477 silly CHANGE node_modules/@types/tedious
2478 silly CHANGE node_modules/@types/shimmer
2479 silly CHANGE node_modules/@types/request
2480 silly ADD node_modules/@types/request/node_modules/form-data
2481 silly CHANGE node_modules/@types/recharts
2482 silly ADD node_modules/@types/recharts/node_modules/@types/d3-shape
2483 silly ADD node_modules/@types/recharts/node_modules/@types/d3-path
2484 silly CHANGE node_modules/@types/pg
2485 silly CHANGE node_modules/@types/pg-pool
2486 silly CHANGE node_modules/@types/mysql
2487 silly CHANGE node_modules/@types/ms
2488 silly CHANGE node_modules/@types/memcached
2489 silly CHANGE node_modules/@types/long
2490 silly CHANGE node_modules/@types/jsonwebtoken
2491 silly CHANGE node_modules/@types/d3-time
2492 silly CHANGE node_modules/@types/d3-timer
2493 silly CHANGE node_modules/@types/d3-scale
2494 silly CHANGE node_modules/@types/d3-interpolate
2495 silly CHANGE node_modules/@types/d3-color
2496 silly CHANGE node_modules/@types/d3-ease
2497 silly CHANGE node_modules/@types/connect
2498 silly CHANGE node_modules/@types/caseless
2499 silly CHANGE node_modules/@types/bunyan
2500 silly CHANGE node_modules/@types/bcryptjs
2501 silly CHANGE node_modules/@types/aws-lambda
2502 silly CHANGE node_modules/@tsconfig/node16
2503 silly CHANGE node_modules/@tsconfig/node14
2504 silly CHANGE node_modules/@tsconfig/node12
2505 silly CHANGE node_modules/@swc/helpers
2506 silly CHANGE node_modules/@swc/counter
2507 silly CHANGE node_modules/@supabase/ssr
2508 silly ADD node_modules/@supabase/ssr/node_modules/cookie
2509 silly CHANGE node_modules/@standard-schema/utils
2510 silly CHANGE node_modules/@protobufjs/pool
2511 silly CHANGE node_modules/@protobufjs/path
2512 silly CHANGE node_modules/@protobufjs/float
2513 silly CHANGE node_modules/@protobufjs/base64
2514 silly CHANGE node_modules/@opentelemetry/sql-common
2515 silly CHANGE node_modules/@protobufjs/aspromise
2516 silly CHANGE node_modules/@pkgjs/parseargs
2517 silly CHANGE node_modules/@opentelemetry/sdk-trace-node
2518 silly CHANGE node_modules/@opentelemetry/sdk-trace-base
2519 silly CHANGE node_modules/@opentelemetry/sdk-trace-base/node_modules/@opentelemetry/semantic-conventions
2520 silly CHANGE node_modules/@opentelemetry/sdk-logs
2521 silly CHANGE node_modules/@opentelemetry/sdk-metrics
2522 silly CHANGE node_modules/@opentelemetry/sdk-node
2523 silly CHANGE node_modules/@opentelemetry/sdk-node/node_modules/@opentelemetry/semantic-conventions
2524 silly CHANGE node_modules/@opentelemetry/resources
2525 silly CHANGE node_modules/@opentelemetry/resources/node_modules/@opentelemetry/semantic-conventions
2526 silly CHANGE node_modules/@opentelemetry/resource-detector-gcp
2527 silly CHANGE node_modules/@opentelemetry/resource-detector-container
2528 silly ADD node_modules/@opentelemetry/resource-detector-container/node_modules/@opentelemetry/semantic-conventions
2529 silly ADD node_modules/@opentelemetry/resource-detector-container/node_modules/@opentelemetry/core
2530 silly CHANGE node_modules/@opentelemetry/resource-detector-aws
2531 silly CHANGE node_modules/@opentelemetry/resource-detector-azure
2532 silly CHANGE node_modules/@opentelemetry/resource-detector-alibaba-cloud
2533 silly ADD node_modules/@opentelemetry/resource-detector-alibaba-cloud/node_modules/@opentelemetry/semantic-conventions
2534 silly ADD node_modules/@opentelemetry/resource-detector-alibaba-cloud/node_modules/@opentelemetry/core
2535 silly CHANGE node_modules/@opentelemetry/redis-common
2536 silly CHANGE node_modules/@opentelemetry/propagator-jaeger
2537 silly CHANGE node_modules/@opentelemetry/otlp-transformer
2538 silly CHANGE node_modules/@opentelemetry/propagator-b3
2539 silly CHANGE node_modules/@opentelemetry/propagator-aws-xray
2540 silly CHANGE node_modules/@opentelemetry/propagation-utils
2541 silly CHANGE node_modules/@opentelemetry/otlp-grpc-exporter-base
2542 silly CHANGE node_modules/@opentelemetry/otlp-exporter-base
2543 silly CHANGE node_modules/@opentelemetry/instrumentation-winston
2544 silly CHANGE node_modules/@opentelemetry/instrumentation-undici
2545 silly CHANGE node_modules/@opentelemetry/instrumentation-tedious
2546 silly CHANGE node_modules/@opentelemetry/instrumentation-router
2547 silly CHANGE node_modules/@opentelemetry/instrumentation-socket.io
2548 silly CHANGE node_modules/@opentelemetry/instrumentation-redis-4
2549 silly CHANGE node_modules/@opentelemetry/instrumentation-restify
2550 silly CHANGE node_modules/@opentelemetry/instrumentation-redis
2551 silly CHANGE node_modules/@opentelemetry/instrumentation-pg
2552 silly CHANGE node_modules/@opentelemetry/instrumentation-net
2553 silly CHANGE node_modules/@opentelemetry/instrumentation-nestjs-core
2554 silly CHANGE node_modules/@opentelemetry/instrumentation-pino
2555 silly CHANGE node_modules/@opentelemetry/instrumentation-mysql2
2556 silly CHANGE node_modules/@opentelemetry/instrumentation-mysql
2557 silly CHANGE node_modules/@opentelemetry/instrumentation-memcached
2558 silly CHANGE node_modules/@opentelemetry/instrumentation-lru-memoizer
2559 silly CHANGE node_modules/@opentelemetry/instrumentation-mongoose
2560 silly CHANGE node_modules/@opentelemetry/instrumentation-mongodb
2561 silly CHANGE node_modules/@opentelemetry/instrumentation-knex
2562 silly CHANGE node_modules/@opentelemetry/instrumentation-koa
2563 silly CHANGE node_modules/@opentelemetry/instrumentation-kafkajs
2564 silly CHANGE node_modules/@opentelemetry/instrumentation-ioredis
2565 silly CHANGE node_modules/@opentelemetry/instrumentation-http
2566 silly CHANGE node_modules/@opentelemetry/instrumentation-http/node_modules/@opentelemetry/semantic-conventions
2567 silly CHANGE node_modules/@opentelemetry/instrumentation-hapi
2568 silly CHANGE node_modules/@opentelemetry/instrumentation-grpc
2569 silly CHANGE node_modules/@opentelemetry/instrumentation-grpc/node_modules/@opentelemetry/semantic-conventions
2570 silly CHANGE node_modules/@opentelemetry/instrumentation-generic-pool
2571 silly CHANGE node_modules/@opentelemetry/instrumentation-graphql
2572 silly CHANGE node_modules/@opentelemetry/instrumentation-fs
2573 silly CHANGE node_modules/@opentelemetry/instrumentation-fastify
2574 silly CHANGE node_modules/@opentelemetry/instrumentation-express
2575 silly CHANGE node_modules/@opentelemetry/instrumentation-dataloader
2576 silly CHANGE node_modules/@opentelemetry/instrumentation-dns
2577 silly CHANGE node_modules/@opentelemetry/instrumentation-cucumber
2578 silly CHANGE node_modules/@opentelemetry/instrumentation-connect
2579 silly CHANGE node_modules/@opentelemetry/instrumentation-aws-sdk
2580 silly CHANGE node_modules/@opentelemetry/instrumentation-bunyan
2581 silly CHANGE node_modules/@opentelemetry/instrumentation-cassandra-driver
2582 silly CHANGE node_modules/@opentelemetry/instrumentation-aws-lambda
2583 silly CHANGE node_modules/@opentelemetry/instrumentation
2584 silly CHANGE node_modules/@opentelemetry/instrumentation-amqplib
2585 silly CHANGE node_modules/@opentelemetry/exporter-zipkin
2586 silly CHANGE node_modules/@opentelemetry/exporter-zipkin/node_modules/@opentelemetry/semantic-conventions
2587 silly CHANGE node_modules/@opentelemetry/exporter-trace-otlp-http
2588 silly CHANGE node_modules/@opentelemetry/exporter-trace-otlp-proto
2589 silly CHANGE node_modules/@opentelemetry/exporter-trace-otlp-grpc
2590 silly CHANGE node_modules/@opentelemetry/core
2591 silly CHANGE node_modules/@opentelemetry/core/node_modules/@opentelemetry/semantic-conventions
2592 silly CHANGE node_modules/@opentelemetry/context-async-hooks
2593 silly CHANGE node_modules/@opentelemetry/auto-instrumentations-node
2594 silly CHANGE node_modules/@opentelemetry/api-logs
2595 silly CHANGE node_modules/@nodelib/fs.stat
2596 silly CHANGE node_modules/@nodelib/fs.walk
2597 silly CHANGE node_modules/@nodelib/fs.scandir
2598 silly CHANGE node_modules/@next/env
2599 silly CHANGE node_modules/@js-sdsl/ordered-map
2600 silly CHANGE node_modules/@jridgewell/resolve-uri
2601 silly CHANGE node_modules/@isaacs/cliui
2602 silly CHANGE node_modules/@hookform/resolvers
2603 silly CHANGE node_modules/@grpc/proto-loader
2604 silly CHANGE node_modules/@google-cloud/promisify
2605 silly CHANGE node_modules/@google-cloud/projectify
2606 silly CHANGE node_modules/@google-cloud/precise-date
2607 silly CHANGE node_modules/@google-cloud/paginator
2608 silly CHANGE node_modules/@google-cloud/opentelemetry-resource-util
2609 silly CHANGE node_modules/@google-cloud/opentelemetry-cloud-trace-exporter
2610 silly CHANGE node_modules/@google-cloud/opentelemetry-cloud-monitoring-exporter
2611 silly CHANGE node_modules/@google-cloud/firestore
2612 silly CHANGE node_modules/@dnd-kit/utilities
2613 silly CHANGE node_modules/@dnd-kit/sortable
2614 silly CHANGE node_modules/@dnd-kit/modifiers
2615 silly CHANGE node_modules/@dnd-kit/core
2616 silly CHANGE node_modules/@dnd-kit/accessibility
2617 silly CHANGE node_modules/@cspotcode/source-map-support
2618 silly CHANGE node_modules/@cspotcode/source-map-support/node_modules/@jridgewell/trace-mapping
2619 silly CHANGE node_modules/yn
2620 silly CHANGE node_modules/yargs-parser
2621 silly CHANGE node_modules/yaml
2622 silly CHANGE node_modules/y18n
2623 silly CHANGE node_modules/xtend
2624 silly CHANGE node_modules/xlsx
2625 silly CHANGE node_modules/wrappy
2626 silly CHANGE node_modules/wrap-ansi-cjs
2627 silly ADD node_modules/wrap-ansi-cjs/node_modules/strip-ansi
2628 silly ADD node_modules/wrap-ansi-cjs/node_modules/string-width
2629 silly ADD node_modules/wrap-ansi-cjs/node_modules/emoji-regex
2630 silly ADD node_modules/wrap-ansi-cjs/node_modules/ansi-styles
2631 silly ADD node_modules/wrap-ansi-cjs/node_modules/ansi-regex
2632 silly CHANGE node_modules/wordwrap
2633 silly CHANGE node_modules/word
2634 silly CHANGE node_modules/wmf
2635 silly CHANGE node_modules/winston-transport
2636 silly CHANGE node_modules/which
2637 silly CHANGE node_modules/whatwg-url
2638 silly CHANGE node_modules/websocket-extensions
2639 silly CHANGE node_modules/webidl-conversions
2640 silly CHANGE node_modules/web-streams-polyfill
2641 silly CHANGE node_modules/victory-vendor
2642 silly CHANGE node_modules/vary
2643 silly CHANGE node_modules/v8-compile-cache-lib
2644 silly CHANGE node_modules/uuid
2645 silly CHANGE node_modules/utils-merge
2646 silly CHANGE node_modules/util-deprecate
2647 silly CHANGE node_modules/use-sidecar
2648 silly CHANGE node_modules/use-callback-ref
2649 silly CHANGE node_modules/url-template
2650 silly CHANGE node_modules/uri-templates
2651 silly CHANGE node_modules/unpipe
2652 silly CHANGE node_modules/universalify
2653 silly CHANGE node_modules/typescript
2654 silly CHANGE node_modules/uglify-js
2655 silly CHANGE node_modules/type-is
2656 silly CHANGE node_modules/ts-interface-checker
2657 silly CHANGE node_modules/tsx
2658 silly CHANGE node_modules/tslib
2659 silly CHANGE node_modules/ts-node
2660 silly CHANGE node_modules/ts-node/node_modules/arg
2661 silly CHANGE node_modules/triple-beam
2662 silly CHANGE node_modules/tr46
2663 silly CHANGE node_modules/toidentifier
2664 silly CHANGE node_modules/to-regex-range
2665 silly CHANGE node_modules/tiny-invariant
2666 silly CHANGE node_modules/thriftrw
2667 silly ADD node_modules/thriftrw/node_modules/long
2668 silly CHANGE node_modules/thenify-all
2669 silly CHANGE node_modules/thenify
2670 silly CHANGE node_modules/text-hex
2671 silly CHANGE node_modules/tailwindcss-animate
2672 silly CHANGE node_modules/tailwindcss
2673 silly CHANGE node_modules/supports-color
2674 silly CHANGE node_modules/supports-preserve-symlinks-flag
2675 silly CHANGE node_modules/supabase
2676 silly CHANGE node_modules/sucrase
2677 silly CHANGE node_modules/styled-jsx
2678 silly CHANGE node_modules/stubs
2679 silly CHANGE node_modules/string_decoder
2680 silly CHANGE node_modules/streamsearch
2681 silly CHANGE node_modules/stream-shift
2682 silly CHANGE node_modules/stream-events
2683 silly CHANGE node_modules/stack-trace
2684 silly CHANGE node_modules/ssf
2685 silly CHANGE node_modules/source-map-js
2686 silly CHANGE node_modules/source-map
2687 silly CHANGE node_modules/slash
2688 silly CHANGE node_modules/signal-exit
2689 silly CHANGE node_modules/side-channel-weakmap
2690 silly CHANGE node_modules/side-channel-map
2691 silly CHANGE node_modules/shimmer
2692 silly CHANGE node_modules/setprototypeof
2693 silly CHANGE node_modules/set-function-length
2694 silly CHANGE node_modules/semver
2695 silly CHANGE node_modules/scheduler
2696 silly CHANGE node_modules/safer-buffer
2697 silly CHANGE node_modules/safe-stable-stringify
2698 silly CHANGE node_modules/safe-buffer
2699 silly CHANGE node_modules/run-parallel
2700 silly CHANGE node_modules/rimraf
2701 silly ADD node_modules/rimraf/node_modules/minimatch
2702 silly ADD node_modules/rimraf/node_modules/glob
2703 silly ADD node_modules/rimraf/node_modules/brace-expansion
2704 silly CHANGE node_modules/retry
2705 silly CHANGE node_modules/resolve
2706 silly CHANGE node_modules/require-in-the-middle
2707 silly ADD node_modules/require-in-the-middle/node_modules/ms
2708 silly ADD node_modules/require-in-the-middle/node_modules/debug
2709 silly CHANGE node_modules/require-from-string
2710 silly CHANGE node_modules/require-directory
2711 silly CHANGE node_modules/recharts-scale
2712 silly CHANGE node_modules/readdirp
2713 silly CHANGE node_modules/readable-stream
2714 silly CHANGE node_modules/react-transition-group
2715 silly CHANGE node_modules/react-style-singleton
2716 silly CHANGE node_modules/react-smooth
2717 silly CHANGE node_modules/react-remove-scroll-bar
2718 silly CHANGE node_modules/react-is
2719 silly CHANGE node_modules/react-dom
2720 silly CHANGE node_modules/react
2721 silly CHANGE node_modules/range-parser
2722 silly CHANGE node_modules/queue-microtask
2723 silly CHANGE node_modules/qrcode
2724 silly ADD node_modules/qrcode/node_modules/yargs-parser
2725 silly ADD node_modules/qrcode/node_modules/yargs
2726 silly ADD node_modules/qrcode/node_modules/y18n
2727 silly ADD node_modules/qrcode/node_modules/wrap-ansi
2728 silly ADD node_modules/qrcode/node_modules/strip-ansi
2729 silly ADD node_modules/qrcode/node_modules/string-width
2730 silly ADD node_modules/qrcode/node_modules/emoji-regex
2731 silly ADD node_modules/qrcode/node_modules/cliui
2732 silly ADD node_modules/qrcode/node_modules/ansi-styles
2733 silly ADD node_modules/qrcode/node_modules/ansi-regex
2734 silly CHANGE node_modules/pumpify
2735 silly CHANGE node_modules/ps-tree
2736 silly CHANGE node_modules/proxy-addr
2737 silly CHANGE node_modules/proto3-json-serializer
2738 silly CHANGE node_modules/prop-types
2739 silly CHANGE node_modules/prop-types/node_modules/react-is
2740 silly CHANGE node_modules/postgres-date
2741 silly CHANGE node_modules/postgres-interval
2742 silly CHANGE node_modules/postgres-array
2743 silly CHANGE node_modules/postcss-value-parser
2744 silly CHANGE node_modules/postcss-nested
2745 silly CHANGE node_modules/postcss-import
2746 silly CHANGE node_modules/picocolors
2747 silly CHANGE node_modules/pg-types
2748 silly CHANGE node_modules/pg-int8
2749 silly CHANGE node_modules/path-scurry
2750 silly CHANGE node_modules/path-parse
2751 silly CHANGE node_modules/path-is-absolute
2752 silly CHANGE node_modules/patch-package
2753 silly CHANGE node_modules/patch-package/node_modules/open
2754 silly CHANGE node_modules/patch-package/node_modules/is-wsl
2755 silly CHANGE node_modules/partial-json
2756 silly CHANGE node_modules/parseurl
2757 silly CHANGE node_modules/package-json-from-dist
2758 silly CHANGE node_modules/one-time
2759 silly CHANGE node_modules/once
2760 silly CHANGE node_modules/on-finished
2761 silly CHANGE node_modules/object-keys
2762 silly CHANGE node_modules/object-inspect
2763 silly CHANGE node_modules/object-hash
2764 silly CHANGE node_modules/object-assign
2765 silly CHANGE node_modules/normalize-path
2766 silly CHANGE node_modules/node-fetch
2767 silly CHANGE node_modules/node-domexception
2768 silly CHANGE node_modules/next
2769 silly ADD node_modules/next/node_modules/postcss
2770 silly ADD node_modules/next/node_modules/@next/swc-darwin-arm64
2771 silly CHANGE node_modules/neo-async
2772 silly CHANGE node_modules/negotiator
2773 silly CHANGE node_modules/nanoid
2774 silly CHANGE node_modules/mz
2775 silly CHANGE node_modules/ms
2776 silly CHANGE node_modules/module-details-from-path
2777 silly CHANGE node_modules/mkdirp
2778 silly CHANGE node_modules/minimist
2779 silly CHANGE node_modules/mime
2780 silly CHANGE node_modules/mime-types
2781 silly CHANGE node_modules/mime-db
2782 silly CHANGE node_modules/micromatch
2783 silly CHANGE node_modules/methods
2784 silly CHANGE node_modules/merge2
2785 silly CHANGE node_modules/merge-descriptors
2786 silly CHANGE node_modules/media-typer
2787 silly CHANGE node_modules/math-intrinsics
2788 silly CHANGE node_modules/make-error
2789 silly CHANGE node_modules/lucide-react
2790 silly CHANGE node_modules/loose-envify
2791 silly CHANGE node_modules/logform
2792 silly ADD node_modules/logform/node_modules/ms
2793 silly CHANGE node_modules/lodash.once
2794 silly CHANGE node_modules/lodash.merge
2795 silly CHANGE node_modules/lodash.mapvalues
2796 silly CHANGE node_modules/lodash.isstring
2797 silly CHANGE node_modules/lodash.isplainobject
2798 silly CHANGE node_modules/lodash.isnumber
2799 silly CHANGE node_modules/lodash.isinteger
2800 silly CHANGE node_modules/lodash.isboolean
2801 silly CHANGE node_modules/lodash.includes
2802 silly CHANGE node_modules/lodash.clonedeep
2803 silly CHANGE node_modules/lodash.camelcase
2804 silly CHANGE node_modules/lines-and-columns
2805 silly CHANGE node_modules/limiter
2806 silly CHANGE node_modules/lilconfig
2807 silly CHANGE node_modules/kuler
2808 silly CHANGE node_modules/klaw-sync
2809 silly CHANGE node_modules/jsonify
2810 silly CHANGE node_modules/json5
2811 silly CHANGE node_modules/json-schema
2812 silly CHANGE node_modules/json-bigint
2813 silly CHANGE node_modules/js-yaml
2814 silly CHANGE node_modules/js-tokens
2815 silly CHANGE node_modules/jodit-react
2816 silly CHANGE node_modules/jiti
2817 silly CHANGE node_modules/jackspeak
2818 silly CHANGE node_modules/isarray
2819 silly CHANGE node_modules/is-stream
2820 silly CHANGE node_modules/is-obj
2821 silly CHANGE node_modules/is-number
2822 silly CHANGE node_modules/inherits
2823 silly CHANGE node_modules/is-fullwidth-code-point
2824 silly CHANGE node_modules/is-docker
2825 silly CHANGE node_modules/is-binary-path
2826 silly CHANGE node_modules/ipaddr.js
2827 silly CHANGE node_modules/internmap
2828 silly CHANGE node_modules/inflight
2829 silly CHANGE node_modules/iconv-lite
2830 silly CHANGE node_modules/iceberg-js
2831 silly CHANGE node_modules/https-proxy-agent
2832 silly ADD node_modules/https-proxy-agent/node_modules/ms
2833 silly ADD node_modules/https-proxy-agent/node_modules/debug
2834 silly CHANGE node_modules/http-parser-js
2835 silly CHANGE node_modules/html5-qrcode
2836 silly CHANGE node_modules/html-entities
2837 silly CHANGE node_modules/hexer
2838 silly CHANGE node_modules/has-tostringtag
2839 silly CHANGE node_modules/has-symbols
2840 silly CHANGE node_modules/has-property-descriptors
2841 silly CHANGE node_modules/has-flag
2842 silly CHANGE node_modules/handlebars
2843 silly CHANGE node_modules/gtoken
2844 silly CHANGE node_modules/graceful-fs
2845 silly CHANGE node_modules/gopd
2846 silly CHANGE node_modules/googleapis-common
2847 silly CHANGE node_modules/googleapis-common/node_modules/uuid
2848 silly CHANGE node_modules/googleapis
2849 silly CHANGE node_modules/google-logging-utils
2850 silly CHANGE node_modules/google-gax
2851 silly ADD node_modules/google-gax/node_modules/node-fetch
2852 silly CHANGE node_modules/google-gax/node_modules/uuid
2853 silly CHANGE node_modules/google-auth-library
2854 silly CHANGE node_modules/glob
2855 silly CHANGE node_modules/get-proto
2856 silly CHANGE node_modules/get-port
2857 silly CHANGE node_modules/get-nonce
2858 silly CHANGE node_modules/get-caller-file
2859 silly CHANGE node_modules/genkit-cli
2860 silly ADD node_modules/genkit-cli/node_modules/commander
2861 silly CHANGE node_modules/gcp-metadata
2862 silly CHANGE node_modules/gaxios
2863 silly ADD node_modules/gaxios/node_modules/node-fetch
2864 silly CHANGE node_modules/gaxios/node_modules/uuid
2865 silly CHANGE node_modules/functional-red-black-tree
2866 silly CHANGE node_modules/function-bind
2867 silly CHANGE node_modules/fsevents
2868 silly CHANGE node_modules/fs.realpath
2869 silly CHANGE node_modules/fresh
2870 silly CHANGE node_modules/frac
2871 silly CHANGE node_modules/forwarded
2872 silly CHANGE node_modules/formdata-polyfill
2873 silly CHANGE node_modules/fn.name
2874 silly CHANGE node_modules/find-yarn-workspace-root
2875 silly CHANGE node_modules/fill-range
2876 silly CHANGE node_modules/fetch-blob
2877 silly CHANGE node_modules/fecha
2878 silly CHANGE node_modules/faye-websocket
2879 silly CHANGE node_modules/fast-xml-parser
2880 silly CHANGE node_modules/fast-glob
2881 silly ADD node_modules/fast-glob/node_modules/glob-parent
2882 silly CHANGE node_modules/extract-zip
2883 silly ADD node_modules/extract-zip/node_modules/ms
2884 silly ADD node_modules/extract-zip/node_modules/debug
2885 silly CHANGE node_modules/extend
2886 silly CHANGE node_modules/eventemitter3
2887 silly CHANGE node_modules/event-target-shim
2888 silly CHANGE node_modules/etag
2889 silly CHANGE node_modules/escape-html
2890 silly CHANGE node_modules/esbuild
2891 silly CHANGE node_modules/es-set-tostringtag
2892 silly CHANGE node_modules/es-errors
2893 silly CHANGE node_modules/es-define-property
2894 silly CHANGE node_modules/encodeurl
2895 silly CHANGE node_modules/enabled
2896 silly CHANGE node_modules/embla-carousel-reactive-utils
2897 silly CHANGE node_modules/embla-carousel-react
2898 silly CHANGE node_modules/embla-carousel
2899 silly CHANGE node_modules/ee-first
2900 silly CHANGE node_modules/ecdsa-sig-formatter
2901 silly CHANGE node_modules/eastasianwidth
2902 silly CHANGE node_modules/duplexify
2903 silly CHANGE node_modules/dunder-proto
2904 silly CHANGE node_modules/dotprompt
2905 silly CHANGE node_modules/dot-prop
2906 silly CHANGE node_modules/dom-helpers
2907 silly CHANGE node_modules/dlv
2908 silly CHANGE node_modules/didyoumean
2909 silly CHANGE node_modules/detect-node-es
2910 silly CHANGE node_modules/destroy
2911 silly CHANGE node_modules/depd
2912 silly CHANGE node_modules/delayed-stream
2913 silly CHANGE node_modules/define-data-property
2914 silly CHANGE node_modules/decimal.js-light
2915 silly CHANGE node_modules/debug
2916 silly CHANGE node_modules/date-fns
2917 silly CHANGE node_modules/data-uri-to-buffer
2918 silly CHANGE node_modules/d3-timer
2919 silly CHANGE node_modules/d3-time-format
2920 silly CHANGE node_modules/d3-time
2921 silly CHANGE node_modules/d3-shape
2922 silly CHANGE node_modules/d3-scale
2923 silly CHANGE node_modules/d3-path
2924 silly CHANGE node_modules/d3-interpolate
2925 silly CHANGE node_modules/d3-ease
2926 silly CHANGE node_modules/d3-color
2927 silly CHANGE node_modules/d3-array
2928 silly CHANGE node_modules/cssesc
2929 silly CHANGE node_modules/create-require
2930 silly CHANGE node_modules/crc-32
2931 silly CHANGE node_modules/content-type
2932 silly CHANGE node_modules/content-disposition
2933 silly CHANGE node_modules/concat-map
2934 silly CHANGE node_modules/combined-stream
2935 silly CHANGE node_modules/colorette
2936 silly CHANGE node_modules/color-name
2937 silly CHANGE node_modules/color-convert
2938 silly CHANGE node_modules/codepage
2939 silly CHANGE node_modules/cmdk
2940 silly CHANGE node_modules/clsx
2941 silly CHANGE node_modules/cliui
2942 silly ADD node_modules/cliui/node_modules/strip-ansi
2943 silly ADD node_modules/cliui/node_modules/string-width
2944 silly ADD node_modules/cliui/node_modules/emoji-regex
2945 silly ADD node_modules/cliui/node_modules/ansi-styles
2946 silly ADD node_modules/cliui/node_modules/ansi-regex
2947 silly CHANGE node_modules/cliui/node_modules/wrap-ansi
2948 silly CHANGE node_modules/client-only
2949 silly CHANGE node_modules/class-variance-authority
2950 silly CHANGE node_modules/cjs-module-lexer
2951 silly CHANGE node_modules/ci-info
2952 silly CHANGE node_modules/chokidar
2953 silly ADD node_modules/chokidar/node_modules/glob-parent
2954 silly CHANGE node_modules/chalk
2955 silly ADD node_modules/chalk/node_modules/ansi-styles
2956 silly CHANGE node_modules/cfb
2957 silly CHANGE node_modules/camelcase-css
2958 silly CHANGE node_modules/bytes
2959 silly CHANGE node_modules/busboy
2960 silly CHANGE node_modules/buffer-equal-constant-time
2961 silly CHANGE node_modules/braces
2962 silly CHANGE node_modules/binary-extensions
2963 silly CHANGE node_modules/bcryptjs
2964 silly CHANGE node_modules/base64-js
2965 silly CHANGE node_modules/balanced-match
2966 silly CHANGE node_modules/asynckit
2967 silly CHANGE node_modules/async-retry
2968 silly CHANGE node_modules/async-mutex
2969 silly CHANGE node_modules/async
2970 silly CHANGE node_modules/arrify
2971 silly CHANGE node_modules/array-flatten
2972 silly CHANGE node_modules/argparse
2973 silly CHANGE node_modules/arg
2974 silly CHANGE node_modules/anymatch
2975 silly CHANGE node_modules/any-promise
2976 silly CHANGE node_modules/ajv-formats
2977 silly CHANGE node_modules/adler-32
2978 silly CHANGE node_modules/acorn-import-attributes
2979 silly CHANGE node_modules/acorn
2980 silly CHANGE node_modules/accepts
2981 silly CHANGE node_modules/abort-controller
2982 verbose cwd /Users/thilinaweerasinghe/YELM Technologies/OruthotaChaletsAdmin
2983 verbose os Darwin 25.2.0
2984 verbose node v24.16.0
2985 verbose npm  v11.13.0
2986 verbose exit 0
2987 info ok
