0 verbose cli /opt/homebrew/Cellar/node@24/24.16.0/bin/node /opt/homebrew/bin/npm
1 info using npm@11.13.0
2 info using node@v24.16.0
3 silly config load:file:/opt/homebrew/Cellar/node@24/24.16.0/lib/node_modules/npm/npmrc
4 silly config load:file:/Users/thilinaweerasinghe/YELM Technologies/OruthotaChaletsAdmin/.npmrc
5 silly config load:file:/Users/thilinaweerasinghe/.npmrc
6 silly config load:file:/opt/homebrew/etc/npmrc
7 verbose title npm install
8 verbose argv "install" "--cache" "./tmp/npm-cache"
9 verbose logfile logs-max:10 dir:/Users/thilinaweerasinghe/YELM Technologies/OruthotaChaletsAdmin/tmp/npm-cache/_logs/2026-09-24T16_13_44_388Z-
10 verbose logfile /Users/thilinaweerasinghe/YELM Technologies/OruthotaChaletsAdmin/tmp/npm-cache/_logs/2026-09-24T16_13_44_388Z-debug-0.log
11 silly logfile done cleaning log files
12 silly packumentCache heap:4496293888 maxSize:1124073472 maxEntrySize:562036736
13 http fetch GET https://registry.npmjs.org/npm attempt 1 failed with ENOTFOUND
14 silly idealTree buildDeps
15 silly reify mark retired [
15 silly reify   '/Users/thilinaweerasinghe/YELM Technologies/OruthotaChaletsAdmin/node_modules/abort-controller'
15 silly reify ]
16 silly reify mark retired [
16 silly reify   '/Users/thilinaweerasinghe/YELM Technologies/OruthotaChaletsAdmin/node_modules/accepts'
16 silly reify ]
17 silly reify mark retired [
17 silly reify   '/Users/thilinaweerasinghe/YELM Technologies/OruthotaChaletsAdmin/node_modules/acorn-import-attributes'
17 silly reify ]
18 silly reify mark retired [
18 silly reify   '/Users/thilinaweerasinghe/YELM Technologies/OruthotaChaletsAdmin/node_modules/adler-32'
18 silly reify ]
19 silly reify mark retired [
19 silly reify   '/Users/thilinaweerasinghe/YELM Technologies/OruthotaChaletsAdmin/node_modules/ajv-formats'
19 silly reify ]
20 silly reify mark retired [
20 silly reify   '/Users/thilinaweerasinghe/YELM Technologies/OruthotaChaletsAdmin/node_modules/anymatch'
20 silly reify ]
21 silly reify mark retired [
21 silly reify   '/Users/thilinaweerasinghe/YELM Technologies/OruthotaChaletsAdmin/node_modules/any-promise'
21 silly reify ]
22 silly reify mark retired [
22 silly reify   '/Users/thilinaweerasinghe/YELM Technologies/OruthotaChaletsAdmin/node_modules/arg'
22 silly reify ]
23 silly reify mark retired [
23 silly reify   '/Users/thilinaweerasinghe/YELM Technologies/OruthotaChaletsAdmin/node_modules/argparse'
23 silly reify ]
24 silly reify mark retired [
24 silly reify   '/Users/thilinaweerasinghe/YELM Technologies/OruthotaChaletsAdmin/node_modules/array-flatten'
24 silly reify ]
25 silly reify mark retired [
25 silly reify   '/Users/thilinaweerasinghe/YELM Technologies/OruthotaChaletsAdmin/node_modules/arrify'
25 silly reify ]
26 silly reify mark retired [
26 silly reify   '/Users/thilinaweerasinghe/YELM Technologies/OruthotaChaletsAdmin/node_modules/async'
26 silly reify ]
27 silly reify mark retired [
27 silly reify   '/Users/thilinaweerasinghe/YELM Technologies/OruthotaChaletsAdmin/node_modules/async-mutex'
27 silly reify ]
28 silly reify mark retired [
28 silly reify   '/Users/thilinaweerasinghe/YELM Technologies/OruthotaChaletsAdmin/node_modules/async-retry'
28 silly reify ]
29 silly reify mark retired [
29 silly reify   '/Users/thilinaweerasinghe/YELM Technologies/OruthotaChaletsAdmin/node_modules/asynckit'
29 silly reify ]
30 silly reify mark retired [
30 silly reify   '/Users/thilinaweerasinghe/YELM Technologies/OruthotaChaletsAdmin/node_modules/balanced-match'
30 silly reify ]
31 silly reify mark retired [
31 silly reify   '/Users/thilinaweerasinghe/YELM Technologies/OruthotaChaletsAdmin/node_modules/base64-js'
31 silly reify ]
32 silly reify mark retired [
32 silly reify   '/Users/thilinaweerasinghe/YELM Technologies/OruthotaChaletsAdmin/node_modules/bcryptjs'
32 silly reify ]
33 silly reify mark retired [
33 silly reify   '/Users/thilinaweerasinghe/YELM Technologies/OruthotaChaletsAdmin/node_modules/binary-extensions'
33 silly reify ]
34 silly reify mark retired [
34 silly reify   '/Users/thilinaweerasinghe/YELM Technologies/OruthotaChaletsAdmin/node_modules/braces'
34 silly reify ]
35 silly reify mark retired [
35 silly reify   '/Users/thilinaweerasinghe/YELM Technologies/OruthotaChaletsAdmin/node_modules/buffer-equal-constant-time'
35 silly reify ]
36 silly reify mark retired [
36 silly reify   '/Users/thilinaweerasinghe/YELM Technologies/OruthotaChaletsAdmin/node_modules/busboy'
36 silly reify ]
37 silly reify mark retired [
37 silly reify   '/Users/thilinaweerasinghe/YELM Technologies/OruthotaChaletsAdmin/node_modules/bytes'
37 silly reify ]
38 silly reify mark retired [
38 silly reify   '/Users/thilinaweerasinghe/YELM Technologies/OruthotaChaletsAdmin/node_modules/camelcase-css'
38 silly reify ]
39 silly reify mark retired [
39 silly reify   '/Users/thilinaweerasinghe/YELM Technologies/OruthotaChaletsAdmin/node_modules/cfb'
39 silly reify ]
40 silly reify mark retired [
40 silly reify   '/Users/thilinaweerasinghe/YELM Technologies/OruthotaChaletsAdmin/node_modules/chalk'
40 silly reify ]
41 silly reify mark retired [
41 silly reify   '/Users/thilinaweerasinghe/YELM Technologies/OruthotaChaletsAdmin/node_modules/chokidar'
41 silly reify ]
42 silly reify mark retired [
42 silly reify   '/Users/thilinaweerasinghe/YELM Technologies/OruthotaChaletsAdmin/node_modules/ci-info'
42 silly reify ]
43 silly reify mark retired [
43 silly reify   '/Users/thilinaweerasinghe/YELM Technologies/OruthotaChaletsAdmin/node_modules/cjs-module-lexer'
43 silly reify ]
44 silly reify mark retired [
44 silly reify   '/Users/thilinaweerasinghe/YELM Technologies/OruthotaChaletsAdmin/node_modules/class-variance-authority'
44 silly reify ]
45 silly reify mark retired [
45 silly reify   '/Users/thilinaweerasinghe/YELM Technologies/OruthotaChaletsAdmin/node_modules/client-only'
45 silly reify ]
46 silly reify mark retired [
46 silly reify   '/Users/thilinaweerasinghe/YELM Technologies/OruthotaChaletsAdmin/node_modules/cliui'
46 silly reify ]
47 silly reify mark retired [
47 silly reify   '/Users/thilinaweerasinghe/YELM Technologies/OruthotaChaletsAdmin/node_modules/clsx'
47 silly reify ]
48 silly reify mark retired [
48 silly reify   '/Users/thilinaweerasinghe/YELM Technologies/OruthotaChaletsAdmin/node_modules/cmdk'
48 silly reify ]
49 silly reify mark retired [
49 silly reify   '/Users/thilinaweerasinghe/YELM Technologies/OruthotaChaletsAdmin/node_modules/codepage'
49 silly reify ]
50 silly reify mark retired [
50 silly reify   '/Users/thilinaweerasinghe/YELM Technologies/OruthotaChaletsAdmin/node_modules/color-convert'
50 silly reify ]
51 silly reify mark retired [
51 silly reify   '/Users/thilinaweerasinghe/YELM Technologies/OruthotaChaletsAdmin/node_modules/color-name'
51 silly reify ]
52 silly reify mark retired [
52 silly reify   '/Users/thilinaweerasinghe/YELM Technologies/OruthotaChaletsAdmin/node_modules/colorette'
52 silly reify ]
53 silly reify mark retired [
53 silly reify   '/Users/thilinaweerasinghe/YELM Technologies/OruthotaChaletsAdmin/node_modules/combined-stream'
53 silly reify ]
54 silly reify mark retired [
54 silly reify   '/Users/thilinaweerasinghe/YELM Technologies/OruthotaChaletsAdmin/node_modules/concat-map'
54 silly reify ]
55 silly reify mark retired [
55 silly reify   '/Users/thilinaweerasinghe/YELM Technologies/OruthotaChaletsAdmin/node_modules/content-disposition'
55 silly reify ]
56 silly reify mark retired [
56 silly reify   '/Users/thilinaweerasinghe/YELM Technologies/OruthotaChaletsAdmin/node_modules/content-type'
56 silly reify ]
57 silly reify mark retired [
57 silly reify   '/Users/thilinaweerasinghe/YELM Technologies/OruthotaChaletsAdmin/node_modules/crc-32'
57 silly reify ]
58 silly reify mark retired [
58 silly reify   '/Users/thilinaweerasinghe/YELM Technologies/OruthotaChaletsAdmin/node_modules/create-require'
58 silly reify ]
59 silly reify mark retired [
59 silly reify   '/Users/thilinaweerasinghe/YELM Technologies/OruthotaChaletsAdmin/node_modules/cssesc'
59 silly reify ]
60 silly reify mark retired [
60 silly reify   '/Users/thilinaweerasinghe/YELM Technologies/OruthotaChaletsAdmin/node_modules/d3-array'
60 silly reify ]
61 silly reify mark retired [
61 silly reify   '/Users/thilinaweerasinghe/YELM Technologies/OruthotaChaletsAdmin/node_modules/d3-color'
61 silly reify ]
62 silly reify mark retired [
62 silly reify   '/Users/thilinaweerasinghe/YELM Technologies/OruthotaChaletsAdmin/node_modules/d3-ease'
62 silly reify ]
63 silly reify mark retired [
63 silly reify   '/Users/thilinaweerasinghe/YELM Technologies/OruthotaChaletsAdmin/node_modules/d3-interpolate'
63 silly reify ]
64 silly reify mark retired [
64 silly reify   '/Users/thilinaweerasinghe/YELM Technologies/OruthotaChaletsAdmin/node_modules/d3-path'
64 silly reify ]
65 silly reify mark retired [
65 silly reify   '/Users/thilinaweerasinghe/YELM Technologies/OruthotaChaletsAdmin/node_modules/d3-scale'
65 silly reify ]
66 silly reify mark retired [
66 silly reify   '/Users/thilinaweerasinghe/YELM Technologies/OruthotaChaletsAdmin/node_modules/d3-shape'
66 silly reify ]
67 silly reify mark retired [
67 silly reify   '/Users/thilinaweerasinghe/YELM Technologies/OruthotaChaletsAdmin/node_modules/d3-time'
67 silly reify ]
68 silly reify mark retired [
68 silly reify   '/Users/thilinaweerasinghe/YELM Technologies/OruthotaChaletsAdmin/node_modules/d3-time-format'
68 silly reify ]
69 silly reify mark retired [
69 silly reify   '/Users/thilinaweerasinghe/YELM Technologies/OruthotaChaletsAdmin/node_modules/d3-timer'
69 silly reify ]
70 silly reify mark retired [
70 silly reify   '/Users/thilinaweerasinghe/YELM Technologies/OruthotaChaletsAdmin/node_modules/data-uri-to-buffer'
70 silly reify ]
71 silly reify mark retired [
71 silly reify   '/Users/thilinaweerasinghe/YELM Technologies/OruthotaChaletsAdmin/node_modules/date-fns'
71 silly reify ]
72 silly reify mark retired [
72 silly reify   '/Users/thilinaweerasinghe/YELM Technologies/OruthotaChaletsAdmin/node_modules/debug'
72 silly reify ]
73 silly reify mark retired [
73 silly reify   '/Users/thilinaweerasinghe/YELM Technologies/OruthotaChaletsAdmin/node_modules/decimal.js-light'
73 silly reify ]
74 silly reify mark retired [
74 silly reify   '/Users/thilinaweerasinghe/YELM Technologies/OruthotaChaletsAdmin/node_modules/define-data-property'
74 silly reify ]
75 silly reify mark retired [
75 silly reify   '/Users/thilinaweerasinghe/YELM Technologies/OruthotaChaletsAdmin/node_modules/delayed-stream'
75 silly reify ]
76 silly reify mark retired [
76 silly reify   '/Users/thilinaweerasinghe/YELM Technologies/OruthotaChaletsAdmin/node_modules/destroy'
76 silly reify ]
77 silly reify mark retired [
77 silly reify   '/Users/thilinaweerasinghe/YELM Technologies/OruthotaChaletsAdmin/node_modules/depd'
77 silly reify ]
78 silly reify mark retired [
78 silly reify   '/Users/thilinaweerasinghe/YELM Technologies/OruthotaChaletsAdmin/node_modules/detect-node-es'
78 silly reify ]
79 silly reify mark retired [
79 silly reify   '/Users/thilinaweerasinghe/YELM Technologies/OruthotaChaletsAdmin/node_modules/didyoumean'
79 silly reify ]
80 silly reify mark retired [
80 silly reify   '/Users/thilinaweerasinghe/YELM Technologies/OruthotaChaletsAdmin/node_modules/dlv'
80 silly reify ]
81 silly reify mark retired [
81 silly reify   '/Users/thilinaweerasinghe/YELM Technologies/OruthotaChaletsAdmin/node_modules/dom-helpers'
81 silly reify ]
82 silly reify mark retired [
82 silly reify   '/Users/thilinaweerasinghe/YELM Technologies/OruthotaChaletsAdmin/node_modules/dot-prop'
82 silly reify ]
83 silly reify mark retired [
83 silly reify   '/Users/thilinaweerasinghe/YELM Technologies/OruthotaChaletsAdmin/node_modules/dunder-proto'
83 silly reify ]
84 silly reify mark retired [
84 silly reify   '/Users/thilinaweerasinghe/YELM Technologies/OruthotaChaletsAdmin/node_modules/dotprompt'
84 silly reify ]
85 silly reify mark retired [
85 silly reify   '/Users/thilinaweerasinghe/YELM Technologies/OruthotaChaletsAdmin/node_modules/duplexify'
85 silly reify ]
86 silly reify mark retired [
86 silly reify   '/Users/thilinaweerasinghe/YELM Technologies/OruthotaChaletsAdmin/node_modules/eastasianwidth'
86 silly reify ]
87 silly reify mark retired [
87 silly reify   '/Users/thilinaweerasinghe/YELM Technologies/OruthotaChaletsAdmin/node_modules/ecdsa-sig-formatter'
87 silly reify ]
88 silly reify mark retired [
88 silly reify   '/Users/thilinaweerasinghe/YELM Technologies/OruthotaChaletsAdmin/node_modules/ee-first'
88 silly reify ]
89 silly reify mark retired [
89 silly reify   '/Users/thilinaweerasinghe/YELM Technologies/OruthotaChaletsAdmin/node_modules/embla-carousel'
89 silly reify ]
90 silly reify mark retired [
90 silly reify   '/Users/thilinaweerasinghe/YELM Technologies/OruthotaChaletsAdmin/node_modules/embla-carousel-react'
90 silly reify ]
91 silly reify mark retired [
91 silly reify   '/Users/thilinaweerasinghe/YELM Technologies/OruthotaChaletsAdmin/node_modules/embla-carousel-reactive-utils'
91 silly reify ]
92 silly reify mark retired [
92 silly reify   '/Users/thilinaweerasinghe/YELM Technologies/OruthotaChaletsAdmin/node_modules/enabled'
92 silly reify ]
93 silly reify mark retired [
93 silly reify   '/Users/thilinaweerasinghe/YELM Technologies/OruthotaChaletsAdmin/node_modules/encodeurl'
93 silly reify ]
94 silly reify mark retired [
94 silly reify   '/Users/thilinaweerasinghe/YELM Technologies/OruthotaChaletsAdmin/node_modules/es-define-property'
94 silly reify ]
95 silly reify mark retired [
95 silly reify   '/Users/thilinaweerasinghe/YELM Technologies/OruthotaChaletsAdmin/node_modules/es-errors'
95 silly reify ]
96 silly reify mark retired [
96 silly reify   '/Users/thilinaweerasinghe/YELM Technologies/OruthotaChaletsAdmin/node_modules/es-set-tostringtag'
96 silly reify ]
97 silly reify mark retired [
97 silly reify   '/Users/thilinaweerasinghe/YELM Technologies/OruthotaChaletsAdmin/node_modules/escape-html'
97 silly reify ]
98 silly reify mark retired [
98 silly reify   '/Users/thilinaweerasinghe/YELM Technologies/OruthotaChaletsAdmin/node_modules/etag'
98 silly reify ]
99 silly reify mark retired [
99 silly reify   '/Users/thilinaweerasinghe/YELM Technologies/OruthotaChaletsAdmin/node_modules/event-target-shim'
99 silly reify ]
100 silly reify mark retired [
100 silly reify   '/Users/thilinaweerasinghe/YELM Technologies/OruthotaChaletsAdmin/node_modules/eventemitter3'
100 silly reify ]
101 silly reify mark retired [
101 silly reify   '/Users/thilinaweerasinghe/YELM Technologies/OruthotaChaletsAdmin/node_modules/extend'
101 silly reify ]
102 silly reify mark retired [
102 silly reify   '/Users/thilinaweerasinghe/YELM Technologies/OruthotaChaletsAdmin/node_modules/fast-glob'
102 silly reify ]
103 silly reify mark retired [
103 silly reify   '/Users/thilinaweerasinghe/YELM Technologies/OruthotaChaletsAdmin/node_modules/faye-websocket'
103 silly reify ]
104 silly reify mark retired [
104 silly reify   '/Users/thilinaweerasinghe/YELM Technologies/OruthotaChaletsAdmin/node_modules/fecha'
104 silly reify ]
105 silly reify mark retired [
105 silly reify   '/Users/thilinaweerasinghe/YELM Technologies/OruthotaChaletsAdmin/node_modules/fetch-blob'
105 silly reify ]
106 silly reify mark retired [
106 silly reify   '/Users/thilinaweerasinghe/YELM Technologies/OruthotaChaletsAdmin/node_modules/fill-range'
106 silly reify ]
107 silly reify mark retired [
107 silly reify   '/Users/thilinaweerasinghe/YELM Technologies/OruthotaChaletsAdmin/node_modules/find-yarn-workspace-root'
107 silly reify ]
108 silly reify mark retired [
108 silly reify   '/Users/thilinaweerasinghe/YELM Technologies/OruthotaChaletsAdmin/node_modules/fn.name'
108 silly reify ]
109 silly reify mark retired [
109 silly reify   '/Users/thilinaweerasinghe/YELM Technologies/OruthotaChaletsAdmin/node_modules/formdata-polyfill'
109 silly reify ]
110 silly reify mark retired [
110 silly reify   '/Users/thilinaweerasinghe/YELM Technologies/OruthotaChaletsAdmin/node_modules/forwarded'
110 silly reify ]
111 silly reify mark retired [
111 silly reify   '/Users/thilinaweerasinghe/YELM Technologies/OruthotaChaletsAdmin/node_modules/frac'
111 silly reify ]
112 silly reify mark retired [
112 silly reify   '/Users/thilinaweerasinghe/YELM Technologies/OruthotaChaletsAdmin/node_modules/fresh'
112 silly reify ]
113 silly reify mark retired [
113 silly reify   '/Users/thilinaweerasinghe/YELM Technologies/OruthotaChaletsAdmin/node_modules/fsevents'
113 silly reify ]
114 silly reify mark retired [
114 silly reify   '/Users/thilinaweerasinghe/YELM Technologies/OruthotaChaletsAdmin/node_modules/fs.realpath'
114 silly reify ]
115 silly reify mark retired [
115 silly reify   '/Users/thilinaweerasinghe/YELM Technologies/OruthotaChaletsAdmin/node_modules/function-bind'
115 silly reify ]
116 silly reify mark retired [
116 silly reify   '/Users/thilinaweerasinghe/YELM Technologies/OruthotaChaletsAdmin/node_modules/functional-red-black-tree'
116 silly reify ]
117 silly reify mark retired [
117 silly reify   '/Users/thilinaweerasinghe/YELM Technologies/OruthotaChaletsAdmin/node_modules/gaxios'
117 silly reify ]
118 silly reify mark retired [
118 silly reify   '/Users/thilinaweerasinghe/YELM Technologies/OruthotaChaletsAdmin/node_modules/gcp-metadata'
118 silly reify ]
119 silly reify mark retired [
119 silly reify   '/Users/thilinaweerasinghe/YELM Technologies/OruthotaChaletsAdmin/node_modules/get-caller-file'
119 silly reify ]
120 silly reify mark retired [
120 silly reify   '/Users/thilinaweerasinghe/YELM Technologies/OruthotaChaletsAdmin/node_modules/get-nonce'
120 silly reify ]
121 silly reify mark retired [
121 silly reify   '/Users/thilinaweerasinghe/YELM Technologies/OruthotaChaletsAdmin/node_modules/get-port'
121 silly reify ]
122 silly reify mark retired [
122 silly reify   '/Users/thilinaweerasinghe/YELM Technologies/OruthotaChaletsAdmin/node_modules/get-proto'
122 silly reify ]
123 silly reify mark retired [
123 silly reify   '/Users/thilinaweerasinghe/YELM Technologies/OruthotaChaletsAdmin/node_modules/google-gax'
123 silly reify ]
124 silly reify mark retired [
124 silly reify   '/Users/thilinaweerasinghe/YELM Technologies/OruthotaChaletsAdmin/node_modules/google-logging-utils'
124 silly reify ]
125 silly reify mark retired [
125 silly reify   '/Users/thilinaweerasinghe/YELM Technologies/OruthotaChaletsAdmin/node_modules/google-auth-library'
125 silly reify ]
126 silly reify mark retired [
126 silly reify   '/Users/thilinaweerasinghe/YELM Technologies/OruthotaChaletsAdmin/node_modules/googleapis'
126 silly reify ]
127 silly reify mark retired [
127 silly reify   '/Users/thilinaweerasinghe/YELM Technologies/OruthotaChaletsAdmin/node_modules/googleapis-common'
127 silly reify ]
128 silly reify mark retired [
128 silly reify   '/Users/thilinaweerasinghe/YELM Technologies/OruthotaChaletsAdmin/node_modules/gopd'
128 silly reify ]
129 silly reify mark retired [
129 silly reify   '/Users/thilinaweerasinghe/YELM Technologies/OruthotaChaletsAdmin/node_modules/graceful-fs'
129 silly reify ]
130 silly reify mark retired [
130 silly reify   '/Users/thilinaweerasinghe/YELM Technologies/OruthotaChaletsAdmin/node_modules/gtoken'
130 silly reify ]
131 silly reify mark retired [
131 silly reify   '/Users/thilinaweerasinghe/YELM Technologies/OruthotaChaletsAdmin/node_modules/has-flag'
131 silly reify ]
132 silly reify mark retired [
132 silly reify   '/Users/thilinaweerasinghe/YELM Technologies/OruthotaChaletsAdmin/node_modules/has-property-descriptors'
132 silly reify ]
133 silly reify mark retired [
133 silly reify   '/Users/thilinaweerasinghe/YELM Technologies/OruthotaChaletsAdmin/node_modules/has-symbols'
133 silly reify ]
134 silly reify mark retired [
134 silly reify   '/Users/thilinaweerasinghe/YELM Technologies/OruthotaChaletsAdmin/node_modules/has-tostringtag'
134 silly reify ]
135 silly reify mark retired [
135 silly reify   '/Users/thilinaweerasinghe/YELM Technologies/OruthotaChaletsAdmin/node_modules/html-entities'
135 silly reify ]
136 silly reify mark retired [
136 silly reify   '/Users/thilinaweerasinghe/YELM Technologies/OruthotaChaletsAdmin/node_modules/html5-qrcode'
136 silly reify ]
137 silly reify mark retired [
137 silly reify   '/Users/thilinaweerasinghe/YELM Technologies/OruthotaChaletsAdmin/node_modules/http-parser-js'
137 silly reify ]
138 silly reify mark retired [
138 silly reify   '/Users/thilinaweerasinghe/YELM Technologies/OruthotaChaletsAdmin/node_modules/https-proxy-agent'
138 silly reify ]
139 silly reify mark retired [
139 silly reify   '/Users/thilinaweerasinghe/YELM Technologies/OruthotaChaletsAdmin/node_modules/iceberg-js'
139 silly reify ]
140 silly reify mark retired [
140 silly reify   '/Users/thilinaweerasinghe/YELM Technologies/OruthotaChaletsAdmin/node_modules/iconv-lite'
140 silly reify ]
141 silly reify mark retired [
141 silly reify   '/Users/thilinaweerasinghe/YELM Technologies/OruthotaChaletsAdmin/node_modules/inherits'
141 silly reify ]
142 silly reify mark retired [
142 silly reify   '/Users/thilinaweerasinghe/YELM Technologies/OruthotaChaletsAdmin/node_modules/internmap'
142 silly reify ]
143 silly reify mark retired [
143 silly reify   '/Users/thilinaweerasinghe/YELM Technologies/OruthotaChaletsAdmin/node_modules/inflight'
143 silly reify ]
144 silly reify mark retired [
144 silly reify   '/Users/thilinaweerasinghe/YELM Technologies/OruthotaChaletsAdmin/node_modules/ipaddr.js'
144 silly reify ]
145 silly reify mark retired [
145 silly reify   '/Users/thilinaweerasinghe/YELM Technologies/OruthotaChaletsAdmin/node_modules/is-binary-path'
145 silly reify ]
146 silly reify mark retired [
146 silly reify   '/Users/thilinaweerasinghe/YELM Technologies/OruthotaChaletsAdmin/node_modules/is-docker'
146 silly reify ]
147 silly reify mark retired [
147 silly reify   '/Users/thilinaweerasinghe/YELM Technologies/OruthotaChaletsAdmin/node_modules/is-fullwidth-code-point'
147 silly reify ]
148 silly reify mark retired [
148 silly reify   '/Users/thilinaweerasinghe/YELM Technologies/OruthotaChaletsAdmin/node_modules/is-number'
148 silly reify ]
149 silly reify mark retired [
149 silly reify   '/Users/thilinaweerasinghe/YELM Technologies/OruthotaChaletsAdmin/node_modules/is-obj'
149 silly reify ]
150 silly reify mark retired [
150 silly reify   '/Users/thilinaweerasinghe/YELM Technologies/OruthotaChaletsAdmin/node_modules/is-stream'
150 silly reify ]
151 silly reify mark retired [
151 silly reify   '/Users/thilinaweerasinghe/YELM Technologies/OruthotaChaletsAdmin/node_modules/isarray'
151 silly reify ]
152 silly reify mark retired [
152 silly reify   '/Users/thilinaweerasinghe/YELM Technologies/OruthotaChaletsAdmin/node_modules/jackspeak'
152 silly reify ]
153 silly reify mark retired [
153 silly reify   '/Users/thilinaweerasinghe/YELM Technologies/OruthotaChaletsAdmin/node_modules/jiti'
153 silly reify ]
154 silly reify mark retired [
154 silly reify   '/Users/thilinaweerasinghe/YELM Technologies/OruthotaChaletsAdmin/node_modules/jodit-react'
154 silly reify ]
155 silly reify mark retired [
155 silly reify   '/Users/thilinaweerasinghe/YELM Technologies/OruthotaChaletsAdmin/node_modules/js-tokens'
155 silly reify ]
156 silly reify mark retired [
156 silly reify   '/Users/thilinaweerasinghe/YELM Technologies/OruthotaChaletsAdmin/node_modules/json-bigint'
156 silly reify ]
157 silly reify mark retired [
157 silly reify   '/Users/thilinaweerasinghe/YELM Technologies/OruthotaChaletsAdmin/node_modules/json-schema'
157 silly reify ]
158 silly reify mark retired [
158 silly reify   '/Users/thilinaweerasinghe/YELM Technologies/OruthotaChaletsAdmin/node_modules/json5'
158 silly reify ]
159 silly reify mark retired [
159 silly reify   '/Users/thilinaweerasinghe/YELM Technologies/OruthotaChaletsAdmin/node_modules/jsonify'
159 silly reify ]
160 silly reify mark retired [
160 silly reify   '/Users/thilinaweerasinghe/YELM Technologies/OruthotaChaletsAdmin/node_modules/klaw-sync'
160 silly reify ]
161 silly reify mark retired [
161 silly reify   '/Users/thilinaweerasinghe/YELM Technologies/OruthotaChaletsAdmin/node_modules/kuler'
161 silly reify ]
162 silly reify mark retired [
162 silly reify   '/Users/thilinaweerasinghe/YELM Technologies/OruthotaChaletsAdmin/node_modules/lilconfig'
162 silly reify ]
163 silly reify mark retired [
163 silly reify   '/Users/thilinaweerasinghe/YELM Technologies/OruthotaChaletsAdmin/node_modules/limiter'
163 silly reify ]
164 silly reify mark retired [
164 silly reify   '/Users/thilinaweerasinghe/YELM Technologies/OruthotaChaletsAdmin/node_modules/lines-and-columns'
164 silly reify ]
165 silly reify mark retired [
165 silly reify   '/Users/thilinaweerasinghe/YELM Technologies/OruthotaChaletsAdmin/node_modules/lodash.camelcase'
165 silly reify ]
166 silly reify mark retired [
166 silly reify   '/Users/thilinaweerasinghe/YELM Technologies/OruthotaChaletsAdmin/node_modules/lodash.clonedeep'
166 silly reify ]
167 silly reify mark retired [
167 silly reify   '/Users/thilinaweerasinghe/YELM Technologies/OruthotaChaletsAdmin/node_modules/lodash.includes'
167 silly reify ]
168 silly reify mark retired [
168 silly reify   '/Users/thilinaweerasinghe/YELM Technologies/OruthotaChaletsAdmin/node_modules/lodash.isboolean'
168 silly reify ]
169 silly reify mark retired [
169 silly reify   '/Users/thilinaweerasinghe/YELM Technologies/OruthotaChaletsAdmin/node_modules/lodash.isinteger'
169 silly reify ]
170 silly reify mark retired [
170 silly reify   '/Users/thilinaweerasinghe/YELM Technologies/OruthotaChaletsAdmin/node_modules/lodash.isnumber'
170 silly reify ]
171 silly reify mark retired [
171 silly reify   '/Users/thilinaweerasinghe/YELM Technologies/OruthotaChaletsAdmin/node_modules/lodash.isplainobject'
171 silly reify ]
172 silly reify mark retired [
172 silly reify   '/Users/thilinaweerasinghe/YELM Technologies/OruthotaChaletsAdmin/node_modules/lodash.isstring'
172 silly reify ]
173 silly reify mark retired [
173 silly reify   '/Users/thilinaweerasinghe/YELM Technologies/OruthotaChaletsAdmin/node_modules/lodash.mapvalues'
173 silly reify ]
174 silly reify mark retired [
174 silly reify   '/Users/thilinaweerasinghe/YELM Technologies/OruthotaChaletsAdmin/node_modules/lodash.merge'
174 silly reify ]
175 silly reify mark retired [
175 silly reify   '/Users/thilinaweerasinghe/YELM Technologies/OruthotaChaletsAdmin/node_modules/lodash.once'
175 silly reify ]
176 silly reify mark retired [
176 silly reify   '/Users/thilinaweerasinghe/YELM Technologies/OruthotaChaletsAdmin/node_modules/logform'
176 silly reify ]
177 silly reify mark retired [
177 silly reify   '/Users/thilinaweerasinghe/YELM Technologies/OruthotaChaletsAdmin/node_modules/loose-envify'
177 silly reify ]
178 silly reify mark retired [
178 silly reify   '/Users/thilinaweerasinghe/YELM Technologies/OruthotaChaletsAdmin/node_modules/lucide-react'
178 silly reify ]
179 silly reify mark retired [
179 silly reify   '/Users/thilinaweerasinghe/YELM Technologies/OruthotaChaletsAdmin/node_modules/make-error'
179 silly reify ]
180 silly reify mark retired [
180 silly reify   '/Users/thilinaweerasinghe/YELM Technologies/OruthotaChaletsAdmin/node_modules/media-typer'
180 silly reify ]
181 silly reify mark retired [
181 silly reify   '/Users/thilinaweerasinghe/YELM Technologies/OruthotaChaletsAdmin/node_modules/merge-descriptors'
181 silly reify ]
182 silly reify mark retired [
182 silly reify   '/Users/thilinaweerasinghe/YELM Technologies/OruthotaChaletsAdmin/node_modules/merge2'
182 silly reify ]
183 silly reify mark retired [
183 silly reify   '/Users/thilinaweerasinghe/YELM Technologies/OruthotaChaletsAdmin/node_modules/methods'
183 silly reify ]
184 silly reify mark retired [
184 silly reify   '/Users/thilinaweerasinghe/YELM Technologies/OruthotaChaletsAdmin/node_modules/math-intrinsics'
184 silly reify ]
185 silly reify mark retired [
185 silly reify   '/Users/thilinaweerasinghe/YELM Technologies/OruthotaChaletsAdmin/node_modules/micromatch'
185 silly reify ]
186 silly reify mark retired [
186 silly reify   '/Users/thilinaweerasinghe/YELM Technologies/OruthotaChaletsAdmin/node_modules/mime'
186 silly reify ]
187 silly reify mark retired [
187 silly reify   '/Users/thilinaweerasinghe/YELM Technologies/OruthotaChaletsAdmin/node_modules/mime-db'
187 silly reify ]
188 silly reify mark retired [
188 silly reify   '/Users/thilinaweerasinghe/YELM Technologies/OruthotaChaletsAdmin/node_modules/mime-types'
188 silly reify ]
189 silly reify mark retired [
189 silly reify   '/Users/thilinaweerasinghe/YELM Technologies/OruthotaChaletsAdmin/node_modules/minimist'
189 silly reify ]
190 silly reify mark retired [
190 silly reify   '/Users/thilinaweerasinghe/YELM Technologies/OruthotaChaletsAdmin/node_modules/module-details-from-path'
190 silly reify ]
191 silly reify mark retired [
191 silly reify   '/Users/thilinaweerasinghe/YELM Technologies/OruthotaChaletsAdmin/node_modules/ms'
191 silly reify ]
192 silly reify mark retired [
192 silly reify   '/Users/thilinaweerasinghe/YELM Technologies/OruthotaChaletsAdmin/node_modules/mz'
192 silly reify ]
193 silly reify mark retired [
193 silly reify   '/Users/thilinaweerasinghe/YELM Technologies/OruthotaChaletsAdmin/node_modules/negotiator'
193 silly reify ]
194 silly reify mark retired [
194 silly reify   '/Users/thilinaweerasinghe/YELM Technologies/OruthotaChaletsAdmin/node_modules/neo-async'
194 silly reify ]
195 silly reify mark retired [
195 silly reify   '/Users/thilinaweerasinghe/YELM Technologies/OruthotaChaletsAdmin/node_modules/node-domexception'
195 silly reify ]
196 silly reify mark retired [
196 silly reify   '/Users/thilinaweerasinghe/YELM Technologies/OruthotaChaletsAdmin/node_modules/node-fetch'
196 silly reify ]
197 silly reify mark retired [
197 silly reify   '/Users/thilinaweerasinghe/YELM Technologies/OruthotaChaletsAdmin/node_modules/normalize-path'
197 silly reify ]
198 silly reify mark retired [
198 silly reify   '/Users/thilinaweerasinghe/YELM Technologies/OruthotaChaletsAdmin/node_modules/object-assign'
198 silly reify ]
199 silly reify mark retired [
199 silly reify   '/Users/thilinaweerasinghe/YELM Technologies/OruthotaChaletsAdmin/node_modules/object-hash'
199 silly reify ]
200 silly reify mark retired [
200 silly reify   '/Users/thilinaweerasinghe/YELM Technologies/OruthotaChaletsAdmin/node_modules/object-inspect'
200 silly reify ]
201 silly reify mark retired [
201 silly reify   '/Users/thilinaweerasinghe/YELM Technologies/OruthotaChaletsAdmin/node_modules/object-keys'
201 silly reify ]
202 silly reify mark retired [
202 silly reify   '/Users/thilinaweerasinghe/YELM Technologies/OruthotaChaletsAdmin/node_modules/on-finished'
202 silly reify ]
203 silly reify mark retired [
203 silly reify   '/Users/thilinaweerasinghe/YELM Technologies/OruthotaChaletsAdmin/node_modules/once'
203 silly reify ]
204 silly reify mark retired [
204 silly reify   '/Users/thilinaweerasinghe/YELM Technologies/OruthotaChaletsAdmin/node_modules/one-time'
204 silly reify ]
205 silly reify mark retired [
205 silly reify   '/Users/thilinaweerasinghe/YELM Technologies/OruthotaChaletsAdmin/node_modules/package-json-from-dist'
205 silly reify ]
206 silly reify mark retired [
206 silly reify   '/Users/thilinaweerasinghe/YELM Technologies/OruthotaChaletsAdmin/node_modules/parseurl'
206 silly reify ]
207 silly reify mark retired [
207 silly reify   '/Users/thilinaweerasinghe/YELM Technologies/OruthotaChaletsAdmin/node_modules/partial-json'
207 silly reify ]
208 silly reify mark retired [
208 silly reify   '/Users/thilinaweerasinghe/YELM Technologies/OruthotaChaletsAdmin/node_modules/path-is-absolute'
208 silly reify ]
209 silly reify mark retired [
209 silly reify   '/Users/thilinaweerasinghe/YELM Technologies/OruthotaChaletsAdmin/node_modules/path-parse'
209 silly reify ]
210 silly reify mark retired [
210 silly reify   '/Users/thilinaweerasinghe/YELM Technologies/OruthotaChaletsAdmin/node_modules/path-scurry'
210 silly reify ]
211 silly reify mark retired [
211 silly reify   '/Users/thilinaweerasinghe/YELM Technologies/OruthotaChaletsAdmin/node_modules/pg-int8'
211 silly reify ]
212 silly reify mark retired [
212 silly reify   '/Users/thilinaweerasinghe/YELM Technologies/OruthotaChaletsAdmin/node_modules/pg-types'
212 silly reify ]
213 silly reify mark retired [
213 silly reify   '/Users/thilinaweerasinghe/YELM Technologies/OruthotaChaletsAdmin/node_modules/picocolors'
213 silly reify ]
214 silly reify mark retired [
214 silly reify   '/Users/thilinaweerasinghe/YELM Technologies/OruthotaChaletsAdmin/node_modules/postcss-import'
214 silly reify ]
215 silly reify mark retired [
215 silly reify   '/Users/thilinaweerasinghe/YELM Technologies/OruthotaChaletsAdmin/node_modules/postcss-nested'
215 silly reify ]
216 silly reify mark retired [
216 silly reify   '/Users/thilinaweerasinghe/YELM Technologies/OruthotaChaletsAdmin/node_modules/postcss-value-parser'
216 silly reify ]
217 silly reify mark retired [
217 silly reify   '/Users/thilinaweerasinghe/YELM Technologies/OruthotaChaletsAdmin/node_modules/postgres-array'
217 silly reify ]
218 silly reify mark retired [
218 silly reify   '/Users/thilinaweerasinghe/YELM Technologies/OruthotaChaletsAdmin/node_modules/postgres-date'
218 silly reify ]
219 silly reify mark retired [
219 silly reify   '/Users/thilinaweerasinghe/YELM Technologies/OruthotaChaletsAdmin/node_modules/postgres-interval'
219 silly reify ]
220 silly reify mark retired [
220 silly reify   '/Users/thilinaweerasinghe/YELM Technologies/OruthotaChaletsAdmin/node_modules/prop-types'
220 silly reify ]
221 silly reify mark retired [
221 silly reify   '/Users/thilinaweerasinghe/YELM Technologies/OruthotaChaletsAdmin/node_modules/proto3-json-serializer'
221 silly reify ]
222 silly reify mark retired [
222 silly reify   '/Users/thilinaweerasinghe/YELM Technologies/OruthotaChaletsAdmin/node_modules/proxy-addr'
222 silly reify ]
223 silly reify mark retired [
223 silly reify   '/Users/thilinaweerasinghe/YELM Technologies/OruthotaChaletsAdmin/node_modules/pumpify'
223 silly reify ]
224 silly reify mark retired [
224 silly reify   '/Users/thilinaweerasinghe/YELM Technologies/OruthotaChaletsAdmin/node_modules/range-parser'
224 silly reify ]
225 silly reify mark retired [
225 silly reify   '/Users/thilinaweerasinghe/YELM Technologies/OruthotaChaletsAdmin/node_modules/queue-microtask'
225 silly reify ]
226 silly reify mark retired [
226 silly reify   '/Users/thilinaweerasinghe/YELM Technologies/OruthotaChaletsAdmin/node_modules/react'
226 silly reify ]
227 silly reify mark retired [
227 silly reify   '/Users/thilinaweerasinghe/YELM Technologies/OruthotaChaletsAdmin/node_modules/react-dom'
227 silly reify ]
228 silly reify mark retired [
228 silly reify   '/Users/thilinaweerasinghe/YELM Technologies/OruthotaChaletsAdmin/node_modules/react-is'
228 silly reify ]
229 silly reify mark retired [
229 silly reify   '/Users/thilinaweerasinghe/YELM Technologies/OruthotaChaletsAdmin/node_modules/react-remove-scroll-bar'
229 silly reify ]
230 silly reify mark retired [
230 silly reify   '/Users/thilinaweerasinghe/YELM Technologies/OruthotaChaletsAdmin/node_modules/react-smooth'
230 silly reify ]
231 silly reify mark retired [
231 silly reify   '/Users/thilinaweerasinghe/YELM Technologies/OruthotaChaletsAdmin/node_modules/react-style-singleton'
231 silly reify ]
232 silly reify mark retired [
232 silly reify   '/Users/thilinaweerasinghe/YELM Technologies/OruthotaChaletsAdmin/node_modules/react-transition-group'
232 silly reify ]
233 silly reify mark retired [
233 silly reify   '/Users/thilinaweerasinghe/YELM Technologies/OruthotaChaletsAdmin/node_modules/readable-stream'
233 silly reify ]
234 silly reify mark retired [
234 silly reify   '/Users/thilinaweerasinghe/YELM Technologies/OruthotaChaletsAdmin/node_modules/readdirp'
234 silly reify ]
235 silly reify mark retired [
235 silly reify   '/Users/thilinaweerasinghe/YELM Technologies/OruthotaChaletsAdmin/node_modules/recharts-scale'
235 silly reify ]
236 silly reify mark retired [
236 silly reify   '/Users/thilinaweerasinghe/YELM Technologies/OruthotaChaletsAdmin/node_modules/require-directory'
236 silly reify ]
237 silly reify mark retired [
237 silly reify   '/Users/thilinaweerasinghe/YELM Technologies/OruthotaChaletsAdmin/node_modules/require-from-string'
237 silly reify ]
238 silly reify mark retired [
238 silly reify   '/Users/thilinaweerasinghe/YELM Technologies/OruthotaChaletsAdmin/node_modules/require-in-the-middle'
238 silly reify ]
239 silly reify mark retired [
239 silly reify   '/Users/thilinaweerasinghe/YELM Technologies/OruthotaChaletsAdmin/node_modules/retry'
239 silly reify ]
240 silly reify mark retired [
240 silly reify   '/Users/thilinaweerasinghe/YELM Technologies/OruthotaChaletsAdmin/node_modules/rimraf'
240 silly reify ]
241 silly reify mark retired [
241 silly reify   '/Users/thilinaweerasinghe/YELM Technologies/OruthotaChaletsAdmin/node_modules/run-parallel'
241 silly reify ]
242 silly reify mark retired [
242 silly reify   '/Users/thilinaweerasinghe/YELM Technologies/OruthotaChaletsAdmin/node_modules/safe-buffer'
242 silly reify ]
243 silly reify mark retired [
243 silly reify   '/Users/thilinaweerasinghe/YELM Technologies/OruthotaChaletsAdmin/node_modules/safe-stable-stringify'
243 silly reify ]
244 silly reify mark retired [
244 silly reify   '/Users/thilinaweerasinghe/YELM Technologies/OruthotaChaletsAdmin/node_modules/safer-buffer'
244 silly reify ]
245 silly reify mark retired [
245 silly reify   '/Users/thilinaweerasinghe/YELM Technologies/OruthotaChaletsAdmin/node_modules/scheduler'
245 silly reify ]
246 silly reify mark retired [
246 silly reify   '/Users/thilinaweerasinghe/YELM Technologies/OruthotaChaletsAdmin/node_modules/set-function-length'
246 silly reify ]
247 silly reify mark retired [
247 silly reify   '/Users/thilinaweerasinghe/YELM Technologies/OruthotaChaletsAdmin/node_modules/setprototypeof'
247 silly reify ]
248 silly reify mark retired [
248 silly reify   '/Users/thilinaweerasinghe/YELM Technologies/OruthotaChaletsAdmin/node_modules/shimmer'
248 silly reify ]
249 silly reify mark retired [
249 silly reify   '/Users/thilinaweerasinghe/YELM Technologies/OruthotaChaletsAdmin/node_modules/side-channel-map'
249 silly reify ]
250 silly reify mark retired [
250 silly reify   '/Users/thilinaweerasinghe/YELM Technologies/OruthotaChaletsAdmin/node_modules/side-channel-weakmap'
250 silly reify ]
251 silly reify mark retired [
251 silly reify   '/Users/thilinaweerasinghe/YELM Technologies/OruthotaChaletsAdmin/node_modules/signal-exit'
251 silly reify ]
252 silly reify mark retired [
252 silly reify   '/Users/thilinaweerasinghe/YELM Technologies/OruthotaChaletsAdmin/node_modules/slash'
252 silly reify ]
253 silly reify mark retired [
253 silly reify   '/Users/thilinaweerasinghe/YELM Technologies/OruthotaChaletsAdmin/node_modules/source-map'
253 silly reify ]
254 silly reify mark retired [
254 silly reify   '/Users/thilinaweerasinghe/YELM Technologies/OruthotaChaletsAdmin/node_modules/source-map-js'
254 silly reify ]
255 silly reify mark retired [
255 silly reify   '/Users/thilinaweerasinghe/YELM Technologies/OruthotaChaletsAdmin/node_modules/ssf'
255 silly reify ]
256 silly reify mark retired [
256 silly reify   '/Users/thilinaweerasinghe/YELM Technologies/OruthotaChaletsAdmin/node_modules/stack-trace'
256 silly reify ]
257 silly reify mark retired [
257 silly reify   '/Users/thilinaweerasinghe/YELM Technologies/OruthotaChaletsAdmin/node_modules/stream-shift'
257 silly reify ]
258 silly reify mark retired [
258 silly reify   '/Users/thilinaweerasinghe/YELM Technologies/OruthotaChaletsAdmin/node_modules/stream-events'
258 silly reify ]
259 silly reify mark retired [
259 silly reify   '/Users/thilinaweerasinghe/YELM Technologies/OruthotaChaletsAdmin/node_modules/streamsearch'
259 silly reify ]
260 silly reify mark retired [
260 silly reify   '/Users/thilinaweerasinghe/YELM Technologies/OruthotaChaletsAdmin/node_modules/string_decoder'
260 silly reify ]
261 silly reify mark retired [
261 silly reify   '/Users/thilinaweerasinghe/YELM Technologies/OruthotaChaletsAdmin/node_modules/stubs'
261 silly reify ]
262 silly reify mark retired [
262 silly reify   '/Users/thilinaweerasinghe/YELM Technologies/OruthotaChaletsAdmin/node_modules/styled-jsx'
262 silly reify ]
263 silly reify mark retired [
263 silly reify   '/Users/thilinaweerasinghe/YELM Technologies/OruthotaChaletsAdmin/node_modules/supports-color'
263 silly reify ]
264 silly reify mark retired [
264 silly reify   '/Users/thilinaweerasinghe/YELM Technologies/OruthotaChaletsAdmin/node_modules/supports-preserve-symlinks-flag'
264 silly reify ]
265 silly reify mark retired [
265 silly reify   '/Users/thilinaweerasinghe/YELM Technologies/OruthotaChaletsAdmin/node_modules/tailwindcss-animate'
265 silly reify ]
266 silly reify mark retired [
266 silly reify   '/Users/thilinaweerasinghe/YELM Technologies/OruthotaChaletsAdmin/node_modules/text-hex'
266 silly reify ]
267 silly reify mark retired [
267 silly reify   '/Users/thilinaweerasinghe/YELM Technologies/OruthotaChaletsAdmin/node_modules/thenify'
267 silly reify ]
268 silly reify mark retired [
268 silly reify   '/Users/thilinaweerasinghe/YELM Technologies/OruthotaChaletsAdmin/node_modules/thenify-all'
268 silly reify ]
269 silly reify mark retired [
269 silly reify   '/Users/thilinaweerasinghe/YELM Technologies/OruthotaChaletsAdmin/node_modules/tiny-invariant'
269 silly reify ]
270 silly reify mark retired [
270 silly reify   '/Users/thilinaweerasinghe/YELM Technologies/OruthotaChaletsAdmin/node_modules/to-regex-range'
270 silly reify ]
271 silly reify mark retired [
271 silly reify   '/Users/thilinaweerasinghe/YELM Technologies/OruthotaChaletsAdmin/node_modules/toidentifier'
271 silly reify ]
272 silly reify mark retired [
272 silly reify   '/Users/thilinaweerasinghe/YELM Technologies/OruthotaChaletsAdmin/node_modules/tr46'
272 silly reify ]
273 silly reify mark retired [
273 silly reify   '/Users/thilinaweerasinghe/YELM Technologies/OruthotaChaletsAdmin/node_modules/triple-beam'
273 silly reify ]
274 silly reify mark retired [
274 silly reify   '/Users/thilinaweerasinghe/YELM Technologies/OruthotaChaletsAdmin/node_modules/ts-interface-checker'
274 silly reify ]
275 silly reify mark retired [
275 silly reify   '/Users/thilinaweerasinghe/YELM Technologies/OruthotaChaletsAdmin/node_modules/ts-node'
275 silly reify ]
276 silly reify mark retired [
276 silly reify   '/Users/thilinaweerasinghe/YELM Technologies/OruthotaChaletsAdmin/node_modules/tslib'
276 silly reify ]
277 silly reify mark retired [
277 silly reify   '/Users/thilinaweerasinghe/YELM Technologies/OruthotaChaletsAdmin/node_modules/type-is'
277 silly reify ]
278 silly reify mark retired [
278 silly reify   '/Users/thilinaweerasinghe/YELM Technologies/OruthotaChaletsAdmin/node_modules/uglify-js'
278 silly reify ]
279 silly reify mark retired [
279 silly reify   '/Users/thilinaweerasinghe/YELM Technologies/OruthotaChaletsAdmin/node_modules/universalify'
279 silly reify ]
280 silly reify mark retired [
280 silly reify   '/Users/thilinaweerasinghe/YELM Technologies/OruthotaChaletsAdmin/node_modules/unpipe'
280 silly reify ]
281 silly reify mark retired [
281 silly reify   '/Users/thilinaweerasinghe/YELM Technologies/OruthotaChaletsAdmin/node_modules/uri-templates'
281 silly reify ]
282 silly reify mark retired [
282 silly reify   '/Users/thilinaweerasinghe/YELM Technologies/OruthotaChaletsAdmin/node_modules/url-template'
282 silly reify ]
283 silly reify mark retired [
283 silly reify   '/Users/thilinaweerasinghe/YELM Technologies/OruthotaChaletsAdmin/node_modules/use-sidecar'
283 silly reify ]
284 silly reify mark retired [
284 silly reify   '/Users/thilinaweerasinghe/YELM Technologies/OruthotaChaletsAdmin/node_modules/use-callback-ref'
284 silly reify ]
285 silly reify mark retired [
285 silly reify   '/Users/thilinaweerasinghe/YELM Technologies/OruthotaChaletsAdmin/node_modules/util-deprecate'
285 silly reify ]
286 silly reify mark retired [
286 silly reify   '/Users/thilinaweerasinghe/YELM Technologies/OruthotaChaletsAdmin/node_modules/utils-merge'
286 silly reify ]
287 silly reify mark retired [
287 silly reify   '/Users/thilinaweerasinghe/YELM Technologies/OruthotaChaletsAdmin/node_modules/v8-compile-cache-lib'
287 silly reify ]
288 silly reify mark retired [
288 silly reify   '/Users/thilinaweerasinghe/YELM Technologies/OruthotaChaletsAdmin/node_modules/vary'
288 silly reify ]
289 silly reify mark retired [
289 silly reify   '/Users/thilinaweerasinghe/YELM Technologies/OruthotaChaletsAdmin/node_modules/victory-vendor'
289 silly reify ]
290 silly reify mark retired [
290 silly reify   '/Users/thilinaweerasinghe/YELM Technologies/OruthotaChaletsAdmin/node_modules/web-streams-polyfill'
290 silly reify ]
291 silly reify mark retired [
291 silly reify   '/Users/thilinaweerasinghe/YELM Technologies/OruthotaChaletsAdmin/node_modules/webidl-conversions'
291 silly reify ]
292 silly reify mark retired [
292 silly reify   '/Users/thilinaweerasinghe/YELM Technologies/OruthotaChaletsAdmin/node_modules/websocket-extensions'
292 silly reify ]
293 silly reify mark retired [
293 silly reify   '/Users/thilinaweerasinghe/YELM Technologies/OruthotaChaletsAdmin/node_modules/whatwg-url'
293 silly reify ]
294 silly reify mark retired [
294 silly reify   '/Users/thilinaweerasinghe/YELM Technologies/OruthotaChaletsAdmin/node_modules/winston-transport'
294 silly reify ]
295 silly reify mark retired [
295 silly reify   '/Users/thilinaweerasinghe/YELM Technologies/OruthotaChaletsAdmin/node_modules/wmf'
295 silly reify ]
296 silly reify mark retired [
296 silly reify   '/Users/thilinaweerasinghe/YELM Technologies/OruthotaChaletsAdmin/node_modules/word'
296 silly reify ]
297 silly reify mark retired [
297 silly reify   '/Users/thilinaweerasinghe/YELM Technologies/OruthotaChaletsAdmin/node_modules/wordwrap'
297 silly reify ]
298 silly reify mark retired [
298 silly reify   '/Users/thilinaweerasinghe/YELM Technologies/OruthotaChaletsAdmin/node_modules/wrap-ansi-cjs'
298 silly reify ]
299 silly reify mark retired [
299 silly reify   '/Users/thilinaweerasinghe/YELM Technologies/OruthotaChaletsAdmin/node_modules/wrappy'
299 silly reify ]
300 silly reify mark retired [
300 silly reify   '/Users/thilinaweerasinghe/YELM Technologies/OruthotaChaletsAdmin/node_modules/xlsx'
300 silly reify ]
301 silly reify mark retired [
301 silly reify   '/Users/thilinaweerasinghe/YELM Technologies/OruthotaChaletsAdmin/node_modules/y18n'
301 silly reify ]
302 silly reify mark retired [
302 silly reify   '/Users/thilinaweerasinghe/YELM Technologies/OruthotaChaletsAdmin/node_modules/xtend'
302 silly reify ]
303 silly reify mark retired [
303 silly reify   '/Users/thilinaweerasinghe/YELM Technologies/OruthotaChaletsAdmin/node_modules/yargs-parser'
303 silly reify ]
304 silly reify mark retired [
304 silly reify   '/Users/thilinaweerasinghe/YELM Technologies/OruthotaChaletsAdmin/node_modules/yn'
304 silly reify ]
305 silly reify mark retired [
305 silly reify   '/Users/thilinaweerasinghe/YELM Technologies/OruthotaChaletsAdmin/node_modules/@cspotcode/source-map-support'
305 silly reify ]
306 silly reify mark retired [
306 silly reify   '/Users/thilinaweerasinghe/YELM Technologies/OruthotaChaletsAdmin/node_modules/@dnd-kit/accessibility'
306 silly reify ]
307 silly reify mark retired [
307 silly reify   '/Users/thilinaweerasinghe/YELM Technologies/OruthotaChaletsAdmin/node_modules/@dnd-kit/core'
307 silly reify ]
308 silly reify mark retired [
308 silly reify   '/Users/thilinaweerasinghe/YELM Technologies/OruthotaChaletsAdmin/node_modules/@dnd-kit/modifiers'
308 silly reify ]
309 silly reify mark retired [
309 silly reify   '/Users/thilinaweerasinghe/YELM Technologies/OruthotaChaletsAdmin/node_modules/@dnd-kit/utilities'
309 silly reify ]
310 silly reify mark retired [
310 silly reify   '/Users/thilinaweerasinghe/YELM Technologies/OruthotaChaletsAdmin/node_modules/@dnd-kit/sortable'
310 silly reify ]
311 silly reify mark retired [
311 silly reify   '/Users/thilinaweerasinghe/YELM Technologies/OruthotaChaletsAdmin/node_modules/@google-cloud/firestore'
311 silly reify ]
312 silly reify mark retired [
312 silly reify   '/Users/thilinaweerasinghe/YELM Technologies/OruthotaChaletsAdmin/node_modules/@google-cloud/opentelemetry-cloud-monitoring-exporter'
312 silly reify ]
313 silly reify mark retired [
313 silly reify   '/Users/thilinaweerasinghe/YELM Technologies/OruthotaChaletsAdmin/node_modules/@google-cloud/opentelemetry-cloud-trace-exporter'
313 silly reify ]
314 silly reify mark retired [
314 silly reify   '/Users/thilinaweerasinghe/YELM Technologies/OruthotaChaletsAdmin/node_modules/@google-cloud/opentelemetry-resource-util'
314 silly reify ]
315 silly reify mark retired [
315 silly reify   '/Users/thilinaweerasinghe/YELM Technologies/OruthotaChaletsAdmin/node_modules/@google-cloud/paginator'
315 silly reify ]
316 silly reify mark retired [
316 silly reify   '/Users/thilinaweerasinghe/YELM Technologies/OruthotaChaletsAdmin/node_modules/@google-cloud/precise-date'
316 silly reify ]
317 silly reify mark retired [
317 silly reify   '/Users/thilinaweerasinghe/YELM Technologies/OruthotaChaletsAdmin/node_modules/@google-cloud/projectify'
317 silly reify ]
318 silly reify mark retired [
318 silly reify   '/Users/thilinaweerasinghe/YELM Technologies/OruthotaChaletsAdmin/node_modules/@google-cloud/promisify'
318 silly reify ]
319 silly reify mark retired [
319 silly reify   '/Users/thilinaweerasinghe/YELM Technologies/OruthotaChaletsAdmin/node_modules/@hookform/resolvers'
319 silly reify ]
320 silly reify mark retired [
320 silly reify   '/Users/thilinaweerasinghe/YELM Technologies/OruthotaChaletsAdmin/node_modules/@isaacs/cliui'
320 silly reify ]
321 silly reify mark retired [
321 silly reify   '/Users/thilinaweerasinghe/YELM Technologies/OruthotaChaletsAdmin/node_modules/@jridgewell/resolve-uri'
321 silly reify ]
322 silly reify mark retired [
322 silly reify   '/Users/thilinaweerasinghe/YELM Technologies/OruthotaChaletsAdmin/node_modules/@js-sdsl/ordered-map'
322 silly reify ]
323 silly reify mark retired [
323 silly reify   '/Users/thilinaweerasinghe/YELM Technologies/OruthotaChaletsAdmin/node_modules/@next/env'
323 silly reify ]
324 silly reify mark retired [
324 silly reify   '/Users/thilinaweerasinghe/YELM Technologies/OruthotaChaletsAdmin/node_modules/@nodelib/fs.scandir'
324 silly reify ]
325 silly reify mark retired [
325 silly reify   '/Users/thilinaweerasinghe/YELM Technologies/OruthotaChaletsAdmin/node_modules/@nodelib/fs.stat'
325 silly reify ]
326 silly reify mark retired [
326 silly reify   '/Users/thilinaweerasinghe/YELM Technologies/OruthotaChaletsAdmin/node_modules/@nodelib/fs.walk'
326 silly reify ]
327 silly reify mark retired [
327 silly reify   '/Users/thilinaweerasinghe/YELM Technologies/OruthotaChaletsAdmin/node_modules/@opentelemetry/auto-instrumentations-node'
327 silly reify ]
328 silly reify mark retired [
328 silly reify   '/Users/thilinaweerasinghe/YELM Technologies/OruthotaChaletsAdmin/node_modules/@opentelemetry/api-logs'
328 silly reify ]
329 silly reify mark retired [
329 silly reify   '/Users/thilinaweerasinghe/YELM Technologies/OruthotaChaletsAdmin/node_modules/@opentelemetry/core'
329 silly reify ]
330 silly reify mark retired [
330 silly reify   '/Users/thilinaweerasinghe/YELM Technologies/OruthotaChaletsAdmin/node_modules/@opentelemetry/context-async-hooks'
330 silly reify ]
331 silly reify mark retired [
331 silly reify   '/Users/thilinaweerasinghe/YELM Technologies/OruthotaChaletsAdmin/node_modules/@opentelemetry/exporter-trace-otlp-grpc'
331 silly reify ]
332 silly reify mark retired [
332 silly reify   '/Users/thilinaweerasinghe/YELM Technologies/OruthotaChaletsAdmin/node_modules/@opentelemetry/exporter-trace-otlp-http'
332 silly reify ]
333 silly reify mark retired [
333 silly reify   '/Users/thilinaweerasinghe/YELM Technologies/OruthotaChaletsAdmin/node_modules/@opentelemetry/exporter-trace-otlp-proto'
333 silly reify ]
334 silly reify mark retired [
334 silly reify   '/Users/thilinaweerasinghe/YELM Technologies/OruthotaChaletsAdmin/node_modules/@opentelemetry/exporter-zipkin'
334 silly reify ]
335 silly reify mark retired [
335 silly reify   '/Users/thilinaweerasinghe/YELM Technologies/OruthotaChaletsAdmin/node_modules/@opentelemetry/instrumentation'
335 silly reify ]
336 silly reify mark retired [
336 silly reify   '/Users/thilinaweerasinghe/YELM Technologies/OruthotaChaletsAdmin/node_modules/@opentelemetry/instrumentation-amqplib'
336 silly reify ]
337 silly reify mark retired [
337 silly reify   '/Users/thilinaweerasinghe/YELM Technologies/OruthotaChaletsAdmin/node_modules/@opentelemetry/instrumentation-aws-lambda'
337 silly reify ]
338 silly reify mark retired [
338 silly reify   '/Users/thilinaweerasinghe/YELM Technologies/OruthotaChaletsAdmin/node_modules/@opentelemetry/instrumentation-aws-sdk'
338 silly reify ]
339 silly reify mark retired [
339 silly reify   '/Users/thilinaweerasinghe/YELM Technologies/OruthotaChaletsAdmin/node_modules/@opentelemetry/instrumentation-bunyan'
339 silly reify ]
340 silly reify mark retired [
340 silly reify   '/Users/thilinaweerasinghe/YELM Technologies/OruthotaChaletsAdmin/node_modules/@opentelemetry/instrumentation-cassandra-driver'
340 silly reify ]
341 silly reify mark retired [
341 silly reify   '/Users/thilinaweerasinghe/YELM Technologies/OruthotaChaletsAdmin/node_modules/@opentelemetry/instrumentation-connect'
341 silly reify ]
342 silly reify mark retired [
342 silly reify   '/Users/thilinaweerasinghe/YELM Technologies/OruthotaChaletsAdmin/node_modules/@opentelemetry/instrumentation-cucumber'
342 silly reify ]
343 silly reify mark retired [
343 silly reify   '/Users/thilinaweerasinghe/YELM Technologies/OruthotaChaletsAdmin/node_modules/@opentelemetry/instrumentation-dataloader'
343 silly reify ]
344 silly reify mark retired [
344 silly reify   '/Users/thilinaweerasinghe/YELM Technologies/OruthotaChaletsAdmin/node_modules/@opentelemetry/instrumentation-dns'
344 silly reify ]
345 silly reify mark retired [
345 silly reify   '/Users/thilinaweerasinghe/YELM Technologies/OruthotaChaletsAdmin/node_modules/@opentelemetry/instrumentation-express'
345 silly reify ]
346 silly reify mark retired [
346 silly reify   '/Users/thilinaweerasinghe/YELM Technologies/OruthotaChaletsAdmin/node_modules/@opentelemetry/instrumentation-fastify'
346 silly reify ]
347 silly reify mark retired [
347 silly reify   '/Users/thilinaweerasinghe/YELM Technologies/OruthotaChaletsAdmin/node_modules/@opentelemetry/instrumentation-fs'
347 silly reify ]
348 silly reify mark retired [
348 silly reify   '/Users/thilinaweerasinghe/YELM Technologies/OruthotaChaletsAdmin/node_modules/@opentelemetry/instrumentation-generic-pool'
348 silly reify ]
349 silly reify mark retired [
349 silly reify   '/Users/thilinaweerasinghe/YELM Technologies/OruthotaChaletsAdmin/node_modules/@opentelemetry/instrumentation-graphql'
349 silly reify ]
350 silly reify mark retired [
350 silly reify   '/Users/thilinaweerasinghe/YELM Technologies/OruthotaChaletsAdmin/node_modules/@opentelemetry/instrumentation-grpc'
350 silly reify ]
351 silly reify mark retired [
351 silly reify   '/Users/thilinaweerasinghe/YELM Technologies/OruthotaChaletsAdmin/node_modules/@opentelemetry/instrumentation-hapi'
351 silly reify ]
352 silly reify mark retired [
352 silly reify   '/Users/thilinaweerasinghe/YELM Technologies/OruthotaChaletsAdmin/node_modules/@opentelemetry/instrumentation-http'
352 silly reify ]
353 silly reify mark retired [
353 silly reify   '/Users/thilinaweerasinghe/YELM Technologies/OruthotaChaletsAdmin/node_modules/@opentelemetry/instrumentation-ioredis'
353 silly reify ]
354 silly reify mark retired [
354 silly reify   '/Users/thilinaweerasinghe/YELM Technologies/OruthotaChaletsAdmin/node_modules/@opentelemetry/instrumentation-kafkajs'
354 silly reify ]
355 silly reify mark retired [
355 silly reify   '/Users/thilinaweerasinghe/YELM Technologies/OruthotaChaletsAdmin/node_modules/@opentelemetry/instrumentation-knex'
355 silly reify ]
356 silly reify mark retired [
356 silly reify   '/Users/thilinaweerasinghe/YELM Technologies/OruthotaChaletsAdmin/node_modules/@opentelemetry/instrumentation-koa'
356 silly reify ]
357 silly reify mark retired [
357 silly reify   '/Users/thilinaweerasinghe/YELM Technologies/OruthotaChaletsAdmin/node_modules/@opentelemetry/instrumentation-lru-memoizer'
357 silly reify ]
358 silly reify mark retired [
358 silly reify   '/Users/thilinaweerasinghe/YELM Technologies/OruthotaChaletsAdmin/node_modules/@opentelemetry/instrumentation-memcached'
358 silly reify ]
359 silly reify mark retired [
359 silly reify   '/Users/thilinaweerasinghe/YELM Technologies/OruthotaChaletsAdmin/node_modules/@opentelemetry/instrumentation-mongodb'
359 silly reify ]
360 silly reify mark retired [
360 silly reify   '/Users/thilinaweerasinghe/YELM Technologies/OruthotaChaletsAdmin/node_modules/@opentelemetry/instrumentation-mongoose'
360 silly reify ]
361 silly reify mark retired [
361 silly reify   '/Users/thilinaweerasinghe/YELM Technologies/OruthotaChaletsAdmin/node_modules/@opentelemetry/instrumentation-mysql'
361 silly reify ]
362 silly reify mark retired [
362 silly reify   '/Users/thilinaweerasinghe/YELM Technologies/OruthotaChaletsAdmin/node_modules/@opentelemetry/instrumentation-mysql2'
362 silly reify ]
363 silly reify mark retired [
363 silly reify   '/Users/thilinaweerasinghe/YELM Technologies/OruthotaChaletsAdmin/node_modules/@opentelemetry/instrumentation-nestjs-core'
363 silly reify ]
364 silly reify mark retired [
364 silly reify   '/Users/thilinaweerasinghe/YELM Technologies/OruthotaChaletsAdmin/node_modules/@opentelemetry/instrumentation-net'
364 silly reify ]
365 silly reify mark retired [
365 silly reify   '/Users/thilinaweerasinghe/YELM Technologies/OruthotaChaletsAdmin/node_modules/@opentelemetry/instrumentation-pg'
365 silly reify ]
366 silly reify mark retired [
366 silly reify   '/Users/thilinaweerasinghe/YELM Technologies/OruthotaChaletsAdmin/node_modules/@opentelemetry/instrumentation-pino'
366 silly reify ]
367 silly reify mark retired [
367 silly reify   '/Users/thilinaweerasinghe/YELM Technologies/OruthotaChaletsAdmin/node_modules/@opentelemetry/instrumentation-redis'
367 silly reify ]
368 silly reify mark retired [
368 silly reify   '/Users/thilinaweerasinghe/YELM Technologies/OruthotaChaletsAdmin/node_modules/@opentelemetry/instrumentation-redis-4'
368 silly reify ]
369 silly reify mark retired [
369 silly reify   '/Users/thilinaweerasinghe/YELM Technologies/OruthotaChaletsAdmin/node_modules/@opentelemetry/instrumentation-restify'
369 silly reify ]
370 silly reify mark retired [
370 silly reify   '/Users/thilinaweerasinghe/YELM Technologies/OruthotaChaletsAdmin/node_modules/@opentelemetry/instrumentation-router'
370 silly reify ]
371 silly reify mark retired [
371 silly reify   '/Users/thilinaweerasinghe/YELM Technologies/OruthotaChaletsAdmin/node_modules/@opentelemetry/instrumentation-socket.io'
371 silly reify ]
372 silly reify mark retired [
372 silly reify   '/Users/thilinaweerasinghe/YELM Technologies/OruthotaChaletsAdmin/node_modules/@opentelemetry/instrumentation-tedious'
372 silly reify ]
373 silly reify mark retired [
373 silly reify   '/Users/thilinaweerasinghe/YELM Technologies/OruthotaChaletsAdmin/node_modules/@opentelemetry/instrumentation-undici'
373 silly reify ]
374 silly reify mark retired [
374 silly reify   '/Users/thilinaweerasinghe/YELM Technologies/OruthotaChaletsAdmin/node_modules/@opentelemetry/instrumentation-winston'
374 silly reify ]
375 silly reify mark retired [
375 silly reify   '/Users/thilinaweerasinghe/YELM Technologies/OruthotaChaletsAdmin/node_modules/@opentelemetry/otlp-exporter-base'
375 silly reify ]
376 silly reify mark retired [
376 silly reify   '/Users/thilinaweerasinghe/YELM Technologies/OruthotaChaletsAdmin/node_modules/@opentelemetry/otlp-grpc-exporter-base'
376 silly reify ]
377 silly reify mark retired [
377 silly reify   '/Users/thilinaweerasinghe/YELM Technologies/OruthotaChaletsAdmin/node_modules/@opentelemetry/otlp-transformer'
377 silly reify ]
378 silly reify mark retired [
378 silly reify   '/Users/thilinaweerasinghe/YELM Technologies/OruthotaChaletsAdmin/node_modules/@opentelemetry/propagation-utils'
378 silly reify ]
379 silly reify mark retired [
379 silly reify   '/Users/thilinaweerasinghe/YELM Technologies/OruthotaChaletsAdmin/node_modules/@opentelemetry/propagator-aws-xray'
379 silly reify ]
380 silly reify mark retired [
380 silly reify   '/Users/thilinaweerasinghe/YELM Technologies/OruthotaChaletsAdmin/node_modules/@opentelemetry/propagator-b3'
380 silly reify ]
381 silly reify mark retired [
381 silly reify   '/Users/thilinaweerasinghe/YELM Technologies/OruthotaChaletsAdmin/node_modules/@opentelemetry/propagator-jaeger'
381 silly reify ]
382 silly reify mark retired [
382 silly reify   '/Users/thilinaweerasinghe/YELM Technologies/OruthotaChaletsAdmin/node_modules/@opentelemetry/redis-common'
382 silly reify ]
383 silly reify mark retired [
383 silly reify   '/Users/thilinaweerasinghe/YELM Technologies/OruthotaChaletsAdmin/node_modules/@opentelemetry/resource-detector-alibaba-cloud'
383 silly reify ]
384 silly reify mark retired [
384 silly reify   '/Users/thilinaweerasinghe/YELM Technologies/OruthotaChaletsAdmin/node_modules/@opentelemetry/resource-detector-aws'
384 silly reify ]
385 silly reify mark retired [
385 silly reify   '/Users/thilinaweerasinghe/YELM Technologies/OruthotaChaletsAdmin/node_modules/@opentelemetry/resource-detector-azure'
385 silly reify ]
386 silly reify mark retired [
386 silly reify   '/Users/thilinaweerasinghe/YELM Technologies/OruthotaChaletsAdmin/node_modules/@opentelemetry/resource-detector-container'
386 silly reify ]
387 silly reify mark retired [
387 silly reify   '/Users/thilinaweerasinghe/YELM Technologies/OruthotaChaletsAdmin/node_modules/@opentelemetry/resource-detector-gcp'
387 silly reify ]
388 silly reify mark retired [
388 silly reify   '/Users/thilinaweerasinghe/YELM Technologies/OruthotaChaletsAdmin/node_modules/@opentelemetry/resources'
388 silly reify ]
389 silly reify mark retired [
389 silly reify   '/Users/thilinaweerasinghe/YELM Technologies/OruthotaChaletsAdmin/node_modules/@opentelemetry/sdk-logs'
389 silly reify ]
390 silly reify mark retired [
390 silly reify   '/Users/thilinaweerasinghe/YELM Technologies/OruthotaChaletsAdmin/node_modules/@opentelemetry/sdk-metrics'
390 silly reify ]
391 silly reify mark retired [
391 silly reify   '/Users/thilinaweerasinghe/YELM Technologies/OruthotaChaletsAdmin/node_modules/@opentelemetry/sdk-node'
391 silly reify ]
392 silly reify mark retired [
392 silly reify   '/Users/thilinaweerasinghe/YELM Technologies/OruthotaChaletsAdmin/node_modules/@opentelemetry/sdk-trace-base'
392 silly reify ]
393 silly reify mark retired [
393 silly reify   '/Users/thilinaweerasinghe/YELM Technologies/OruthotaChaletsAdmin/node_modules/@opentelemetry/sdk-trace-node'
393 silly reify ]
394 silly reify mark retired [
394 silly reify   '/Users/thilinaweerasinghe/YELM Technologies/OruthotaChaletsAdmin/node_modules/@opentelemetry/sql-common'
394 silly reify ]
395 silly reify mark retired [
395 silly reify   '/Users/thilinaweerasinghe/YELM Technologies/OruthotaChaletsAdmin/node_modules/@pkgjs/parseargs'
395 silly reify ]
396 silly reify mark retired [
396 silly reify   '/Users/thilinaweerasinghe/YELM Technologies/OruthotaChaletsAdmin/node_modules/@protobufjs/aspromise'
396 silly reify ]
397 silly reify mark retired [
397 silly reify   '/Users/thilinaweerasinghe/YELM Technologies/OruthotaChaletsAdmin/node_modules/@protobufjs/base64'
397 silly reify ]
398 silly reify mark retired [
398 silly reify   '/Users/thilinaweerasinghe/YELM Technologies/OruthotaChaletsAdmin/node_modules/@protobufjs/float'
398 silly reify ]
399 silly reify mark retired [
399 silly reify   '/Users/thilinaweerasinghe/YELM Technologies/OruthotaChaletsAdmin/node_modules/@protobufjs/path'
399 silly reify ]
400 silly reify mark retired [
400 silly reify   '/Users/thilinaweerasinghe/YELM Technologies/OruthotaChaletsAdmin/node_modules/@protobufjs/pool'
400 silly reify ]
401 silly reify mark retired [
401 silly reify   '/Users/thilinaweerasinghe/YELM Technologies/OruthotaChaletsAdmin/node_modules/@standard-schema/utils'
401 silly reify ]
402 silly reify mark retired [
402 silly reify   '/Users/thilinaweerasinghe/YELM Technologies/OruthotaChaletsAdmin/node_modules/@supabase/ssr'
402 silly reify ]
403 silly reify mark retired [
403 silly reify   '/Users/thilinaweerasinghe/YELM Technologies/OruthotaChaletsAdmin/node_modules/@swc/counter'
403 silly reify ]
404 silly reify mark retired [
404 silly reify   '/Users/thilinaweerasinghe/YELM Technologies/OruthotaChaletsAdmin/node_modules/@swc/helpers'
404 silly reify ]
405 silly reify mark retired [
405 silly reify   '/Users/thilinaweerasinghe/YELM Technologies/OruthotaChaletsAdmin/node_modules/@tsconfig/node12'
405 silly reify ]
406 silly reify mark retired [
406 silly reify   '/Users/thilinaweerasinghe/YELM Technologies/OruthotaChaletsAdmin/node_modules/@tsconfig/node14'
406 silly reify ]
407 silly reify mark retired [
407 silly reify   '/Users/thilinaweerasinghe/YELM Technologies/OruthotaChaletsAdmin/node_modules/@tsconfig/node16'
407 silly reify ]
408 silly reify mark retired [
408 silly reify   '/Users/thilinaweerasinghe/YELM Technologies/OruthotaChaletsAdmin/node_modules/@types/aws-lambda'
408 silly reify ]
409 silly reify mark retired [
409 silly reify   '/Users/thilinaweerasinghe/YELM Technologies/OruthotaChaletsAdmin/node_modules/@types/bcryptjs'
409 silly reify ]
410 silly reify mark retired [
410 silly reify   '/Users/thilinaweerasinghe/YELM Technologies/OruthotaChaletsAdmin/node_modules/@types/bunyan'
410 silly reify ]
411 silly reify mark retired [
411 silly reify   '/Users/thilinaweerasinghe/YELM Technologies/OruthotaChaletsAdmin/node_modules/@types/caseless'
411 silly reify ]
412 silly reify mark retired [
412 silly reify   '/Users/thilinaweerasinghe/YELM Technologies/OruthotaChaletsAdmin/node_modules/@types/connect'
412 silly reify ]
413 silly reify mark retired [
413 silly reify   '/Users/thilinaweerasinghe/YELM Technologies/OruthotaChaletsAdmin/node_modules/@types/d3-color'
413 silly reify ]
414 silly reify mark retired [
414 silly reify   '/Users/thilinaweerasinghe/YELM Technologies/OruthotaChaletsAdmin/node_modules/@types/d3-ease'
414 silly reify ]
415 silly reify mark retired [
415 silly reify   '/Users/thilinaweerasinghe/YELM Technologies/OruthotaChaletsAdmin/node_modules/@types/d3-interpolate'
415 silly reify ]
416 silly reify mark retired [
416 silly reify   '/Users/thilinaweerasinghe/YELM Technologies/OruthotaChaletsAdmin/node_modules/@types/d3-scale'
416 silly reify ]
417 silly reify mark retired [
417 silly reify   '/Users/thilinaweerasinghe/YELM Technologies/OruthotaChaletsAdmin/node_modules/@types/d3-time'
417 silly reify ]
418 silly reify mark retired [
418 silly reify   '/Users/thilinaweerasinghe/YELM Technologies/OruthotaChaletsAdmin/node_modules/@types/d3-timer'
418 silly reify ]
419 silly reify mark retired [
419 silly reify   '/Users/thilinaweerasinghe/YELM Technologies/OruthotaChaletsAdmin/node_modules/@types/jsonwebtoken'
419 silly reify ]
420 silly reify mark retired [
420 silly reify   '/Users/thilinaweerasinghe/YELM Technologies/OruthotaChaletsAdmin/node_modules/@types/long'
420 silly reify ]
421 silly reify mark retired [
421 silly reify   '/Users/thilinaweerasinghe/YELM Technologies/OruthotaChaletsAdmin/node_modules/@types/memcached'
421 silly reify ]
422 silly reify mark retired [
422 silly reify   '/Users/thilinaweerasinghe/YELM Technologies/OruthotaChaletsAdmin/node_modules/@types/ms'
422 silly reify ]
423 silly reify mark retired [
423 silly reify   '/Users/thilinaweerasinghe/YELM Technologies/OruthotaChaletsAdmin/node_modules/@types/mysql'
423 silly reify ]
424 silly reify mark retired [
424 silly reify   '/Users/thilinaweerasinghe/YELM Technologies/OruthotaChaletsAdmin/node_modules/@types/pg'
424 silly reify ]
425 silly reify mark retired [
425 silly reify   '/Users/thilinaweerasinghe/YELM Technologies/OruthotaChaletsAdmin/node_modules/@types/pg-pool'
425 silly reify ]
426 silly reify mark retired [
426 silly reify   '/Users/thilinaweerasinghe/YELM Technologies/OruthotaChaletsAdmin/node_modules/@types/recharts'
426 silly reify ]
427 silly reify mark retired [
427 silly reify   '/Users/thilinaweerasinghe/YELM Technologies/OruthotaChaletsAdmin/node_modules/@types/request'
427 silly reify ]
428 silly reify mark retired [
428 silly reify   '/Users/thilinaweerasinghe/YELM Technologies/OruthotaChaletsAdmin/node_modules/@types/shimmer'
428 silly reify ]
429 silly reify mark retired [
429 silly reify   '/Users/thilinaweerasinghe/YELM Technologies/OruthotaChaletsAdmin/node_modules/@types/tedious'
429 silly reify ]
430 silly reify mark retired [
430 silly reify   '/Users/thilinaweerasinghe/YELM Technologies/OruthotaChaletsAdmin/node_modules/@types/tough-cookie'
430 silly reify ]
431 silly reify mark retired [
431 silly reify   '/Users/thilinaweerasinghe/YELM Technologies/OruthotaChaletsAdmin/node_modules/@types/triple-beam'
431 silly reify ]
432 silly reify mark retired [
432 silly reify   '/Users/thilinaweerasinghe/YELM Technologies/OruthotaChaletsAdmin/node_modules/@yarnpkg/lockfile'
432 silly reify ]
433 silly reify mark retired [
433 silly reify   '/Users/thilinaweerasinghe/YELM Technologies/OruthotaChaletsAdmin/node_modules/acorn',
433 silly reify   '/Users/thilinaweerasinghe/YELM Technologies/OruthotaChaletsAdmin/node_modules/.bin/acorn'
433 silly reify ]
434 silly reify mark retired [
434 silly reify   '/Users/thilinaweerasinghe/YELM Technologies/OruthotaChaletsAdmin/node_modules/esbuild',
434 silly reify   '/Users/thilinaweerasinghe/YELM Technologies/OruthotaChaletsAdmin/node_modules/.bin/esbuild'
434 silly reify ]
435 silly reify mark retired [
435 silly reify   '/Users/thilinaweerasinghe/YELM Technologies/OruthotaChaletsAdmin/node_modules/eventid/node_modules/uuid',
435 silly reify   '/Users/thilinaweerasinghe/YELM Technologies/OruthotaChaletsAdmin/node_modules/eventid/node_modules/.bin/uuid'
435 silly reify ]
436 silly reify mark retired [
436 silly reify   '/Users/thilinaweerasinghe/YELM Technologies/OruthotaChaletsAdmin/node_modules/exceljs/node_modules/uuid',
436 silly reify   '/Users/thilinaweerasinghe/YELM Technologies/OruthotaChaletsAdmin/node_modules/exceljs/node_modules/.bin/uuid'
436 silly reify ]
437 silly reify mark retired [
437 silly reify   '/Users/thilinaweerasinghe/YELM Technologies/OruthotaChaletsAdmin/node_modules/extract-zip',
437 silly reify   '/Users/thilinaweerasinghe/YELM Technologies/OruthotaChaletsAdmin/node_modules/.bin/extract-zip'
437 silly reify ]
438 silly reify mark retired [
438 silly reify   '/Users/thilinaweerasinghe/YELM Technologies/OruthotaChaletsAdmin/node_modules/fast-xml-parser',
438 silly reify   '/Users/thilinaweerasinghe/YELM Technologies/OruthotaChaletsAdmin/node_modules/.bin/fxparser'
438 silly reify ]
439 silly reify mark retired [
439 silly reify   '/Users/thilinaweerasinghe/YELM Technologies/OruthotaChaletsAdmin/node_modules/firebase-admin/node_modules/uuid',
439 silly reify   '/Users/thilinaweerasinghe/YELM Technologies/OruthotaChaletsAdmin/node_modules/firebase-admin/node_modules/.bin/uuid'
439 silly reify ]
440 silly reify mark retired [
440 silly reify   '/Users/thilinaweerasinghe/YELM Technologies/OruthotaChaletsAdmin/node_modules/genkit-cli',
440 silly reify   '/Users/thilinaweerasinghe/YELM Technologies/OruthotaChaletsAdmin/node_modules/.bin/genkit'
440 silly reify ]
441 silly reify mark retired [
441 silly reify   '/Users/thilinaweerasinghe/YELM Technologies/OruthotaChaletsAdmin/node_modules/glob',
441 silly reify   '/Users/thilinaweerasinghe/YELM Technologies/OruthotaChaletsAdmin/node_modules/.bin/glob'
441 silly reify ]
442 silly reify mark retired [
442 silly reify   '/Users/thilinaweerasinghe/YELM Technologies/OruthotaChaletsAdmin/node_modules/hexer',
442 silly reify   '/Users/thilinaweerasinghe/YELM Technologies/OruthotaChaletsAdmin/node_modules/.bin/hexer'
442 silly reify ]
443 silly reify mark retired [
443 silly reify   '/Users/thilinaweerasinghe/YELM Technologies/OruthotaChaletsAdmin/node_modules/handlebars',
443 silly reify   '/Users/thilinaweerasinghe/YELM Technologies/OruthotaChaletsAdmin/node_modules/.bin/handlebars'
443 silly reify ]
444 silly reify mark retired [
444 silly reify   '/Users/thilinaweerasinghe/YELM Technologies/OruthotaChaletsAdmin/node_modules/jaeger-client/node_modules/uuid',
444 silly reify   '/Users/thilinaweerasinghe/YELM Technologies/OruthotaChaletsAdmin/node_modules/jaeger-client/node_modules/.bin/uuid'
444 silly reify ]
445 silly reify mark retired [
445 silly reify   '/Users/thilinaweerasinghe/YELM Technologies/OruthotaChaletsAdmin/node_modules/js-yaml',
445 silly reify   '/Users/thilinaweerasinghe/YELM Technologies/OruthotaChaletsAdmin/node_modules/.bin/js-yaml'
445 silly reify ]
446 silly reify mark retired [
446 silly reify   '/Users/thilinaweerasinghe/YELM Technologies/OruthotaChaletsAdmin/node_modules/make-dir/node_modules/semver',
446 silly reify   '/Users/thilinaweerasinghe/YELM Technologies/OruthotaChaletsAdmin/node_modules/make-dir/node_modules/.bin/semver'
446 silly reify ]
447 silly reify mark retired [
447 silly reify   '/Users/thilinaweerasinghe/YELM Technologies/OruthotaChaletsAdmin/node_modules/mkdirp',
447 silly reify   '/Users/thilinaweerasinghe/YELM Technologies/OruthotaChaletsAdmin/node_modules/.bin/mkdirp'
447 silly reify ]
448 silly reify mark retired [
448 silly reify   '/Users/thilinaweerasinghe/YELM Technologies/OruthotaChaletsAdmin/node_modules/next',
448 silly reify   '/Users/thilinaweerasinghe/YELM Technologies/OruthotaChaletsAdmin/node_modules/.bin/next'
448 silly reify ]
449 silly reify mark retired [
449 silly reify   '/Users/thilinaweerasinghe/YELM Technologies/OruthotaChaletsAdmin/node_modules/nanoid',
449 silly reify   '/Users/thilinaweerasinghe/YELM Technologies/OruthotaChaletsAdmin/node_modules/.bin/nanoid'
449 silly reify ]
450 silly reify mark retired [
450 silly reify   '/Users/thilinaweerasinghe/YELM Technologies/OruthotaChaletsAdmin/node_modules/patch-package',
450 silly reify   '/Users/thilinaweerasinghe/YELM Technologies/OruthotaChaletsAdmin/node_modules/.bin/patch-package'
450 silly reify ]
451 silly reify mark retired [
451 silly reify   '/Users/thilinaweerasinghe/YELM Technologies/OruthotaChaletsAdmin/node_modules/ps-tree',
451 silly reify   '/Users/thilinaweerasinghe/YELM Technologies/OruthotaChaletsAdmin/node_modules/.bin/ps-tree'
451 silly reify ]
452 silly reify mark retired [
452 silly reify   '/Users/thilinaweerasinghe/YELM Technologies/OruthotaChaletsAdmin/node_modules/qrcode',
452 silly reify   '/Users/thilinaweerasinghe/YELM Technologies/OruthotaChaletsAdmin/node_modules/.bin/qrcode'
452 silly reify ]
453 silly reify mark retired [
453 silly reify   '/Users/thilinaweerasinghe/YELM Technologies/OruthotaChaletsAdmin/node_modules/resolve',
453 silly reify   '/Users/thilinaweerasinghe/YELM Technologies/OruthotaChaletsAdmin/node_modules/.bin/resolve'
453 silly reify ]
454 silly reify mark retired [
454 silly reify   '/Users/thilinaweerasinghe/YELM Technologies/OruthotaChaletsAdmin/node_modules/send/node_modules/mime'
454 silly reify ]
455 silly reify mark retired [
455 silly reify   '/Users/thilinaweerasinghe/YELM Technologies/OruthotaChaletsAdmin/node_modules/semver',
455 silly reify   '/Users/thilinaweerasinghe/YELM Technologies/OruthotaChaletsAdmin/node_modules/.bin/semver'
455 silly reify ]
456 silly reify mark retired [
456 silly reify   '/Users/thilinaweerasinghe/YELM Technologies/OruthotaChaletsAdmin/node_modules/supabase',
456 silly reify   '/Users/thilinaweerasinghe/YELM Technologies/OruthotaChaletsAdmin/node_modules/.bin/supabase'
456 silly reify ]
457 silly reify mark retired [
457 silly reify   '/Users/thilinaweerasinghe/YELM Technologies/OruthotaChaletsAdmin/node_modules/sucrase',
457 silly reify   '/Users/thilinaweerasinghe/YELM Technologies/OruthotaChaletsAdmin/node_modules/.bin/sucrase',
457 silly reify   '/Users/thilinaweerasinghe/YELM Technologies/OruthotaChaletsAdmin/node_modules/.bin/sucrase-node'
457 silly reify ]
458 silly reify mark retired [
458 silly reify   '/Users/thilinaweerasinghe/YELM Technologies/OruthotaChaletsAdmin/node_modules/tailwindcss',
458 silly reify   '/Users/thilinaweerasinghe/YELM Technologies/OruthotaChaletsAdmin/node_modules/.bin/tailwind',
458 silly reify   '/Users/thilinaweerasinghe/YELM Technologies/OruthotaChaletsAdmin/node_modules/.bin/tailwindcss'
458 silly reify ]
459 silly reify mark retired [
459 silly reify   '/Users/thilinaweerasinghe/YELM Technologies/OruthotaChaletsAdmin/node_modules/thriftrw',
459 silly reify   '/Users/thilinaweerasinghe/YELM Technologies/OruthotaChaletsAdmin/node_modules/.bin/thrift2json'
459 silly reify ]
460 silly reify mark retired [
460 silly reify   '/Users/thilinaweerasinghe/YELM Technologies/OruthotaChaletsAdmin/node_modules/teeny-request/node_modules/uuid',
460 silly reify   '/Users/thilinaweerasinghe/YELM Technologies/OruthotaChaletsAdmin/node_modules/teeny-request/node_modules/.bin/uuid'
460 silly reify ]
461 silly reify mark retired [
461 silly reify   '/Users/thilinaweerasinghe/YELM Technologies/OruthotaChaletsAdmin/node_modules/typescript',
461 silly reify   '/Users/thilinaweerasinghe/YELM Technologies/OruthotaChaletsAdmin/node_modules/.bin/tsc',
461 silly reify   '/Users/thilinaweerasinghe/YELM Technologies/OruthotaChaletsAdmin/node_modules/.bin/tsserver'
461 silly reify ]
462 silly reify mark retired [
462 silly reify   '/Users/thilinaweerasinghe/YELM Technologies/OruthotaChaletsAdmin/node_modules/tsx',
462 silly reify   '/Users/thilinaweerasinghe/YELM Technologies/OruthotaChaletsAdmin/node_modules/.bin/tsx'
462 silly reify ]
463 silly reify mark retired [
463 silly reify   '/Users/thilinaweerasinghe/YELM Technologies/OruthotaChaletsAdmin/node_modules/uuid',
463 silly reify   '/Users/thilinaweerasinghe/YELM Technologies/OruthotaChaletsAdmin/node_modules/.bin/uuid'
463 silly reify ]
464 silly reify mark retired [
464 silly reify   '/Users/thilinaweerasinghe/YELM Technologies/OruthotaChaletsAdmin/node_modules/which',
464 silly reify   '/Users/thilinaweerasinghe/YELM Technologies/OruthotaChaletsAdmin/node_modules/.bin/node-which'
464 silly reify ]
465 silly reify mark retired [
465 silly reify   '/Users/thilinaweerasinghe/YELM Technologies/OruthotaChaletsAdmin/node_modules/yaml',
465 silly reify   '/Users/thilinaweerasinghe/YELM Technologies/OruthotaChaletsAdmin/node_modules/.bin/yaml'
465 silly reify ]
466 silly reify mark retired [
466 silly reify   '/Users/thilinaweerasinghe/YELM Technologies/OruthotaChaletsAdmin/node_modules/@google-cloud/logging/node_modules/uuid',
466 silly reify   '/Users/thilinaweerasinghe/YELM Technologies/OruthotaChaletsAdmin/node_modules/@google-cloud/logging/node_modules/.bin/uuid'
466 silly reify ]
467 silly reify mark retired [
467 silly reify   '/Users/thilinaweerasinghe/YELM Technologies/OruthotaChaletsAdmin/node_modules/@google-cloud/storage/node_modules/uuid',
467 silly reify   '/Users/thilinaweerasinghe/YELM Technologies/OruthotaChaletsAdmin/node_modules/@google-cloud/storage/node_modules/.bin/uuid'
467 silly reify ]
468 silly reify mark retired [
468 silly reify   '/Users/thilinaweerasinghe/YELM Technologies/OruthotaChaletsAdmin/node_modules/@grpc/proto-loader',
468 silly reify   '/Users/thilinaweerasinghe/YELM Technologies/OruthotaChaletsAdmin/node_modules/.bin/proto-loader-gen-types'
468 silly reify ]
469 silly reify mark retired [
469 silly reify   '/Users/thilinaweerasinghe/YELM Technologies/OruthotaChaletsAdmin/node_modules/@genkit-ai/tools-common/node_modules/uuid',
469 silly reify   '/Users/thilinaweerasinghe/YELM Technologies/OruthotaChaletsAdmin/node_modules/@genkit-ai/tools-common/node_modules/.bin/uuid'
469 silly reify ]
470 silly reify mark retired [
470 silly reify   '/Users/thilinaweerasinghe/YELM Technologies/OruthotaChaletsAdmin/node_modules/@grpc/grpc-js/node_modules/@grpc/proto-loader',
470 silly reify   '/Users/thilinaweerasinghe/YELM Technologies/OruthotaChaletsAdmin/node_modules/@grpc/grpc-js/node_modules/.bin/proto-loader-gen-types'
470 silly reify ]
471 silly reify moves {
471 silly reify   '/Users/thilinaweerasinghe/YELM Technologies/OruthotaChaletsAdmin/node_modules/abort-controller': '/Users/thilinaweerasinghe/YELM Technologies/OruthotaChaletsAdmin/node_modules/.abort-controller-jXlLSGqk',
471 silly reify   '/Users/thilinaweerasinghe/YELM Technologies/OruthotaChaletsAdmin/node_modules/accepts': '/Users/thilinaweerasinghe/YELM Technologies/OruthotaChaletsAdmin/node_modules/.accepts-SN1FpD46',
471 silly reify   '/Users/thilinaweerasinghe/YELM Technologies/OruthotaChaletsAdmin/node_modules/acorn-import-attributes': '/Users/thilinaweerasinghe/YELM Technologies/OruthotaChaletsAdmin/node_modules/.acorn-import-attributes-PeMfogoV',
471 silly reify   '/Users/thilinaweerasinghe/YELM Technologies/OruthotaChaletsAdmin/node_modules/adler-32': '/Users/thilinaweerasinghe/YELM Technologies/OruthotaChaletsAdmin/node_modules/.adler-32-LZSCM87b',
471 silly reify   '/Users/thilinaweerasinghe/YELM Technologies/OruthotaChaletsAdmin/node_modules/ajv-formats': '/Users/thilinaweerasinghe/YELM Technologies/OruthotaChaletsAdmin/node_modules/.ajv-formats-0nEhMHYJ',
471 silly reify   '/Users/thilinaweerasinghe/YELM Technologies/OruthotaChaletsAdmin/node_modules/anymatch': '/Users/thilinaweerasinghe/YELM Technologies/OruthotaChaletsAdmin/node_modules/.anymatch-KoV7mTMQ',
471 silly reify   '/Users/thilinaweerasinghe/YELM Technologies/OruthotaChaletsAdmin/node_modules/any-promise': '/Users/thilinaweerasinghe/YELM Technologies/OruthotaChaletsAdmin/node_modules/.any-promise-4pwga7KF',
471 silly reify   '/Users/thilinaweerasinghe/YELM Technologies/OruthotaChaletsAdmin/node_modules/arg': '/Users/thilinaweerasinghe/YELM Technologies/OruthotaChaletsAdmin/node_modules/.arg-pH5bulDL',
471 silly reify   '/Users/thilinaweerasinghe/YELM Technologies/OruthotaChaletsAdmin/node_modules/argparse': '/Users/thilinaweerasinghe/YELM Technologies/OruthotaChaletsAdmin/node_modules/.argparse-RgeE9Ods',
471 silly reify   '/Users/thilinaweerasinghe/YELM Technologies/OruthotaChaletsAdmin/node_modules/array-flatten': '/Users/thilinaweerasinghe/YELM Technologies/OruthotaChaletsAdmin/node_modules/.array-flatten-kSd5JlwW',
471 silly reify   '/Users/thilinaweerasinghe/YELM Technologies/OruthotaChaletsAdmin/node_modules/arrify': '/Users/thilinaweerasinghe/YELM Technologies/OruthotaChaletsAdmin/node_modules/.arrify-ksskfmHl',
471 silly reify   '/Users/thilinaweerasinghe/YELM Technologies/OruthotaChaletsAdmin/node_modules/async': '/Users/thilinaweerasinghe/YELM Technologies/OruthotaChaletsAdmin/node_modules/.async-cCltRiGt',
471 silly reify   '/Users/thilinaweerasinghe/YELM Technologies/OruthotaChaletsAdmin/node_modules/async-mutex': '/Users/thilinaweerasinghe/YELM Technologies/OruthotaChaletsAdmin/node_modules/.async-mutex-DRtQBuER',
471 silly reify   '/Users/thilinaweerasinghe/YELM Technologies/OruthotaChaletsAdmin/node_modules/async-retry': '/Users/thilinaweerasinghe/YELM Technologies/OruthotaChaletsAdmin/node_modules/.async-retry-7vSZVi2q',
471 silly reify   '/Users/thilinaweerasinghe/YELM Technologies/OruthotaChaletsAdmin/node_modules/asynckit': '/Users/thilinaweerasinghe/YELM Technologies/OruthotaChaletsAdmin/node_modules/.asynckit-f9vqrYHO',
471 silly reify   '/Users/thilinaweerasinghe/YELM Technologies/OruthotaChaletsAdmin/node_modules/balanced-match': '/Users/thilinaweerasinghe/YELM Technologies/OruthotaChaletsAdmin/node_modules/.balanced-match-SVzGZqjM',
471 silly reify   '/Users/thilinaweerasinghe/YELM Technologies/OruthotaChaletsAdmin/node_modules/base64-js': '/Users/thilinaweerasinghe/YELM Technologies/OruthotaChaletsAdmin/node_modules/.base64-js-hnUUZwIa',
471 silly reify   '/Users/thilinaweerasinghe/YELM Technologies/OruthotaChaletsAdmin/node_modules/bcryptjs': '/Users/thilinaweerasinghe/YELM Technologies/OruthotaChaletsAdmin/node_modules/.bcryptjs-qnQfvp9M',
471 silly reify   '/Users/thilinaweerasinghe/YELM Technologies/OruthotaChaletsAdmin/node_modules/binary-extensions': '/Users/thilinaweerasinghe/YELM Technologies/OruthotaChaletsAdmin/node_modules/.binary-extensions-um9acFRt',
471 silly reify   '/Users/thilinaweerasinghe/YELM Technologies/OruthotaChaletsAdmin/node_modules/braces': '/Users/thilinaweerasinghe/YELM Technologies/OruthotaChaletsAdmin/node_modules/.braces-8mpfyyzL',
471 silly reify   '/Users/thilinaweerasinghe/YELM Technologies/OruthotaChaletsAdmin/node_modules/buffer-equal-constant-time': '/Users/thilinaweerasinghe/YELM Technologies/OruthotaChaletsAdmin/node_modules/.buffer-equal-constant-time-lkk6r18u',
471 silly reify   '/Users/thilinaweerasinghe/YELM Technologies/OruthotaChaletsAdmin/node_modules/busboy': '/Users/thilinaweerasinghe/YELM Technologies/OruthotaChaletsAdmin/node_modules/.busboy-s4wqe0jS',
471 silly reify   '/Users/thilinaweerasinghe/YELM Technologies/OruthotaChaletsAdmin/node_modules/bytes': '/Users/thilinaweerasinghe/YELM Technologies/OruthotaChaletsAdmin/node_modules/.bytes-2PrTbjCu',
471 silly reify   '/Users/thilinaweerasinghe/YELM Technologies/OruthotaChaletsAdmin/node_modules/camelcase-css': '/Users/thilinaweerasinghe/YELM Technologies/OruthotaChaletsAdmin/node_modules/.camelcase-css-TPM9WhCH',
471 silly reify   '/Users/thilinaweerasinghe/YELM Technologies/OruthotaChaletsAdmin/node_modules/cfb': '/Users/thilinaweerasinghe/YELM Technologies/OruthotaChaletsAdmin/node_modules/.cfb-OxkXIWBx',
471 silly reify   '/Users/thilinaweerasinghe/YELM Technologies/OruthotaChaletsAdmin/node_modules/chalk': '/Users/thilinaweerasinghe/YELM Technologies/OruthotaChaletsAdmin/node_modules/.chalk-GnEhh5BN',
471 silly reify   '/Users/thilinaweerasinghe/YELM Technologies/OruthotaChaletsAdmin/node_modules/chokidar': '/Users/thilinaweerasinghe/YELM Technologies/OruthotaChaletsAdmin/node_modules/.chokidar-w73lfOrf',
471 silly reify   '/Users/thilinaweerasinghe/YELM Technologies/OruthotaChaletsAdmin/node_modules/ci-info': '/Users/thilinaweerasinghe/YELM Technologies/OruthotaChaletsAdmin/node_modules/.ci-info-dpavLOim',
471 silly reify   '/Users/thilinaweerasinghe/YELM Technologies/OruthotaChaletsAdmin/node_modules/cjs-module-lexer': '/Users/thilinaweerasinghe/YELM Technologies/OruthotaChaletsAdmin/node_modules/.cjs-module-lexer-RmqW6ncp',
471 silly reify   '/Users/thilinaweerasinghe/YELM Technologies/OruthotaChaletsAdmin/node_modules/class-variance-authority': '/Users/thilinaweerasinghe/YELM Technologies/OruthotaChaletsAdmin/node_modules/.class-variance-authority-caZlQjel',
471 silly reify   '/Users/thilinaweerasinghe/YELM Technologies/OruthotaChaletsAdmin/node_modules/client-only': '/Users/thilinaweerasinghe/YELM Technologies/OruthotaChaletsAdmin/node_modules/.client-only-xlvmfUgy',
471 silly reify   '/Users/thilinaweerasinghe/YELM Technologies/OruthotaChaletsAdmin/node_modules/cliui': '/Users/thilinaweerasinghe/YELM Technologies/OruthotaChaletsAdmin/node_modules/.cliui-kWzMgsPA',
471 silly reify   '/Users/thilinaweerasinghe/YELM Technologies/OruthotaChaletsAdmin/node_modules/clsx': '/Users/thilinaweerasinghe/YELM Technologies/OruthotaChaletsAdmin/node_modules/.clsx-VoQYy3FV',
471 silly reify   '/Users/thilinaweerasinghe/YELM Technologies/OruthotaChaletsAdmin/node_modules/cmdk': '/Users/thilinaweerasinghe/YELM Technologies/OruthotaChaletsAdmin/node_modules/.cmdk-Oqn1o3fr',
471 silly reify   '/Users/thilinaweerasinghe/YELM Technologies/OruthotaChaletsAdmin/node_modules/codepage': '/Users/thilinaweerasinghe/YELM Technologies/OruthotaChaletsAdmin/node_modules/.codepage-cOIJXPCT',
471 silly reify   '/Users/thilinaweerasinghe/YELM Technologies/OruthotaChaletsAdmin/node_modules/color-convert': '/Users/thilinaweerasinghe/YELM Technologies/OruthotaChaletsAdmin/node_modules/.color-convert-SanFdW6w',
471 silly reify   '/Users/thilinaweerasinghe/YELM Technologies/OruthotaChaletsAdmin/node_modules/color-name': '/Users/thilinaweerasinghe/YELM Technologies/OruthotaChaletsAdmin/node_modules/.color-name-ZNauNrwO',
471 silly reify   '/Users/thilinaweerasinghe/YELM Technologies/OruthotaChaletsAdmin/node_modules/colorette': '/Users/thilinaweerasinghe/YELM Technologies/OruthotaChaletsAdmin/node_modules/.colorette-4pM2VJ3I',
471 silly reify   '/Users/thilinaweerasinghe/YELM Technologies/OruthotaChaletsAdmin/node_modules/combined-stream': '/Users/thilinaweerasinghe/YELM Technologies/OruthotaChaletsAdmin/node_modules/.combined-stream-PU1LgHx5',
471 silly reify   '/Users/thilinaweerasinghe/YELM Technologies/OruthotaChaletsAdmin/node_modules/concat-map': '/Users/thilinaweerasinghe/YELM Technologies/OruthotaChaletsAdmin/node_modules/.concat-map-zbQD8NjU',
471 silly reify   '/Users/thilinaweerasinghe/YELM Technologies/OruthotaChaletsAdmin/node_modules/content-disposition': '/Users/thilinaweerasinghe/YELM Technologies/OruthotaChaletsAdmin/node_modules/.content-disposition-kLa3p8qb',
471 silly reify   '/Users/thilinaweerasinghe/YELM Technologies/OruthotaChaletsAdmin/node_modules/content-type': '/Users/thilinaweerasinghe/YELM Technologies/OruthotaChaletsAdmin/node_modules/.content-type-rV722LCv',
471 silly reify   '/Users/thilinaweerasinghe/YELM Technologies/OruthotaChaletsAdmin/node_modules/crc-32': '/Users/thilinaweerasinghe/YELM Technologies/OruthotaChaletsAdmin/node_modules/.crc-32-n8k5K0pQ',
471 silly reify   '/Users/thilinaweerasinghe/YELM Technologies/OruthotaChaletsAdmin/node_modules/create-require': '/Users/thilinaweerasinghe/YELM Technologies/OruthotaChaletsAdmin/node_modules/.create-require-RobnYD8m',
471 silly reify   '/Users/thilinaweerasinghe/YELM Technologies/OruthotaChaletsAdmin/node_modules/cssesc': '/Users/thilinaweerasinghe/YELM Technologies/OruthotaChaletsAdmin/node_modules/.cssesc-7MyLHcXZ',
471 silly reify   '/Users/thilinaweerasinghe/YELM Technologies/OruthotaChaletsAdmin/node_modules/d3-array': '/Users/thilinaweerasinghe/YELM Technologies/OruthotaChaletsAdmin/node_modules/.d3-array-VAUnpkaF',
471 silly reify   '/Users/thilinaweerasinghe/YELM Technologies/OruthotaChaletsAdmin/node_modules/d3-color': '/Users/thilinaweerasinghe/YELM Technologies/OruthotaChaletsAdmin/node_modules/.d3-color-LoAfRJyN',
471 silly reify   '/Users/thilinaweerasinghe/YELM Technologies/OruthotaChaletsAdmin/node_modules/d3-ease': '/Users/thilinaweerasinghe/YELM Technologies/OruthotaChaletsAdmin/node_modules/.d3-ease-K6l6GXPX',
471 silly reify   '/Users/thilinaweerasinghe/YELM Technologies/OruthotaChaletsAdmin/node_modules/d3-interpolate': '/Users/thilinaweerasinghe/YELM Technologies/OruthotaChaletsAdmin/node_modules/.d3-interpolate-Ry0DbhS9',
471 silly reify   '/Users/thilinaweerasinghe/YELM Technologies/OruthotaChaletsAdmin/node_modules/d3-path': '/Users/thilinaweerasinghe/YELM Technologies/OruthotaChaletsAdmin/node_modules/.d3-path-N7OSyZ5W',
471 silly reify   '/Users/thilinaweerasinghe/YELM Technologies/OruthotaChaletsAdmin/node_modules/d3-scale': '/Users/thilinaweerasinghe/YELM Technologies/OruthotaChaletsAdmin/node_modules/.d3-scale-bObKDwKC',
471 silly reify   '/Users/thilinaweerasinghe/YELM Technologies/OruthotaChaletsAdmin/node_modules/d3-shape': '/Users/thilinaweerasinghe/YELM Technologies/OruthotaChaletsAdmin/node_modules/.d3-shape-9IaFn87C',
471 silly reify   '/Users/thilinaweerasinghe/YELM Technologies/OruthotaChaletsAdmin/node_modules/d3-time': '/Users/thilinaweerasinghe/YELM Technologies/OruthotaChaletsAdmin/node_modules/.d3-time-va3YyQO4',
471 silly reify   '/Users/thilinaweerasinghe/YELM Technologies/OruthotaChaletsAdmin/node_modules/d3-time-format': '/Users/thilinaweerasinghe/YELM Technologies/OruthotaChaletsAdmin/node_modules/.d3-time-format-xwDgv6pz',
471 silly reify   '/Users/thilinaweerasinghe/YELM Technologies/OruthotaChaletsAdmin/node_modules/d3-timer': '/Users/thilinaweerasinghe/YELM Technologies/OruthotaChaletsAdmin/node_modules/.d3-timer-UCHWHi7h',
471 silly reify   '/Users/thilinaweerasinghe/YELM Technologies/OruthotaChaletsAdmin/node_modules/data-uri-to-buffer': '/Users/thilinaweerasinghe/YELM Technologies/OruthotaChaletsAdmin/node_modules/.data-uri-to-buffer-QPHgwJgG',
471 silly reify   '/Users/thilinaweerasinghe/YELM Technologies/OruthotaChaletsAdmin/node_modules/date-fns': '/Users/thilinaweerasinghe/YELM Technologies/OruthotaChaletsAdmin/node_modules/.date-fns-23yESdcu',
471 silly reify   '/Users/thilinaweerasinghe/YELM Technologies/OruthotaChaletsAdmin/node_modules/debug': '/Users/thilinaweerasinghe/YELM Technologies/OruthotaChaletsAdmin/node_modules/.debug-jjm9kq20',
471 silly reify   '/Users/thilinaweerasinghe/YELM Technologies/OruthotaChaletsAdmin/node_modules/decimal.js-light': '/Users/thilinaweerasinghe/YELM Technologies/OruthotaChaletsAdmin/node_modules/.decimal.js-light-DEiuaWBv',
471 silly reify   '/Users/thilinaweerasinghe/YELM Technologies/OruthotaChaletsAdmin/node_modules/define-data-property': '/Users/thilinaweerasinghe/YELM Technologies/OruthotaChaletsAdmin/node_modules/.define-data-property-vM8uIDFF',
471 silly reify   '/Users/thilinaweerasinghe/YELM Technologies/OruthotaChaletsAdmin/node_modules/delayed-stream': '/Users/thilinaweerasinghe/YELM Technologies/OruthotaChaletsAdmin/node_modules/.delayed-stream-EtWs2h9L',
471 silly reify   '/Users/thilinaweerasinghe/YELM Technologies/OruthotaChaletsAdmin/node_modules/destroy': '/Users/thilinaweerasinghe/YELM Technologies/OruthotaChaletsAdmin/node_modules/.destroy-zPXHroyx',
471 silly reify   '/Users/thilinaweerasinghe/YELM Technologies/OruthotaChaletsAdmin/node_modules/depd': '/Users/thilinaweerasinghe/YELM Technologies/OruthotaChaletsAdmin/node_modules/.depd-4xWrgGIl',
471 silly reify   '/Users/thilinaweerasinghe/YELM Technologies/OruthotaChaletsAdmin/node_modules/detect-node-es': '/Users/thilinaweerasinghe/YELM Technologies/OruthotaChaletsAdmin/node_modules/.detect-node-es-t5hvl0w3',
471 silly reify   '/Users/thilinaweerasinghe/YELM Technologies/OruthotaChaletsAdmin/node_modules/didyoumean': '/Users/thilinaweerasinghe/YELM Technologies/OruthotaChaletsAdmin/node_modules/.didyoumean-UfR7YuqH',
471 silly reify   '/Users/thilinaweerasinghe/YELM Technologies/OruthotaChaletsAdmin/node_modules/dlv': '/Users/thilinaweerasinghe/YELM Technologies/OruthotaChaletsAdmin/node_modules/.dlv-khMSV14a',
471 silly reify   '/Users/thilinaweerasinghe/YELM Technologies/OruthotaChaletsAdmin/node_modules/dom-helpers': '/Users/thilinaweerasinghe/YELM Technologies/OruthotaChaletsAdmin/node_modules/.dom-helpers-JtBrmQSn',
471 silly reify   '/Users/thilinaweerasinghe/YELM Technologies/OruthotaChaletsAdmin/node_modules/dot-prop': '/Users/thilinaweerasinghe/YELM Technologies/OruthotaChaletsAdmin/node_modules/.dot-prop-bsKa6gpW',
471 silly reify   '/Users/thilinaweerasinghe/YELM Technologies/OruthotaChaletsAdmin/node_modules/dunder-proto': '/Users/thilinaweerasinghe/YELM Technologies/OruthotaChaletsAdmin/node_modules/.dunder-proto-0J49p0bK',
471 silly reify   '/Users/thilinaweerasinghe/YELM Technologies/OruthotaChaletsAdmin/node_modules/dotprompt': '/Users/thilinaweerasinghe/YELM Technologies/OruthotaChaletsAdmin/node_modules/.dotprompt-Hpkb0jx2',
471 silly reify   '/Users/thilinaweerasinghe/YELM Technologies/OruthotaChaletsAdmin/node_modules/duplexify': '/Users/thilinaweerasinghe/YELM Technologies/OruthotaChaletsAdmin/node_modules/.duplexify-5oLTh8Fb',
471 silly reify   '/Users/thilinaweerasinghe/YELM Technologies/OruthotaChaletsAdmin/node_modules/eastasianwidth': '/Users/thilinaweerasinghe/YELM Technologies/OruthotaChaletsAdmin/node_modules/.eastasianwidth-bHCHLc6d',
471 silly reify   '/Users/thilinaweerasinghe/YELM Technologies/OruthotaChaletsAdmin/node_modules/ecdsa-sig-formatter': '/Users/thilinaweerasinghe/YELM Technologies/OruthotaChaletsAdmin/node_modules/.ecdsa-sig-formatter-bOGTvZIw',
471 silly reify   '/Users/thilinaweerasinghe/YELM Technologies/OruthotaChaletsAdmin/node_modules/ee-first': '/Users/thilinaweerasinghe/YELM Technologies/OruthotaChaletsAdmin/node_modules/.ee-first-EJKYGufh',
471 silly reify   '/Users/thilinaweerasinghe/YELM Technologies/OruthotaChaletsAdmin/node_modules/embla-carousel': '/Users/thilinaweerasinghe/YELM Technologies/OruthotaChaletsAdmin/node_modules/.embla-carousel-M9RC09yc',
471 silly reify   '/Users/thilinaweerasinghe/YELM Technologies/OruthotaChaletsAdmin/node_modules/embla-carousel-react': '/Users/thilinaweerasinghe/YELM Technologies/OruthotaChaletsAdmin/node_modules/.embla-carousel-react-LkZNj0R6',
471 silly reify   '/Users/thilinaweerasinghe/YELM Technologies/OruthotaChaletsAdmin/node_modules/embla-carousel-reactive-utils': '/Users/thilinaweerasinghe/YELM Technologies/OruthotaChaletsAdmin/node_modules/.embla-carousel-reactive-utils-6Od131FN',
471 silly reify   '/Users/thilinaweerasinghe/YELM Technologies/OruthotaChaletsAdmin/node_modules/enabled': '/Users/thilinaweerasinghe/YELM Technologies/OruthotaChaletsAdmin/node_modules/.enabled-vMFqjD6t',
471 silly reify   '/Users/thilinaweerasinghe/YELM Technologies/OruthotaChaletsAdmin/node_modules/encodeurl': '/Users/thilinaweerasinghe/YELM Technologies/OruthotaChaletsAdmin/node_modules/.encodeurl-FQywh23k',
471 silly reify   '/Users/thilinaweerasinghe/YELM Technologies/OruthotaChaletsAdmin/node_modules/es-define-property': '/Users/thilinaweerasinghe/YELM Technologies/OruthotaChaletsAdmin/node_modules/.es-define-property-n0wBJstD',
471 silly reify   '/Users/thilinaweerasinghe/YELM Technologies/OruthotaChaletsAdmin/node_modules/es-errors': '/Users/thilinaweerasinghe/YELM Technologies/OruthotaChaletsAdmin/node_modules/.es-errors-itvthKr5',
471 silly reify   '/Users/thilinaweerasinghe/YELM Technologies/OruthotaChaletsAdmin/node_modules/es-set-tostringtag': '/Users/thilinaweerasinghe/YELM Technologies/OruthotaChaletsAdmin/node_modules/.es-set-tostringtag-rTWBVXcp',
471 silly reify   '/Users/thilinaweerasinghe/YELM Technologies/OruthotaChaletsAdmin/node_modules/escape-html': '/Users/thilinaweerasinghe/YELM Technologies/OruthotaChaletsAdmin/node_modules/.escape-html-5Rv4VQFT',
471 silly reify   '/Users/thilinaweerasinghe/YELM Technologies/OruthotaChaletsAdmin/node_modules/etag': '/Users/thilinaweerasinghe/YELM Technologies/OruthotaChaletsAdmin/node_modules/.etag-64QWSf6n',
471 silly reify   '/Users/thilinaweerasinghe/YELM Technologies/OruthotaChaletsAdmin/node_modules/event-target-shim': '/Users/thilinaweerasinghe/YELM Technologies/OruthotaChaletsAdmin/node_modules/.event-target-shim-VHk9c5xy',
471 silly reify   '/Users/thilinaweerasinghe/YELM Technologies/OruthotaChaletsAdmin/node_modules/eventemitter3': '/Users/thilinaweerasinghe/YELM Technologies/OruthotaChaletsAdmin/node_modules/.eventemitter3-LrvZj5hQ',
471 silly reify   '/Users/thilinaweerasinghe/YELM Technologies/OruthotaChaletsAdmin/node_modules/extend': '/Users/thilinaweerasinghe/YELM Technologies/OruthotaChaletsAdmin/node_modules/.extend-1eUpO5Ex',
471 silly reify   '/Users/thilinaweerasinghe/YELM Technologies/OruthotaChaletsAdmin/node_modules/fast-glob': '/Users/thilinaweerasinghe/YELM Technologies/OruthotaChaletsAdmin/node_modules/.fast-glob-4J7WOzef',
471 silly reify   '/Users/thilinaweerasinghe/YELM Technologies/OruthotaChaletsAdmin/node_modules/faye-websocket': '/Users/thilinaweerasinghe/YELM Technologies/OruthotaChaletsAdmin/node_modules/.faye-websocket-F240g98R',
471 silly reify   '/Users/thilinaweerasinghe/YELM Technologies/OruthotaChaletsAdmin/node_modules/fecha': '/Users/thilinaweerasinghe/YELM Technologies/OruthotaChaletsAdmin/node_modules/.fecha-BETfVhWf',
471 silly reify   '/Users/thilinaweerasinghe/YELM Technologies/OruthotaChaletsAdmin/node_modules/fetch-blob': '/Users/thilinaweerasinghe/YELM Technologies/OruthotaChaletsAdmin/node_modules/.fetch-blob-jkRGk7Hb',
471 silly reify   '/Users/thilinaweerasinghe/YELM Technologies/OruthotaChaletsAdmin/node_modules/fill-range': '/Users/thilinaweerasinghe/YELM Technologies/OruthotaChaletsAdmin/node_modules/.fill-range-KebXcJwB',
471 silly reify   '/Users/thilinaweerasinghe/YELM Technologies/OruthotaChaletsAdmin/node_modules/find-yarn-workspace-root': '/Users/thilinaweerasinghe/YELM Technologies/OruthotaChaletsAdmin/node_modules/.find-yarn-workspace-root-95Ln69YO',
471 silly reify   '/Users/thilinaweerasinghe/YELM Technologies/OruthotaChaletsAdmin/node_modules/fn.name': '/Users/thilinaweerasinghe/YELM Technologies/OruthotaChaletsAdmin/node_modules/.fn.name-bK995bhz',
471 silly reify   '/Users/thilinaweerasinghe/YELM Technologies/OruthotaChaletsAdmin/node_modules/formdata-polyfill': '/Users/thilinaweerasinghe/YELM Technologies/OruthotaChaletsAdmin/node_modules/.formdata-polyfill-Q7bMpsAp',
471 silly reify   '/Users/thilinaweerasinghe/YELM Technologies/OruthotaChaletsAdmin/node_modules/forwarded': '/Users/thilinaweerasinghe/YELM Technologies/OruthotaChaletsAdmin/node_modules/.forwarded-xGy61EBm',
471 silly reify   '/Users/thilinaweerasinghe/YELM Technologies/OruthotaChaletsAdmin/node_modules/frac': '/Users/thilinaweerasinghe/YELM Technologies/OruthotaChaletsAdmin/node_modules/.frac-rEDma1YQ',
471 silly reify   '/Users/thilinaweerasinghe/YELM Technologies/OruthotaChaletsAdmin/node_modules/fresh': '/Users/thilinaweerasinghe/YELM Technologies/OruthotaChaletsAdmin/node_modules/.fresh-kunSd33A',
471 silly reify   '/Users/thilinaweerasinghe/YELM Technologies/OruthotaChaletsAdmin/node_modules/fsevents': '/Users/thilinaweerasinghe/YELM Technologies/OruthotaChaletsAdmin/node_modules/.fsevents-x9pSKbAc',
471 silly reify   '/Users/thilinaweerasinghe/YELM Technologies/OruthotaChaletsAdmin/node_modules/fs.realpath': '/Users/thilinaweerasinghe/YELM Technologies/OruthotaChaletsAdmin/node_modules/.fs.realpath-jTyneJ2S',
471 silly reify   '/Users/thilinaweerasinghe/YELM Technologies/OruthotaChaletsAdmin/node_modules/function-bind': '/Users/thilinaweerasinghe/YELM Technologies/OruthotaChaletsAdmin/node_modules/.function-bind-6ARLXb81',
471 silly reify   '/Users/thilinaweerasinghe/YELM Technologies/OruthotaChaletsAdmin/node_modules/functional-red-black-tree': '/Users/thilinaweerasinghe/YELM Technologies/OruthotaChaletsAdmin/node_modules/.functional-red-black-tree-hI5GOxrm',
471 silly reify   '/Users/thilinaweerasinghe/YELM Technologies/OruthotaChaletsAdmin/node_modules/gaxios': '/Users/thilinaweerasinghe/YELM Technologies/OruthotaChaletsAdmin/node_modules/.gaxios-uXqEpVLy',
471 silly reify   '/Users/thilinaweerasinghe/YELM Technologies/OruthotaChaletsAdmin/node_modules/gcp-metadata': '/Users/thilinaweerasinghe/YELM Technologies/OruthotaChaletsAdmin/node_modules/.gcp-metadata-JU7DKOga',
471 silly reify   '/Users/thilinaweerasinghe/YELM Technologies/OruthotaChaletsAdmin/node_modules/get-caller-file': '/Users/thilinaweerasinghe/YELM Technologies/OruthotaChaletsAdmin/node_modules/.get-caller-file-0IIJSyEi',
471 silly reify   '/Users/thilinaweerasinghe/YELM Technologies/OruthotaChaletsAdmin/node_modules/get-nonce': '/Users/thilinaweerasinghe/YELM Technologies/OruthotaChaletsAdmin/node_modules/.get-nonce-Vy9G6HzX',
471 silly reify   '/Users/thilinaweerasinghe/YELM Technologies/OruthotaChaletsAdmin/node_modules/get-port': '/Users/thilinaweerasinghe/YELM Technologies/OruthotaChaletsAdmin/node_modules/.get-port-7e4Emg2z',
471 silly reify   '/Users/thilinaweerasinghe/YELM Technologies/OruthotaChaletsAdmin/node_modules/get-proto': '/Users/thilinaweerasinghe/YELM Technologies/OruthotaChaletsAdmin/node_modules/.get-proto-8UgmfgtA',
471 silly reify   '/Users/thilinaweerasinghe/YELM Technologies/OruthotaChaletsAdmin/node_modules/google-gax': '/Users/thilinaweerasinghe/YELM Technologies/OruthotaChaletsAdmin/node_modules/.google-gax-nrGWP9UQ',
471 silly reify   '/Users/thilinaweerasinghe/YELM Technologies/OruthotaChaletsAdmin/node_modules/google-logging-utils': '/Users/thilinaweerasinghe/YELM Technologies/OruthotaChaletsAdmin/node_modules/.google-logging-utils-spubrXWO',
471 silly reify   '/Users/thilinaweerasinghe/YELM Technologies/OruthotaChaletsAdmin/node_modules/google-auth-library': '/Users/thilinaweerasinghe/YELM Technologies/OruthotaChaletsAdmin/node_modules/.google-auth-library-eDC64QKq',
471 silly reify   '/Users/thilinaweerasinghe/YELM Technologies/OruthotaChaletsAdmin/node_modules/googleapis': '/Users/thilinaweerasinghe/YELM Technologies/OruthotaChaletsAdmin/node_modules/.googleapis-fN47yshd',
471 silly reify   '/Users/thilinaweerasinghe/YELM Technologies/OruthotaChaletsAdmin/node_modules/googleapis-common': '/Users/thilinaweerasinghe/YELM Technologies/OruthotaChaletsAdmin/node_modules/.googleapis-common-WUgZwxPB',
471 silly reify   '/Users/thilinaweerasinghe/YELM Technologies/OruthotaChaletsAdmin/node_modules/gopd': '/Users/thilinaweerasinghe/YELM Technologies/OruthotaChaletsAdmin/node_modules/.gopd-0hhtJ6Xf',
471 silly reify   '/Users/thilinaweerasinghe/YELM Technologies/OruthotaChaletsAdmin/node_modules/graceful-fs': '/Users/thilinaweerasinghe/YELM Technologies/OruthotaChaletsAdmin/node_modules/.graceful-fs-gQXwEk26',
471 silly reify   '/Users/thilinaweerasinghe/YELM Technologies/OruthotaChaletsAdmin/node_modules/gtoken': '/Users/thilinaweerasinghe/YELM Technologies/OruthotaChaletsAdmin/node_modules/.gtoken-EpiRctsy',
471 silly reify   '/Users/thilinaweerasinghe/YELM Technologies/OruthotaChaletsAdmin/node_modules/has-flag': '/Users/thilinaweerasinghe/YELM Technologies/OruthotaChaletsAdmin/node_modules/.has-flag-zKXE0cxZ',
471 silly reify   '/Users/thilinaweerasinghe/YELM Technologies/OruthotaChaletsAdmin/node_modules/has-property-descriptors': '/Users/thilinaweerasinghe/YELM Technologies/OruthotaChaletsAdmin/node_modules/.has-property-descriptors-PmZifA7y',
471 silly reify   '/Users/thilinaweerasinghe/YELM Technologies/OruthotaChaletsAdmin/node_modules/has-symbols': '/Users/thilinaweerasinghe/YELM Technologies/OruthotaChaletsAdmin/node_modules/.has-symbols-sCx1gSYl',
471 silly reify   '/Users/thilinaweerasinghe/YELM Technologies/OruthotaChaletsAdmin/node_modules/has-tostringtag': '/Users/thilinaweerasinghe/YELM Technologies/OruthotaChaletsAdmin/node_modules/.has-tostringtag-WU6laMSA',
471 silly reify   '/Users/thilinaweerasinghe/YELM Technologies/OruthotaChaletsAdmin/node_modules/html-entities': '/Users/thilinaweerasinghe/YELM Technologies/OruthotaChaletsAdmin/node_modules/.html-entities-20036Lfc',
471 silly reify   '/Users/thilinaweerasinghe/YELM Technologies/OruthotaChaletsAdmin/node_modules/html5-qrcode': '/Users/thilinaweerasinghe/YELM Technologies/OruthotaChaletsAdmin/node_modules/.html5-qrcode-6pCSD4Vx',
471 silly reify   '/Users/thilinaweerasinghe/YELM Technologies/OruthotaChaletsAdmin/node_modules/http-parser-js': '/Users/thilinaweerasinghe/YELM Technologies/OruthotaChaletsAdmin/node_modules/.http-parser-js-ppUsh5yP',
471 silly reify   '/Users/thilinaweerasinghe/YELM Technologies/OruthotaChaletsAdmin/node_modules/https-proxy-agent': '/Users/thilinaweerasinghe/YELM Technologies/OruthotaChaletsAdmin/node_modules/.https-proxy-agent-gKnD0N64',
471 silly reify   '/Users/thilinaweerasinghe/YELM Technologies/OruthotaChaletsAdmin/node_modules/iceberg-js': '/Users/thilinaweerasinghe/YELM Technologies/OruthotaChaletsAdmin/node_modules/.iceberg-js-tO9stgwb',
471 silly reify   '/Users/thilinaweerasinghe/YELM Technologies/OruthotaChaletsAdmin/node_modules/iconv-lite': '/Users/thilinaweerasinghe/YELM Technologies/OruthotaChaletsAdmin/node_modules/.iconv-lite-UE1Hp7Lg',
471 silly reify   '/Users/thilinaweerasinghe/YELM Technologies/OruthotaChaletsAdmin/node_modules/inherits': '/Users/thilinaweerasinghe/YELM Technologies/OruthotaChaletsAdmin/node_modules/.inherits-MZqzYrX4',
471 silly reify   '/Users/thilinaweerasinghe/YELM Technologies/OruthotaChaletsAdmin/node_modules/internmap': '/Users/thilinaweerasinghe/YELM Technologies/OruthotaChaletsAdmin/node_modules/.internmap-SIS0TAn9',
471 silly reify   '/Users/thilinaweerasinghe/YELM Technologies/OruthotaChaletsAdmin/node_modules/inflight': '/Users/thilinaweerasinghe/YELM Technologies/OruthotaChaletsAdmin/node_modules/.inflight-2h0fVjYR',
471 silly reify   '/Users/thilinaweerasinghe/YELM Technologies/OruthotaChaletsAdmin/node_modules/ipaddr.js': '/Users/thilinaweerasinghe/YELM Technologies/OruthotaChaletsAdmin/node_modules/.ipaddr.js-zDC5hjza',
471 silly reify   '/Users/thilinaweerasinghe/YELM Technologies/OruthotaChaletsAdmin/node_modules/is-binary-path': '/Users/thilinaweerasinghe/YELM Technologies/OruthotaChaletsAdmin/node_modules/.is-binary-path-DNRF60DZ',
471 silly reify   '/Users/thilinaweerasinghe/YELM Technologies/OruthotaChaletsAdmin/node_modules/is-docker': '/Users/thilinaweerasinghe/YELM Technologies/OruthotaChaletsAdmin/node_modules/.is-docker-hBIqnoeP',
471 silly reify   '/Users/thilinaweerasinghe/YELM Technologies/OruthotaChaletsAdmin/node_modules/is-fullwidth-code-point': '/Users/thilinaweerasinghe/YELM Technologies/OruthotaChaletsAdmin/node_modules/.is-fullwidth-code-point-c0dyFsfj',
471 silly reify   '/Users/thilinaweerasinghe/YELM Technologies/OruthotaChaletsAdmin/node_modules/is-number': '/Users/thilinaweerasinghe/YELM Technologies/OruthotaChaletsAdmin/node_modules/.is-number-eHvrtBCV',
471 silly reify   '/Users/thilinaweerasinghe/YELM Technologies/OruthotaChaletsAdmin/node_modules/is-obj': '/Users/thilinaweerasinghe/YELM Technologies/OruthotaChaletsAdmin/node_modules/.is-obj-mv3MzNVL',
471 silly reify   '/Users/thilinaweerasinghe/YELM Technologies/OruthotaChaletsAdmin/node_modules/is-stream': '/Users/thilinaweerasinghe/YELM Technologies/OruthotaChaletsAdmin/node_modules/.is-stream-wKLTk3XG',
471 silly reify   '/Users/thilinaweerasinghe/YELM Technologies/OruthotaChaletsAdmin/node_modules/isarray': '/Users/thilinaweerasinghe/YELM Technologies/OruthotaChaletsAdmin/node_modules/.isarray-qnzCMSvs',
471 silly reify   '/Users/thilinaweerasinghe/YELM Technologies/OruthotaChaletsAdmin/node_modules/jackspeak': '/Users/thilinaweerasinghe/YELM Technologies/OruthotaChaletsAdmin/node_modules/.jackspeak-kZzzNxwM',
471 silly reify   '/Users/thilinaweerasinghe/YELM Technologies/OruthotaChaletsAdmin/node_modules/jiti': '/Users/thilinaweerasinghe/YELM Technologies/OruthotaChaletsAdmin/node_modules/.jiti-acUXnpr6',
471 silly reify   '/Users/thilinaweerasinghe/YELM Technologies/OruthotaChaletsAdmin/node_modules/jodit-react': '/Users/thilinaweerasinghe/YELM Technologies/OruthotaChaletsAdmin/node_modules/.jodit-react-5wjcBNTu',
471 silly reify   '/Users/thilinaweerasinghe/YELM Technologies/OruthotaChaletsAdmin/node_modules/js-tokens': '/Users/thilinaweerasinghe/YELM Technologies/OruthotaChaletsAdmin/node_modules/.js-tokens-eESa6df6',
471 silly reify   '/Users/thilinaweerasinghe/YELM Technologies/OruthotaChaletsAdmin/node_modules/json-bigint': '/Users/thilinaweerasinghe/YELM Technologies/OruthotaChaletsAdmin/node_modules/.json-bigint-aHFaCEjF',
471 silly reify   '/Users/thilinaweerasinghe/YELM Technologies/OruthotaChaletsAdmin/node_modules/json-schema': '/Users/thilinaweerasinghe/YELM Technologies/OruthotaChaletsAdmin/node_modules/.json-schema-nDvNRAMp',
471 silly reify   '/Users/thilinaweerasinghe/YELM Technologies/OruthotaChaletsAdmin/node_modules/json5': '/Users/thilinaweerasinghe/YELM Technologies/OruthotaChaletsAdmin/node_modules/.json5-3DOrN2J6',
471 silly reify   '/Users/thilinaweerasinghe/YELM Technologies/OruthotaChaletsAdmin/node_modules/jsonify': '/Users/thilinaweerasinghe/YELM Technologies/OruthotaChaletsAdmin/node_modules/.jsonify-PYJ6T6ug',
471 silly reify   '/Users/thilinaweerasinghe/YELM Technologies/OruthotaChaletsAdmin/node_modules/klaw-sync': '/Users/thilinaweerasinghe/YELM Technologies/OruthotaChaletsAdmin/node_modules/.klaw-sync-pq1triBF',
471 silly reify   '/Users/thilinaweerasinghe/YELM Technologies/OruthotaChaletsAdmin/node_modules/kuler': '/Users/thilinaweerasinghe/YELM Technologies/OruthotaChaletsAdmin/node_modules/.kuler-j3GEnMfm',
471 silly reify   '/Users/thilinaweerasinghe/YELM Technologies/OruthotaChaletsAdmin/node_modules/lilconfig': '/Users/thilinaweerasinghe/YELM Technologies/OruthotaChaletsAdmin/node_modules/.lilconfig-McQxJTqZ',
471 silly reify   '/Users/thilinaweerasinghe/YELM Technologies/OruthotaChaletsAdmin/node_modules/limiter': '/Users/thilinaweerasinghe/YELM Technologies/OruthotaChaletsAdmin/node_modules/.limiter-U2BrTrlI',
471 silly reify   '/Users/thilinaweerasinghe/YELM Technologies/OruthotaChaletsAdmin/node_modules/lines-and-columns': '/Users/thilinaweerasinghe/YELM Technologies/OruthotaChaletsAdmin/node_modules/.lines-and-columns-lv4rghAX',
471 silly reify   '/Users/thilinaweerasinghe/YELM Technologies/OruthotaChaletsAdmin/node_modules/lodash.camelcase': '/Users/thilinaweerasinghe/YELM Technologies/OruthotaChaletsAdmin/node_modules/.lodash.camelcase-iTGRwOIE',
471 silly reify   '/Users/thilinaweerasinghe/YELM Technologies/OruthotaChaletsAdmin/node_modules/lodash.clonedeep': '/Users/thilinaweerasinghe/YELM Technologies/OruthotaChaletsAdmin/node_modules/.lodash.clonedeep-n8OXtsrG',
471 silly reify   '/Users/thilinaweerasinghe/YELM Technologies/OruthotaChaletsAdmin/node_modules/lodash.includes': '/Users/thilinaweerasinghe/YELM Technologies/OruthotaChaletsAdmin/node_modules/.lodash.includes-Fgu2yrcW',
471 silly reify   '/Users/thilinaweerasinghe/YELM Technologies/OruthotaChaletsAdmin/node_modules/lodash.isboolean': '/Users/thilinaweerasinghe/YELM Technologies/OruthotaChaletsAdmin/node_modules/.lodash.isboolean-OFjjZ4lv',
471 silly reify   '/Users/thilinaweerasinghe/YELM Technologies/OruthotaChaletsAdmin/node_modules/lodash.isinteger': '/Users/thilinaweerasinghe/YELM Technologies/OruthotaChaletsAdmin/node_modules/.lodash.isinteger-vg32yNrd',
471 silly reify   '/Users/thilinaweerasinghe/YELM Technologies/OruthotaChaletsAdmin/node_modules/lodash.isnumber': '/Users/thilinaweerasinghe/YELM Technologies/OruthotaChaletsAdmin/node_modules/.lodash.isnumber-T1VHkGMR',
471 silly reify   '/Users/thilinaweerasinghe/YELM Technologies/OruthotaChaletsAdmin/node_modules/lodash.isplainobject': '/Users/thilinaweerasinghe/YELM Technologies/OruthotaChaletsAdmin/node_modules/.lodash.isplainobject-8Isr3rnW',
471 silly reify   '/Users/thilinaweerasinghe/YELM Technologies/OruthotaChaletsAdmin/node_modules/lodash.isstring': '/Users/thilinaweerasinghe/YELM Technologies/OruthotaChaletsAdmin/node_modules/.lodash.isstring-4dFxiPWN',
471 silly reify   '/Users/thilinaweerasinghe/YELM Technologies/OruthotaChaletsAdmin/node_modules/lodash.mapvalues': '/Users/thilinaweerasinghe/YELM Technologies/OruthotaChaletsAdmin/node_modules/.lodash.mapvalues-3hmVCx9m',
471 silly reify   '/Users/thilinaweerasinghe/YELM Technologies/OruthotaChaletsAdmin/node_modules/lodash.merge': '/Users/thilinaweerasinghe/YELM Technologies/OruthotaChaletsAdmin/node_modules/.lodash.merge-fBm4Xe5c',
471 silly reify   '/Users/thilinaweerasinghe/YELM Technologies/OruthotaChaletsAdmin/node_modules/lodash.once': '/Users/thilinaweerasinghe/YELM Technologies/OruthotaChaletsAdmin/node_modules/.lodash.once-EbmFMhOp',
471 silly reify   '/Users/thilinaweerasinghe/YELM Technologies/OruthotaChaletsAdmin/node_modules/logform': '/Users/thilinaweerasinghe/YELM Technologies/OruthotaChaletsAdmin/node_modules/.logform-YQ2hRla0',
471 silly reify   '/Users/thilinaweerasinghe/YELM Technologies/OruthotaChaletsAdmin/node_modules/loose-envify': '/Users/thilinaweerasinghe/YELM Technologies/OruthotaChaletsAdmin/node_modules/.loose-envify-ztz7lnBe',
471 silly reify   '/Users/thilinaweerasinghe/YELM Technologies/OruthotaChaletsAdmin/node_modules/lucide-react': '/Users/thilinaweerasinghe/YELM Technologies/OruthotaChaletsAdmin/node_modules/.lucide-react-YF4BWHYq',
471 silly reify   '/Users/thilinaweerasinghe/YELM Technologies/OruthotaChaletsAdmin/node_modules/make-error': '/Users/thilinaweerasinghe/YELM Technologies/OruthotaChaletsAdmin/node_modules/.make-error-Z9PnGQAS',
471 silly reify   '/Users/thilinaweerasinghe/YELM Technologies/OruthotaChaletsAdmin/node_modules/media-typer': '/Users/thilinaweerasinghe/YELM Technologies/OruthotaChaletsAdmin/node_modules/.media-typer-jLJG6XFj',
471 silly reify   '/Users/thilinaweerasinghe/YELM Technologies/OruthotaChaletsAdmin/node_modules/merge-descriptors': '/Users/thilinaweerasinghe/YELM Technologies/OruthotaChaletsAdmin/node_modules/.merge-descriptors-MGpUIoqx',
471 silly reify   '/Users/thilinaweerasinghe/YELM Technologies/OruthotaChaletsAdmin/node_modules/merge2': '/Users/thilinaweerasinghe/YELM Technologies/OruthotaChaletsAdmin/node_modules/.merge2-vprEpvaO',
471 silly reify   '/Users/thilinaweerasinghe/YELM Technologies/OruthotaChaletsAdmin/node_modules/methods': '/Users/thilinaweerasinghe/YELM Technologies/OruthotaChaletsAdmin/node_modules/.methods-4uyeJVXG',
471 silly reify   '/Users/thilinaweerasinghe/YELM Technologies/OruthotaChaletsAdmin/node_modules/math-intrinsics': '/Users/thilinaweerasinghe/YELM Technologies/OruthotaChaletsAdmin/node_modules/.math-intrinsics-vWfScaEr',
471 silly reify   '/Users/thilinaweerasinghe/YELM Technologies/OruthotaChaletsAdmin/node_modules/micromatch': '/Users/thilinaweerasinghe/YELM Technologies/OruthotaChaletsAdmin/node_modules/.micromatch-30NpCQPM',
471 silly reify   '/Users/thilinaweerasinghe/YELM Technologies/OruthotaChaletsAdmin/node_modules/mime': '/Users/thilinaweerasinghe/YELM Technologies/OruthotaChaletsAdmin/node_modules/.mime-A8Jq5WUB',
471 silly reify   '/Users/thilinaweerasinghe/YELM Technologies/OruthotaChaletsAdmin/node_modules/mime-db': '/Users/thilinaweerasinghe/YELM Technologies/OruthotaChaletsAdmin/node_modules/.mime-db-lOfYAKte',
471 silly reify   '/Users/thilinaweerasinghe/YELM Technologies/OruthotaChaletsAdmin/node_modules/mime-types': '/Users/thilinaweerasinghe/YELM Technologies/OruthotaChaletsAdmin/node_modules/.mime-types-ivLjI0ee',
471 silly reify   '/Users/thilinaweerasinghe/YELM Technologies/OruthotaChaletsAdmin/node_modules/minimist': '/Users/thilinaweerasinghe/YELM Technologies/OruthotaChaletsAdmin/node_modules/.minimist-s7lfYZT7',
471 silly reify   '/Users/thilinaweerasinghe/YELM Technologies/OruthotaChaletsAdmin/node_modules/module-details-from-path': '/Users/thilinaweerasinghe/YELM Technologies/OruthotaChaletsAdmin/node_modules/.module-details-from-path-YxOqSlu1',
471 silly reify   '/Users/thilinaweerasinghe/YELM Technologies/OruthotaChaletsAdmin/node_modules/ms': '/Users/thilinaweerasinghe/YELM Technologies/OruthotaChaletsAdmin/node_modules/.ms-GomF9gos',
471 silly reify   '/Users/thilinaweerasinghe/YELM Technologies/OruthotaChaletsAdmin/node_modules/mz': '/Users/thilinaweerasinghe/YELM Technologies/OruthotaChaletsAdmin/node_modules/.mz-mcXbtvqD',
471 silly reify   '/Users/thilinaweerasinghe/YELM Technologies/OruthotaChaletsAdmin/node_modules/negotiator': '/Users/thilinaweerasinghe/YELM Technologies/OruthotaChaletsAdmin/node_modules/.negotiator-RVOCI3gR',
471 silly reify   '/Users/thilinaweerasinghe/YELM Technologies/OruthotaChaletsAdmin/node_modules/neo-async': '/Users/thilinaweerasinghe/YELM Technologies/OruthotaChaletsAdmin/node_modules/.neo-async-H4lTnqZ2',
471 silly reify   '/Users/thilinaweerasinghe/YELM Technologies/OruthotaChaletsAdmin/node_modules/node-domexception': '/Users/thilinaweerasinghe/YELM Technologies/OruthotaChaletsAdmin/node_modules/.node-domexception-SQvc2Jvf',
471 silly reify   '/Users/thilinaweerasinghe/YELM Technologies/OruthotaChaletsAdmin/node_modules/node-fetch': '/Users/thilinaweerasinghe/YELM Technologies/OruthotaChaletsAdmin/node_modules/.node-fetch-0SgaizX6',
471 silly reify   '/Users/thilinaweerasinghe/YELM Technologies/OruthotaChaletsAdmin/node_modules/normalize-path': '/Users/thilinaweerasinghe/YELM Technologies/OruthotaChaletsAdmin/node_modules/.normalize-path-MDHTDLdw',
471 silly reify   '/Users/thilinaweerasinghe/YELM Technologies/OruthotaChaletsAdmin/node_modules/object-assign': '/Users/thilinaweerasinghe/YELM Technologies/OruthotaChaletsAdmin/node_modules/.object-assign-55S1KisL',
471 silly reify   '/Users/thilinaweerasinghe/YELM Technologies/OruthotaChaletsAdmin/node_modules/object-hash': '/Users/thilinaweerasinghe/YELM Technologies/OruthotaChaletsAdmin/node_modules/.object-hash-N5KeeLS8',
471 silly reify   '/Users/thilinaweerasinghe/YELM Technologies/OruthotaChaletsAdmin/node_modules/object-inspect': '/Users/thilinaweerasinghe/YELM Technologies/OruthotaChaletsAdmin/node_modules/.object-inspect-h2HKqHRT',
471 silly reify   '/Users/thilinaweerasinghe/YELM Technologies/OruthotaChaletsAdmin/node_modules/object-keys': '/Users/thilinaweerasinghe/YELM Technologies/OruthotaChaletsAdmin/node_modules/.object-keys-XMp1mcOF',
471 silly reify   '/Users/thilinaweerasinghe/YELM Technologies/OruthotaChaletsAdmin/node_modules/on-finished': '/Users/thilinaweerasinghe/YELM Technologies/OruthotaChaletsAdmin/node_modules/.on-finished-CYUolQGM',
471 silly reify   '/Users/thilinaweerasinghe/YELM Technologies/OruthotaChaletsAdmin/node_modules/once': '/Users/thilinaweerasinghe/YELM Technologies/OruthotaChaletsAdmin/node_modules/.once-ZO4kHf3Z',
471 silly reify   '/Users/thilinaweerasinghe/YELM Technologies/OruthotaChaletsAdmin/node_modules/one-time': '/Users/thilinaweerasinghe/YELM Technologies/OruthotaChaletsAdmin/node_modules/.one-time-VlGUWUOr',
471 silly reify   '/Users/thilinaweerasinghe/YELM Technologies/OruthotaChaletsAdmin/node_modules/package-json-from-dist': '/Users/thilinaweerasinghe/YELM Technologies/OruthotaChaletsAdmin/node_modules/.package-json-from-dist-3jFrJlDH',
471 silly reify   '/Users/thilinaweerasinghe/YELM Technologies/OruthotaChaletsAdmin/node_modules/parseurl': '/Users/thilinaweerasinghe/YELM Technologies/OruthotaChaletsAdmin/node_modules/.parseurl-BUVj0Zyn',
471 silly reify   '/Users/thilinaweerasinghe/YELM Technologies/OruthotaChaletsAdmin/node_modules/partial-json': '/Users/thilinaweerasinghe/YELM Technologies/OruthotaChaletsAdmin/node_modules/.partial-json-qFzo87fP',
471 silly reify   '/Users/thilinaweerasinghe/YELM Technologies/OruthotaChaletsAdmin/node_modules/path-is-absolute': '/Users/thilinaweerasinghe/YELM Technologies/OruthotaChaletsAdmin/node_modules/.path-is-absolute-ua6ao9ba',
471 silly reify   '/Users/thilinaweerasinghe/YELM Technologies/OruthotaChaletsAdmin/node_modules/path-parse': '/Users/thilinaweerasinghe/YELM Technologies/OruthotaChaletsAdmin/node_modules/.path-parse-evK5t8JJ',
471 silly reify   '/Users/thilinaweerasinghe/YELM Technologies/OruthotaChaletsAdmin/node_modules/path-scurry': '/Users/thilinaweerasinghe/YELM Technologies/OruthotaChaletsAdmin/node_modules/.path-scurry-c4CM7Q7K',
471 silly reify   '/Users/thilinaweerasinghe/YELM Technologies/OruthotaChaletsAdmin/node_modules/pg-int8': '/Users/thilinaweerasinghe/YELM Technologies/OruthotaChaletsAdmin/node_modules/.pg-int8-5yQARAvf',
471 silly reify   '/Users/thilinaweerasinghe/YELM Technologies/OruthotaChaletsAdmin/node_modules/pg-types': '/Users/thilinaweerasinghe/YELM Technologies/OruthotaChaletsAdmin/node_modules/.pg-types-WPhV0UWL',
471 silly reify   '/Users/thilinaweerasinghe/YELM Technologies/OruthotaChaletsAdmin/node_modules/picocolors': '/Users/thilinaweerasinghe/YELM Technologies/OruthotaChaletsAdmin/node_modules/.picocolors-eBc2sNRz',
471 silly reify   '/Users/thilinaweerasinghe/YELM Technologies/OruthotaChaletsAdmin/node_modules/postcss-import': '/Users/thilinaweerasinghe/YELM Technologies/OruthotaChaletsAdmin/node_modules/.postcss-import-uYkILR3b',
471 silly reify   '/Users/thilinaweerasinghe/YELM Technologies/OruthotaChaletsAdmin/node_modules/postcss-nested': '/Users/thilinaweerasinghe/YELM Technologies/OruthotaChaletsAdmin/node_modules/.postcss-nested-W5IhEnuf',
471 silly reify   '/Users/thilinaweerasinghe/YELM Technologies/OruthotaChaletsAdmin/node_modules/postcss-value-parser': '/Users/thilinaweerasinghe/YELM Technologies/OruthotaChaletsAdmin/node_modules/.postcss-value-parser-FesJbbwa',
471 silly reify   '/Users/thilinaweerasinghe/YELM Technologies/OruthotaChaletsAdmin/node_modules/postgres-array': '/Users/thilinaweerasinghe/YELM Technologies/OruthotaChaletsAdmin/node_modules/.postgres-array-ZHYNiRkL',
471 silly reify   '/Users/thilinaweerasinghe/YELM Technologies/OruthotaChaletsAdmin/node_modules/postgres-date': '/Users/thilinaweerasinghe/YELM Technologies/OruthotaChaletsAdmin/node_modules/.postgres-date-ohHU38kE',
471 silly reify   '/Users/thilinaweerasinghe/YELM Technologies/OruthotaChaletsAdmin/node_modules/postgres-interval': '/Users/thilinaweerasinghe/YELM Technologies/OruthotaChaletsAdmin/node_modules/.postgres-interval-SsFit3nn',
471 silly reify   '/Users/thilinaweerasinghe/YELM Technologies/OruthotaChaletsAdmin/node_modules/prop-types': '/Users/thilinaweerasinghe/YELM Technologies/OruthotaChaletsAdmin/node_modules/.prop-types-n192ujme',
471 silly reify   '/Users/thilinaweerasinghe/YELM Technologies/OruthotaChaletsAdmin/node_modules/proto3-json-serializer': '/Users/thilinaweerasinghe/YELM Technologies/OruthotaChaletsAdmin/node_modules/.proto3-json-serializer-m0kKB9N9',
471 silly reify   '/Users/thilinaweerasinghe/YELM Technologies/OruthotaChaletsAdmin/node_modules/proxy-addr': '/Users/thilinaweerasinghe/YELM Technologies/OruthotaChaletsAdmin/node_modules/.proxy-addr-iX7qEYK8',
471 silly reify   '/Users/thilinaweerasinghe/YELM Technologies/OruthotaChaletsAdmin/node_modules/pumpify': '/Users/thilinaweerasinghe/YELM Technologies/OruthotaChaletsAdmin/node_modules/.pumpify-IsLSjXfC',
471 silly reify   '/Users/thilinaweerasinghe/YELM Technologies/OruthotaChaletsAdmin/node_modules/range-parser': '/Users/thilinaweerasinghe/YELM Technologies/OruthotaChaletsAdmin/node_modules/.range-parser-QHP1fcZJ',
471 silly reify   '/Users/thilinaweerasinghe/YELM Technologies/OruthotaChaletsAdmin/node_modules/queue-microtask': '/Users/thilinaweerasinghe/YELM Technologies/OruthotaChaletsAdmin/node_modules/.queue-microtask-V9u4NCwm',
471 silly reify   '/Users/thilinaweerasinghe/YELM Technologies/OruthotaChaletsAdmin/node_modules/react': '/Users/thilinaweerasinghe/YELM Technologies/OruthotaChaletsAdmin/node_modules/.react-uCRmNvRG',
471 silly reify   '/Users/thilinaweerasinghe/YELM Technologies/OruthotaChaletsAdmin/node_modules/react-dom': '/Users/thilinaweerasinghe/YELM Technologies/OruthotaChaletsAdmin/node_modules/.react-dom-5Wnj4cNp',
471 silly reify   '/Users/thilinaweerasinghe/YELM Technologies/OruthotaChaletsAdmin/node_modules/react-is': '/Users/thilinaweerasinghe/YELM Technologies/OruthotaChaletsAdmin/node_modules/.react-is-WIAxg037',
471 silly reify   '/Users/thilinaweerasinghe/YELM Technologies/OruthotaChaletsAdmin/node_modules/react-remove-scroll-bar': '/Users/thilinaweerasinghe/YELM Technologies/OruthotaChaletsAdmin/node_modules/.react-remove-scroll-bar-2QxZ2BnR',
471 silly reify   '/Users/thilinaweerasinghe/YELM Technologies/OruthotaChaletsAdmin/node_modules/react-smooth': '/Users/thilinaweerasinghe/YELM Technologies/OruthotaChaletsAdmin/node_modules/.react-smooth-McaympXI',
471 silly reify   '/Users/thilinaweerasinghe/YELM Technologies/OruthotaChaletsAdmin/node_modules/react-style-singleton': '/Users/thilinaweerasinghe/YELM Technologies/OruthotaChaletsAdmin/node_modules/.react-style-singleton-T4dVZWsz',
471 silly reify   '/Users/thilinaweerasinghe/YELM Technologies/OruthotaChaletsAdmin/node_modules/react-transition-group': '/Users/thilinaweerasinghe/YELM Technologies/OruthotaChaletsAdmin/node_modules/.react-transition-group-CPR1VhuK',
471 silly reify   '/Users/thilinaweerasinghe/YELM Technologies/OruthotaChaletsAdmin/node_modules/readable-stream': '/Users/thilinaweerasinghe/YELM Technologies/OruthotaChaletsAdmin/node_modules/.readable-stream-SXQPXNv0',
471 silly reify   '/Users/thilinaweerasinghe/YELM Technologies/OruthotaChaletsAdmin/node_modules/readdirp': '/Users/thilinaweerasinghe/YELM Technologies/OruthotaChaletsAdmin/node_modules/.readdirp-mZzMjMhl',
471 silly reify   '/Users/thilinaweerasinghe/YELM Technologies/OruthotaChaletsAdmin/node_modules/recharts-scale': '/Users/thilinaweerasinghe/YELM Technologies/OruthotaChaletsAdmin/node_modules/.recharts-scale-p7K45dqY',
471 silly reify   '/Users/thilinaweerasinghe/YELM Technologies/OruthotaChaletsAdmin/node_modules/require-directory': '/Users/thilinaweerasinghe/YELM Technologies/OruthotaChaletsAdmin/node_modules/.require-directory-RtJli6eJ',
471 silly reify   '/Users/thilinaweerasinghe/YELM Technologies/OruthotaChaletsAdmin/node_modules/require-from-string': '/Users/thilinaweerasinghe/YELM Technologies/OruthotaChaletsAdmin/node_modules/.require-from-string-aHXhd03q',
471 silly reify   '/Users/thilinaweerasinghe/YELM Technologies/OruthotaChaletsAdmin/node_modules/require-in-the-middle': '/Users/thilinaweerasinghe/YELM Technologies/OruthotaChaletsAdmin/node_modules/.require-in-the-middle-Ot3GB94o',
471 silly reify   '/Users/thilinaweerasinghe/YELM Technologies/OruthotaChaletsAdmin/node_modules/retry': '/Users/thilinaweerasinghe/YELM Technologies/OruthotaChaletsAdmin/node_modules/.retry-PYvu4Vof',
471 silly reify   '/Users/thilinaweerasinghe/YELM Technologies/OruthotaChaletsAdmin/node_modules/rimraf': '/Users/thilinaweerasinghe/YELM Technologies/OruthotaChaletsAdmin/node_modules/.rimraf-tFqcmZEd',
471 silly reify   '/Users/thilinaweerasinghe/YELM Technologies/OruthotaChaletsAdmin/node_modules/run-parallel': '/Users/thilinaweerasinghe/YELM Technologies/OruthotaChaletsAdmin/node_modules/.run-parallel-cQ3BDOXB',
471 silly reify   '/Users/thilinaweerasinghe/YELM Technologies/OruthotaChaletsAdmin/node_modules/safe-buffer': '/Users/thilinaweerasinghe/YELM Technologies/OruthotaChaletsAdmin/node_modules/.safe-buffer-KKQv2JsQ',
471 silly reify   '/Users/thilinaweerasinghe/YELM Technologies/OruthotaChaletsAdmin/node_modules/safe-stable-stringify': '/Users/thilinaweerasinghe/YELM Technologies/OruthotaChaletsAdmin/node_modules/.safe-stable-stringify-mlveGiG4',
471 silly reify   '/Users/thilinaweerasinghe/YELM Technologies/OruthotaChaletsAdmin/node_modules/safer-buffer': '/Users/thilinaweerasinghe/YELM Technologies/OruthotaChaletsAdmin/node_modules/.safer-buffer-4briXDoZ',
471 silly reify   '/Users/thilinaweerasinghe/YELM Technologies/OruthotaChaletsAdmin/node_modules/scheduler': '/Users/thilinaweerasinghe/YELM Technologies/OruthotaChaletsAdmin/node_modules/.scheduler-bIco9TJT',
471 silly reify   '/Users/thilinaweerasinghe/YELM Technologies/OruthotaChaletsAdmin/node_modules/set-function-length': '/Users/thilinaweerasinghe/YELM Technologies/OruthotaChaletsAdmin/node_modules/.set-function-length-hEpdTUKo',
471 silly reify   '/Users/thilinaweerasinghe/YELM Technologies/OruthotaChaletsAdmin/node_modules/setprototypeof': '/Users/thilinaweerasinghe/YELM Technologies/OruthotaChaletsAdmin/node_modules/.setprototypeof-V5hqd4Db',
471 silly reify   '/Users/thilinaweerasinghe/YELM Technologies/OruthotaChaletsAdmin/node_modules/shimmer': '/Users/thilinaweerasinghe/YELM Technologies/OruthotaChaletsAdmin/node_modules/.shimmer-yBZBfwjN',
471 silly reify   '/Users/thilinaweerasinghe/YELM Technologies/OruthotaChaletsAdmin/node_modules/side-channel-map': '/Users/thilinaweerasinghe/YELM Technologies/OruthotaChaletsAdmin/node_modules/.side-channel-map-AtPjcvLG',
471 silly reify   '/Users/thilinaweerasinghe/YELM Technologies/OruthotaChaletsAdmin/node_modules/side-channel-weakmap': '/Users/thilinaweerasinghe/YELM Technologies/OruthotaChaletsAdmin/node_modules/.side-channel-weakmap-Ru9mi8Ju',
471 silly reify   '/Users/thilinaweerasinghe/YELM Technologies/OruthotaChaletsAdmin/node_modules/signal-exit': '/Users/thilinaweerasinghe/YELM Technologies/OruthotaChaletsAdmin/node_modules/.signal-exit-lij0qGpn',
471 silly reify   '/Users/thilinaweerasinghe/YELM Technologies/OruthotaChaletsAdmin/node_modules/slash': '/Users/thilinaweerasinghe/YELM Technologies/OruthotaChaletsAdmin/node_modules/.slash-yjmrEljC',
471 silly reify   '/Users/thilinaweerasinghe/YELM Technologies/OruthotaChaletsAdmin/node_modules/source-map': '/Users/thilinaweerasinghe/YELM Technologies/OruthotaChaletsAdmin/node_modules/.source-map-65Y0ueju',
471 silly reify   '/Users/thilinaweerasinghe/YELM Technologies/OruthotaChaletsAdmin/node_modules/source-map-js': '/Users/thilinaweerasinghe/YELM Technologies/OruthotaChaletsAdmin/node_modules/.source-map-js-tjBWAVWZ',
471 silly reify   '/Users/thilinaweerasinghe/YELM Technologies/OruthotaChaletsAdmin/node_modules/ssf': '/Users/thilinaweerasinghe/YELM Technologies/OruthotaChaletsAdmin/node_modules/.ssf-lpkip6LX',
471 silly reify   '/Users/thilinaweerasinghe/YELM Technologies/OruthotaChaletsAdmin/node_modules/stack-trace': '/Users/thilinaweerasinghe/YELM Technologies/OruthotaChaletsAdmin/node_modules/.stack-trace-6RQ1elAt',
471 silly reify   '/Users/thilinaweerasinghe/YELM Technologies/OruthotaChaletsAdmin/node_modules/stream-shift': '/Users/thilinaweerasinghe/YELM Technologies/OruthotaChaletsAdmin/node_modules/.stream-shift-7v7WD9nn',
471 silly reify   '/Users/thilinaweerasinghe/YELM Technologies/OruthotaChaletsAdmin/node_modules/stream-events': '/Users/thilinaweerasinghe/YELM Technologies/OruthotaChaletsAdmin/node_modules/.stream-events-NYM4rQtL',
471 silly reify   '/Users/thilinaweerasinghe/YELM Technologies/OruthotaChaletsAdmin/node_modules/streamsearch': '/Users/thilinaweerasinghe/YELM Technologies/OruthotaChaletsAdmin/node_modules/.streamsearch-F4BJF0Fe',
471 silly reify   '/Users/thilinaweerasinghe/YELM Technologies/OruthotaChaletsAdmin/node_modules/string_decoder': '/Users/thilinaweerasinghe/YELM Technologies/OruthotaChaletsAdmin/node_modules/.string_decoder-RstHIpnK',
471 silly reify   '/Users/thilinaweerasinghe/YELM Technologies/OruthotaChaletsAdmin/node_modules/stubs': '/Users/thilinaweerasinghe/YELM Technologies/OruthotaChaletsAdmin/node_modules/.stubs-OeAqOlGo',
471 silly reify   '/Users/thilinaweerasinghe/YELM Technologies/OruthotaChaletsAdmin/node_modules/styled-jsx': '/Users/thilinaweerasinghe/YELM Technologies/OruthotaChaletsAdmin/node_modules/.styled-jsx-0XR15B12',
471 silly reify   '/Users/thilinaweerasinghe/YELM Technologies/OruthotaChaletsAdmin/node_modules/supports-color': '/Users/thilinaweerasinghe/YELM Technologies/OruthotaChaletsAdmin/node_modules/.supports-color-7WzQsCRi',
471 silly reify   '/Users/thilinaweerasinghe/YELM Technologies/OruthotaChaletsAdmin/node_modules/supports-preserve-symlinks-flag': '/Users/thilinaweerasinghe/YELM Technologies/OruthotaChaletsAdmin/node_modules/.supports-preserve-symlinks-flag-MfmZlEYr',
471 silly reify   '/Users/thilinaweerasinghe/YELM Technologies/OruthotaChaletsAdmin/node_modules/tailwindcss-animate': '/Users/thilinaweerasinghe/YELM Technologies/OruthotaChaletsAdmin/node_modules/.tailwindcss-animate-QoIQViQC',
471 silly reify   '/Users/thilinaweerasinghe/YELM Technologies/OruthotaChaletsAdmin/node_modules/text-hex': '/Users/thilinaweerasinghe/YELM Technologies/OruthotaChaletsAdmin/node_modules/.text-hex-aErFb7wt',
471 silly reify   '/Users/thilinaweerasinghe/YELM Technologies/OruthotaChaletsAdmin/node_modules/thenify': '/Users/thilinaweerasinghe/YELM Technologies/OruthotaChaletsAdmin/node_modules/.thenify-xCg0GeW0',
471 silly reify   '/Users/thilinaweerasinghe/YELM Technologies/OruthotaChaletsAdmin/node_modules/thenify-all': '/Users/thilinaweerasinghe/YELM Technologies/OruthotaChaletsAdmin/node_modules/.thenify-all-bNUv9O5L',
471 silly reify   '/Users/thilinaweerasinghe/YELM Technologies/OruthotaChaletsAdmin/node_modules/tiny-invariant': '/Users/thilinaweerasinghe/YELM Technologies/OruthotaChaletsAdmin/node_modules/.tiny-invariant-LutybIs1',
471 silly reify   '/Users/thilinaweerasinghe/YELM Technologies/OruthotaChaletsAdmin/node_modules/to-regex-range': '/Users/thilinaweerasinghe/YELM Technologies/OruthotaChaletsAdmin/node_modules/.to-regex-range-fODMRVY6',
471 silly reify   '/Users/thilinaweerasinghe/YELM Technologies/OruthotaChaletsAdmin/node_modules/toidentifier': '/Users/thilinaweerasinghe/YELM Technologies/OruthotaChaletsAdmin/node_modules/.toidentifier-rZKfFYtT',
471 silly reify   '/Users/thilinaweerasinghe/YELM Technologies/OruthotaChaletsAdmin/node_modules/tr46': '/Users/thilinaweerasinghe/YELM Technologies/OruthotaChaletsAdmin/node_modules/.tr46-LAgjUjE8',
471 silly reify   '/Users/thilinaweerasinghe/YELM Technologies/OruthotaChaletsAdmin/node_modules/triple-beam': '/Users/thilinaweerasinghe/YELM Technologies/OruthotaChaletsAdmin/node_modules/.triple-beam-0LV7BftE',
471 silly reify   '/Users/thilinaweerasinghe/YELM Technologies/OruthotaChaletsAdmin/node_modules/ts-interface-checker': '/Users/thilinaweerasinghe/YELM Technologies/OruthotaChaletsAdmin/node_modules/.ts-interface-checker-UXAvr325',
471 silly reify   '/Users/thilinaweerasinghe/YELM Technologies/OruthotaChaletsAdmin/node_modules/ts-node': '/Users/thilinaweerasinghe/YELM Technologies/OruthotaChaletsAdmin/node_modules/.ts-node-AEd2WNiI',
471 silly reify   '/Users/thilinaweerasinghe/YELM Technologies/OruthotaChaletsAdmin/node_modules/tslib': '/Users/thilinaweerasinghe/YELM Technologies/OruthotaChaletsAdmin/node_modules/.tslib-4AsxKBLp',
471 silly reify   '/Users/thilinaweerasinghe/YELM Technologies/OruthotaChaletsAdmin/node_modules/type-is': '/Users/thilinaweerasinghe/YELM Technologies/OruthotaChaletsAdmin/node_modules/.type-is-ZGlH7bAy',
471 silly reify   '/Users/thilinaweerasinghe/YELM Technologies/OruthotaChaletsAdmin/node_modules/uglify-js': '/Users/thilinaweerasinghe/YELM Technologies/OruthotaChaletsAdmin/node_modules/.uglify-js-3cmFRDWM',
471 silly reify   '/Users/thilinaweerasinghe/YELM Technologies/OruthotaChaletsAdmin/node_modules/universalify': '/Users/thilinaweerasinghe/YELM Technologies/OruthotaChaletsAdmin/node_modules/.universalify-1ogpdAiV',
471 silly reify   '/Users/thilinaweerasinghe/YELM Technologies/OruthotaChaletsAdmin/node_modules/unpipe': '/Users/thilinaweerasinghe/YELM Technologies/OruthotaChaletsAdmin/node_modules/.unpipe-uRoVfWQd',
471 silly reify   '/Users/thilinaweerasinghe/YELM Technologies/OruthotaChaletsAdmin/node_modules/uri-templates': '/Users/thilinaweerasinghe/YELM Technologies/OruthotaChaletsAdmin/node_modules/.uri-templates-tN701fV3',
471 silly reify   '/Users/thilinaweerasinghe/YELM Technologies/OruthotaChaletsAdmin/node_modules/url-template': '/Users/thilinaweerasinghe/YELM Technologies/OruthotaChaletsAdmin/node_modules/.url-template-I09OqmWh',
471 silly reify   '/Users/thilinaweerasinghe/YELM Technologies/OruthotaChaletsAdmin/node_modules/use-sidecar': '/Users/thilinaweerasinghe/YELM Technologies/OruthotaChaletsAdmin/node_modules/.use-sidecar-3059UU87',
471 silly reify   '/Users/thilinaweerasinghe/YELM Technologies/OruthotaChaletsAdmin/node_modules/use-callback-ref': '/Users/thilinaweerasinghe/YELM Technologies/OruthotaChaletsAdmin/node_modules/.use-callback-ref-fIvwnkKf',
471 silly reify   '/Users/thilinaweerasinghe/YELM Technologies/OruthotaChaletsAdmin/node_modules/util-deprecate': '/Users/thilinaweerasinghe/YELM Technologies/OruthotaChaletsAdmin/node_modules/.util-deprecate-hBYJgSJl',
471 silly reify   '/Users/thilinaweerasinghe/YELM Technologies/OruthotaChaletsAdmin/node_modules/utils-merge': '/Users/thilinaweerasinghe/YELM Technologies/OruthotaChaletsAdmin/node_modules/.utils-merge-z2PvcGzm',
471 silly reify   '/Users/thilinaweerasinghe/YELM Technologies/OruthotaChaletsAdmin/node_modules/v8-compile-cache-lib': '/Users/thilinaweerasinghe/YELM Technologies/OruthotaChaletsAdmin/node_modules/.v8-compile-cache-lib-02msBnJf',
471 silly reify   '/Users/thilinaweerasinghe/YELM Technologies/OruthotaChaletsAdmin/node_modules/vary': '/Users/thilinaweerasinghe/YELM Technologies/OruthotaChaletsAdmin/node_modules/.vary-1Dq1YE3X',
471 silly reify   '/Users/thilinaweerasinghe/YELM Technologies/OruthotaChaletsAdmin/node_modules/victory-vendor': '/Users/thilinaweerasinghe/YELM Technologies/OruthotaChaletsAdmin/node_modules/.victory-vendor-UKUTKCcW',
471 silly reify   '/Users/thilinaweerasinghe/YELM Technologies/OruthotaChaletsAdmin/node_modules/web-streams-polyfill': '/Users/thilinaweerasinghe/YELM Technologies/OruthotaChaletsAdmin/node_modules/.web-streams-polyfill-GIjq6EFv',
471 silly reify   '/Users/thilinaweerasinghe/YELM Technologies/OruthotaChaletsAdmin/node_modules/webidl-conversions': '/Users/thilinaweerasinghe/YELM Technologies/OruthotaChaletsAdmin/node_modules/.webidl-conversions-qQEu73Nn',
471 silly reify   '/Users/thilinaweerasinghe/YELM Technologies/OruthotaChaletsAdmin/node_modules/websocket-extensions': '/Users/thilinaweerasinghe/YELM Technologies/OruthotaChaletsAdmin/node_modules/.websocket-extensions-Po4UazKU',
471 silly reify   '/Users/thilinaweerasinghe/YELM Technologies/OruthotaChaletsAdmin/node_modules/whatwg-url': '/Users/thilinaweerasinghe/YELM Technologies/OruthotaChaletsAdmin/node_modules/.whatwg-url-Ff9iSlLJ',
471 silly reify   '/Users/thilinaweerasinghe/YELM Technologies/OruthotaChaletsAdmin/node_modules/winston-transport': '/Users/thilinaweerasinghe/YELM Technologies/OruthotaChaletsAdmin/node_modules/.winston-transport-L7BY8xL2',
471 silly reify   '/Users/thilinaweerasinghe/YELM Technologies/OruthotaChaletsAdmin/node_modules/wmf': '/Users/thilinaweerasinghe/YELM Technologies/OruthotaChaletsAdmin/node_modules/.wmf-tud4shkQ',
471 silly reify   '/Users/thilinaweerasinghe/YELM Technologies/OruthotaChaletsAdmin/node_modules/word': '/Users/thilinaweerasinghe/YELM Technologies/OruthotaChaletsAdmin/node_modules/.word-kj0nzX2F',
471 silly reify   '/Users/thilinaweerasinghe/YELM Technologies/OruthotaChaletsAdmin/node_modules/wordwrap': '/Users/thilinaweerasinghe/YELM Technologies/OruthotaChaletsAdmin/node_modules/.wordwrap-dwHsBjw9',
471 silly reify   '/Users/thilinaweerasinghe/YELM Technologies/OruthotaChaletsAdmin/node_modules/wrap-ansi-cjs': '/Users/thilinaweerasinghe/YELM Technologies/OruthotaChaletsAdmin/node_modules/.wrap-ansi-cjs-IrNpN3wT',
471 silly reify   '/Users/thilinaweerasinghe/YELM Technologies/OruthotaChaletsAdmin/node_modules/wrappy': '/Users/thilinaweerasinghe/YELM Technologies/OruthotaChaletsAdmin/node_modules/.wrappy-yHu4Zhty',
471 silly reify   '/Users/thilinaweerasinghe/YELM Technologies/OruthotaChaletsAdmin/node_modules/xlsx': '/Users/thilinaweerasinghe/YELM Technologies/OruthotaChaletsAdmin/node_modules/.xlsx-BooNZFuO',
471 silly reify   '/Users/thilinaweerasinghe/YELM Technologies/OruthotaChaletsAdmin/node_modules/y18n': '/Users/thilinaweerasinghe/YELM Technologies/OruthotaChaletsAdmin/node_modules/.y18n-cdm73fIe',
471 silly reify   '/Users/thilinaweerasinghe/YELM Technologies/OruthotaChaletsAdmin/node_modules/xtend': '/Users/thilinaweerasinghe/YELM Technologies/OruthotaChaletsAdmin/node_modules/.xtend-k9a5URvF',
471 silly reify   '/Users/thilinaweerasinghe/YELM Technologies/OruthotaChaletsAdmin/node_modules/yargs-parser': '/Users/thilinaweerasinghe/YELM Technologies/OruthotaChaletsAdmin/node_modules/.yargs-parser-pxZjRhQV',
471 silly reify   '/Users/thilinaweerasinghe/YELM Technologies/OruthotaChaletsAdmin/node_modules/yn': '/Users/thilinaweerasinghe/YELM Technologies/OruthotaChaletsAdmin/node_modules/.yn-zGAxlh3r',
471 silly reify   '/Users/thilinaweerasinghe/YELM Technologies/OruthotaChaletsAdmin/node_modules/@cspotcode/source-map-support': '/Users/thilinaweerasinghe/YELM Technologies/OruthotaChaletsAdmin/node_modules/@cspotcode/.source-map-support-iTrTovSR',
471 silly reify   '/Users/thilinaweerasinghe/YELM Technologies/OruthotaChaletsAdmin/node_modules/@dnd-kit/accessibility': '/Users/thilinaweerasinghe/YELM Technologies/OruthotaChaletsAdmin/node_modules/@dnd-kit/.accessibility-K2YyUtyv',
471 silly reify   '/Users/thilinaweerasinghe/YELM Technologies/OruthotaChaletsAdmin/node_modules/@dnd-kit/core': '/Users/thilinaweerasinghe/YELM Technologies/OruthotaChaletsAdmin/node_modules/@dnd-kit/.core-hGSN4QPE',
471 silly reify   '/Users/thilinaweerasinghe/YELM Technologies/OruthotaChaletsAdmin/node_modules/@dnd-kit/modifiers': '/Users/thilinaweerasinghe/YELM Technologies/OruthotaChaletsAdmin/node_modules/@dnd-kit/.modifiers-hQEL8O2v',
471 silly reify   '/Users/thilinaweerasinghe/YELM Technologies/OruthotaChaletsAdmin/node_modules/@dnd-kit/utilities': '/Users/thilinaweerasinghe/YELM Technologies/OruthotaChaletsAdmin/node_modules/@dnd-kit/.utilities-dH68EmU9',
471 silly reify   '/Users/thilinaweerasinghe/YELM Technologies/OruthotaChaletsAdmin/node_modules/@dnd-kit/sortable': '/Users/thilinaweerasinghe/YELM Technologies/OruthotaChaletsAdmin/node_modules/@dnd-kit/.sortable-OloCYJJO',
471 silly reify   '/Users/thilinaweerasinghe/YELM Technologies/OruthotaChaletsAdmin/node_modules/@google-cloud/firestore': '/Users/thilinaweerasinghe/YELM Technologies/OruthotaChaletsAdmin/node_modules/@google-cloud/.firestore-CYO0DBGf',
471 silly reify   '/Users/thilinaweerasinghe/YELM Technologies/OruthotaChaletsAdmin/node_modules/@google-cloud/opentelemetry-cloud-monitoring-exporter': '/Users/thilinaweerasinghe/YELM Technologies/OruthotaChaletsAdmin/node_modules/@google-cloud/.opentelemetry-cloud-monitoring-exporter-qaUSTvPO',
471 silly reify   '/Users/thilinaweerasinghe/YELM Technologies/OruthotaChaletsAdmin/node_modules/@google-cloud/opentelemetry-cloud-trace-exporter': '/Users/thilinaweerasinghe/YELM Technologies/OruthotaChaletsAdmin/node_modules/@google-cloud/.opentelemetry-cloud-trace-exporter-7ZEKag6v',
471 silly reify   '/Users/thilinaweerasinghe/YELM Technologies/OruthotaChaletsAdmin/node_modules/@google-cloud/opentelemetry-resource-util': '/Users/thilinaweerasinghe/YELM Technologies/OruthotaChaletsAdmin/node_modules/@google-cloud/.opentelemetry-resource-util-iXP3IxDU',
471 silly reify   '/Users/thilinaweerasinghe/YELM Technologies/OruthotaChaletsAdmin/node_modules/@google-cloud/paginator': '/Users/thilinaweerasinghe/YELM Technologies/OruthotaChaletsAdmin/node_modules/@google-cloud/.paginator-ORKGQHWQ',
471 silly reify   '/Users/thilinaweerasinghe/YELM Technologies/OruthotaChaletsAdmin/node_modules/@google-cloud/precise-date': '/Users/thilinaweerasinghe/YELM Technologies/OruthotaChaletsAdmin/node_modules/@google-cloud/.precise-date-z3PEPcAK',
471 silly reify   '/Users/thilinaweerasinghe/YELM Technologies/OruthotaChaletsAdmin/node_modules/@google-cloud/projectify': '/Users/thilinaweerasinghe/YELM Technologies/OruthotaChaletsAdmin/node_modules/@google-cloud/.projectify-46FjWnCc',
471 silly reify   '/Users/thilinaweerasinghe/YELM Technologies/OruthotaChaletsAdmin/node_modules/@google-cloud/promisify': '/Users/thilinaweerasinghe/YELM Technologies/OruthotaChaletsAdmin/node_modules/@google-cloud/.promisify-ljkDJzxp',
471 silly reify   '/Users/thilinaweerasinghe/YELM Technologies/OruthotaChaletsAdmin/node_modules/@hookform/resolvers': '/Users/thilinaweerasinghe/YELM Technologies/OruthotaChaletsAdmin/node_modules/@hookform/.resolvers-dZ0qmTl8',
471 silly reify   '/Users/thilinaweerasinghe/YELM Technologies/OruthotaChaletsAdmin/node_modules/@isaacs/cliui': '/Users/thilinaweerasinghe/YELM Technologies/OruthotaChaletsAdmin/node_modules/@isaacs/.cliui-e5uF7uuY',
471 silly reify   '/Users/thilinaweerasinghe/YELM Technologies/OruthotaChaletsAdmin/node_modules/@jridgewell/resolve-uri': '/Users/thilinaweerasinghe/YELM Technologies/OruthotaChaletsAdmin/node_modules/@jridgewell/.resolve-uri-nmtXWh50',
471 silly reify   '/Users/thilinaweerasinghe/YELM Technologies/OruthotaChaletsAdmin/node_modules/@js-sdsl/ordered-map': '/Users/thilinaweerasinghe/YELM Technologies/OruthotaChaletsAdmin/node_modules/@js-sdsl/.ordered-map-v2emdE70',
471 silly reify   '/Users/thilinaweerasinghe/YELM Technologies/OruthotaChaletsAdmin/node_modules/@next/env': '/Users/thilinaweerasinghe/YELM Technologies/OruthotaChaletsAdmin/node_modules/@next/.env-GMG9WoLY',
471 silly reify   '/Users/thilinaweerasinghe/YELM Technologies/OruthotaChaletsAdmin/node_modules/@nodelib/fs.scandir': '/Users/thilinaweerasinghe/YELM Technologies/OruthotaChaletsAdmin/node_modules/@nodelib/.fs.scandir-Mu6yEMFJ',
471 silly reify   '/Users/thilinaweerasinghe/YELM Technologies/OruthotaChaletsAdmin/node_modules/@nodelib/fs.stat': '/Users/thilinaweerasinghe/YELM Technologies/OruthotaChaletsAdmin/node_modules/@nodelib/.fs.stat-GKW56mMr',
471 silly reify   '/Users/thilinaweerasinghe/YELM Technologies/OruthotaChaletsAdmin/node_modules/@nodelib/fs.walk': '/Users/thilinaweerasinghe/YELM Technologies/OruthotaChaletsAdmin/node_modules/@nodelib/.fs.walk-14uJpwGa',
471 silly reify   '/Users/thilinaweerasinghe/YELM Technologies/OruthotaChaletsAdmin/node_modules/@opentelemetry/auto-instrumentations-node': '/Users/thilinaweerasinghe/YELM Technologies/OruthotaChaletsAdmin/node_modules/@opentelemetry/.auto-instrumentations-node-ZvrFjTIQ',
471 silly reify   '/Users/thilinaweerasinghe/YELM Technologies/OruthotaChaletsAdmin/node_modules/@opentelemetry/api-logs': '/Users/thilinaweerasinghe/YELM Technologies/OruthotaChaletsAdmin/node_modules/@opentelemetry/.api-logs-bJO2uOLZ',
471 silly reify   '/Users/thilinaweerasinghe/YELM Technologies/OruthotaChaletsAdmin/node_modules/@opentelemetry/core': '/Users/thilinaweerasinghe/YELM Technologies/OruthotaChaletsAdmin/node_modules/@opentelemetry/.core-h8n7JVzZ',
471 silly reify   '/Users/thilinaweerasinghe/YELM Technologies/OruthotaChaletsAdmin/node_modules/@opentelemetry/context-async-hooks': '/Users/thilinaweerasinghe/YELM Technologies/OruthotaChaletsAdmin/node_modules/@opentelemetry/.context-async-hooks-9NKV42aP',
471 silly reify   '/Users/thilinaweerasinghe/YELM Technologies/OruthotaChaletsAdmin/node_modules/@opentelemetry/exporter-trace-otlp-grpc': '/Users/thilinaweerasinghe/YELM Technologies/OruthotaChaletsAdmin/node_modules/@opentelemetry/.exporter-trace-otlp-grpc-SSaCaCJs',
471 silly reify   '/Users/thilinaweerasinghe/YELM Technologies/OruthotaChaletsAdmin/node_modules/@opentelemetry/exporter-trace-otlp-http': '/Users/thilinaweerasinghe/YELM Technologies/OruthotaChaletsAdmin/node_modules/@opentelemetry/.exporter-trace-otlp-http-tYmMEUAm',
471 silly reify   '/Users/thilinaweerasinghe/YELM Technologies/OruthotaChaletsAdmin/node_modules/@opentelemetry/exporter-trace-otlp-proto': '/Users/thilinaweerasinghe/YELM Technologies/OruthotaChaletsAdmin/node_modules/@opentelemetry/.exporter-trace-otlp-proto-N3iJzfFk',
471 silly reify   '/Users/thilinaweerasinghe/YELM Technologies/OruthotaChaletsAdmin/node_modules/@opentelemetry/exporter-zipkin': '/Users/thilinaweerasinghe/YELM Technologies/OruthotaChaletsAdmin/node_modules/@opentelemetry/.exporter-zipkin-HJqbiMoR',
471 silly reify   '/Users/thilinaweerasinghe/YELM Technologies/OruthotaChaletsAdmin/node_modules/@opentelemetry/instrumentation': '/Users/thilinaweerasinghe/YELM Technologies/OruthotaChaletsAdmin/node_modules/@opentelemetry/.instrumentation-sSv5uhuk',
471 silly reify   '/Users/thilinaweerasinghe/YELM Technologies/OruthotaChaletsAdmin/node_modules/@opentelemetry/instrumentation-amqplib': '/Users/thilinaweerasinghe/YELM Technologies/OruthotaChaletsAdmin/node_modules/@opentelemetry/.instrumentation-amqplib-83xo546e',
471 silly reify   '/Users/thilinaweerasinghe/YELM Technologies/OruthotaChaletsAdmin/node_modules/@opentelemetry/instrumentation-aws-lambda': '/Users/thilinaweerasinghe/YELM Technologies/OruthotaChaletsAdmin/node_modules/@opentelemetry/.instrumentation-aws-lambda-4pDyhHCD',
471 silly reify   '/Users/thilinaweerasinghe/YELM Technologies/OruthotaChaletsAdmin/node_modules/@opentelemetry/instrumentation-aws-sdk': '/Users/thilinaweerasinghe/YELM Technologies/OruthotaChaletsAdmin/node_modules/@opentelemetry/.instrumentation-aws-sdk-zG2qkI9S',
471 silly reify   '/Users/thilinaweerasinghe/YELM Technologies/OruthotaChaletsAdmin/node_modules/@opentelemetry/instrumentation-bunyan': '/Users/thilinaweerasinghe/YELM Technologies/OruthotaChaletsAdmin/node_modules/@opentelemetry/.instrumentation-bunyan-yiLmAXDC',
471 silly reify   '/Users/thilinaweerasinghe/YELM Technologies/OruthotaChaletsAdmin/node_modules/@opentelemetry/instrumentation-cassandra-driver': '/Users/thilinaweerasinghe/YELM Technologies/OruthotaChaletsAdmin/node_modules/@opentelemetry/.instrumentation-cassandra-driver-YUal5inU',
471 silly reify   '/Users/thilinaweerasinghe/YELM Technologies/OruthotaChaletsAdmin/node_modules/@opentelemetry/instrumentation-connect': '/Users/thilinaweerasinghe/YELM Technologies/OruthotaChaletsAdmin/node_modules/@opentelemetry/.instrumentation-connect-2oomtwf3',
471 silly reify   '/Users/thilinaweerasinghe/YELM Technologies/OruthotaChaletsAdmin/node_modules/@opentelemetry/instrumentation-cucumber': '/Users/thilinaweerasinghe/YELM Technologies/OruthotaChaletsAdmin/node_modules/@opentelemetry/.instrumentation-cucumber-NgxeBO7m',
471 silly reify   '/Users/thilinaweerasinghe/YELM Technologies/OruthotaChaletsAdmin/node_modules/@opentelemetry/instrumentation-dataloader': '/Users/thilinaweerasinghe/YELM Technologies/OruthotaChaletsAdmin/node_modules/@opentelemetry/.instrumentation-dataloader-bOejkFqm',
471 silly reify   '/Users/thilinaweerasinghe/YELM Technologies/OruthotaChaletsAdmin/node_modules/@opentelemetry/instrumentation-dns': '/Users/thilinaweerasinghe/YELM Technologies/OruthotaChaletsAdmin/node_modules/@opentelemetry/.instrumentation-dns-1JqomR6I',
471 silly reify   '/Users/thilinaweerasinghe/YELM Technologies/OruthotaChaletsAdmin/node_modules/@opentelemetry/instrumentation-express': '/Users/thilinaweerasinghe/YELM Technologies/OruthotaChaletsAdmin/node_modules/@opentelemetry/.instrumentation-express-zTKA5GVW',
471 silly reify   '/Users/thilinaweerasinghe/YELM Technologies/OruthotaChaletsAdmin/node_modules/@opentelemetry/instrumentation-fastify': '/Users/thilinaweerasinghe/YELM Technologies/OruthotaChaletsAdmin/node_modules/@opentelemetry/.instrumentation-fastify-9p6YYkz1',
471 silly reify   '/Users/thilinaweerasinghe/YELM Technologies/OruthotaChaletsAdmin/node_modules/@opentelemetry/instrumentation-fs': '/Users/thilinaweerasinghe/YELM Technologies/OruthotaChaletsAdmin/node_modules/@opentelemetry/.instrumentation-fs-EzRQ5yiY',
471 silly reify   '/Users/thilinaweerasinghe/YELM Technologies/OruthotaChaletsAdmin/node_modules/@opentelemetry/instrumentation-generic-pool': '/Users/thilinaweerasinghe/YELM Technologies/OruthotaChaletsAdmin/node_modules/@opentelemetry/.instrumentation-generic-pool-dg4SoGU2',
471 silly reify   '/Users/thilinaweerasinghe/YELM Technologies/OruthotaChaletsAdmin/node_modules/@opentelemetry/instrumentation-graphql': '/Users/thilinaweerasinghe/YELM Technologies/OruthotaChaletsAdmin/node_modules/@opentelemetry/.instrumentation-graphql-ws2QJ18L',
471 silly reify   '/Users/thilinaweerasinghe/YELM Technologies/OruthotaChaletsAdmin/node_modules/@opentelemetry/instrumentation-grpc': '/Users/thilinaweerasinghe/YELM Technologies/OruthotaChaletsAdmin/node_modules/@opentelemetry/.instrumentation-grpc-gaXW78O0',
471 silly reify   '/Users/thilinaweerasinghe/YELM Technologies/OruthotaChaletsAdmin/node_modules/@opentelemetry/instrumentation-hapi': '/Users/thilinaweerasinghe/YELM Technologies/OruthotaChaletsAdmin/node_modules/@opentelemetry/.instrumentation-hapi-gJ9RrniN',
471 silly reify   '/Users/thilinaweerasinghe/YELM Technologies/OruthotaChaletsAdmin/node_modules/@opentelemetry/instrumentation-http': '/Users/thilinaweerasinghe/YELM Technologies/OruthotaChaletsAdmin/node_modules/@opentelemetry/.instrumentation-http-7GZ6xMp6',
471 silly reify   '/Users/thilinaweerasinghe/YELM Technologies/OruthotaChaletsAdmin/node_modules/@opentelemetry/instrumentation-ioredis': '/Users/thilinaweerasinghe/YELM Technologies/OruthotaChaletsAdmin/node_modules/@opentelemetry/.instrumentation-ioredis-pot9mYyB',
471 silly reify   '/Users/thilinaweerasinghe/YELM Technologies/OruthotaChaletsAdmin/node_modules/@opentelemetry/instrumentation-kafkajs': '/Users/thilinaweerasinghe/YELM Technologies/OruthotaChaletsAdmin/node_modules/@opentelemetry/.instrumentation-kafkajs-oN2NGIAF',
471 silly reify   '/Users/thilinaweerasinghe/YELM Technologies/OruthotaChaletsAdmin/node_modules/@opentelemetry/instrumentation-knex': '/Users/thilinaweerasinghe/YELM Technologies/OruthotaChaletsAdmin/node_modules/@opentelemetry/.instrumentation-knex-jAsxLHEy',
471 silly reify   '/Users/thilinaweerasinghe/YELM Technologies/OruthotaChaletsAdmin/node_modules/@opentelemetry/instrumentation-koa': '/Users/thilinaweerasinghe/YELM Technologies/OruthotaChaletsAdmin/node_modules/@opentelemetry/.instrumentation-koa-RUL3zZht',
471 silly reify   '/Users/thilinaweerasinghe/YELM Technologies/OruthotaChaletsAdmin/node_modules/@opentelemetry/instrumentation-lru-memoizer': '/Users/thilinaweerasinghe/YELM Technologies/OruthotaChaletsAdmin/node_modules/@opentelemetry/.instrumentation-lru-memoizer-Zr6GpKLx',
471 silly reify   '/Users/thilinaweerasinghe/YELM Technologies/OruthotaChaletsAdmin/node_modules/@opentelemetry/instrumentation-memcached': '/Users/thilinaweerasinghe/YELM Technologies/OruthotaChaletsAdmin/node_modules/@opentelemetry/.instrumentation-memcached-afrGs0zl',
471 silly reify   '/Users/thilinaweerasinghe/YELM Technologies/OruthotaChaletsAdmin/node_modules/@opentelemetry/instrumentation-mongodb': '/Users/thilinaweerasinghe/YELM Technologies/OruthotaChaletsAdmin/node_modules/@opentelemetry/.instrumentation-mongodb-Tx7r96Hq',
471 silly reify   '/Users/thilinaweerasinghe/YELM Technologies/OruthotaChaletsAdmin/node_modules/@opentelemetry/instrumentation-mongoose': '/Users/thilinaweerasinghe/YELM Technologies/OruthotaChaletsAdmin/node_modules/@opentelemetry/.instrumentation-mongoose-qBFCwZbW',
471 silly reify   '/Users/thilinaweerasinghe/YELM Technologies/OruthotaChaletsAdmin/node_modules/@opentelemetry/instrumentation-mysql': '/Users/thilinaweerasinghe/YELM Technologies/OruthotaChaletsAdmin/node_modules/@opentelemetry/.instrumentation-mysql-NakwI57s',
471 silly reify   '/Users/thilinaweerasinghe/YELM Technologies/OruthotaChaletsAdmin/node_modules/@opentelemetry/instrumentation-mysql2': '/Users/thilinaweerasinghe/YELM Technologies/OruthotaChaletsAdmin/node_modules/@opentelemetry/.instrumentation-mysql2-dIRShuix',
471 silly reify   '/Users/thilinaweerasinghe/YELM Technologies/OruthotaChaletsAdmin/node_modules/@opentelemetry/instrumentation-nestjs-core': '/Users/thilinaweerasinghe/YELM Technologies/OruthotaChaletsAdmin/node_modules/@opentelemetry/.instrumentation-nestjs-core-p0FJbDQf',
471 silly reify   '/Users/thilinaweerasinghe/YELM Technologies/OruthotaChaletsAdmin/node_modules/@opentelemetry/instrumentation-net': '/Users/thilinaweerasinghe/YELM Technologies/OruthotaChaletsAdmin/node_modules/@opentelemetry/.instrumentation-net-PIs53yUA',
471 silly reify   '/Users/thilinaweerasinghe/YELM Technologies/OruthotaChaletsAdmin/node_modules/@opentelemetry/instrumentation-pg': '/Users/thilinaweerasinghe/YELM Technologies/OruthotaChaletsAdmin/node_modules/@opentelemetry/.instrumentation-pg-2NxKZAeN',
471 silly reify   '/Users/thilinaweerasinghe/YELM Technologies/OruthotaChaletsAdmin/node_modules/@opentelemetry/instrumentation-pino': '/Users/thilinaweerasinghe/YELM Technologies/OruthotaChaletsAdmin/node_modules/@opentelemetry/.instrumentation-pino-YWCIuthF',
471 silly reify   '/Users/thilinaweerasinghe/YELM Technologies/OruthotaChaletsAdmin/node_modules/@opentelemetry/instrumentation-redis': '/Users/thilinaweerasinghe/YELM Technologies/OruthotaChaletsAdmin/node_modules/@opentelemetry/.instrumentation-redis-lfnqxl0m',
471 silly reify   '/Users/thilinaweerasinghe/YELM Technologies/OruthotaChaletsAdmin/node_modules/@opentelemetry/instrumentation-redis-4': '/Users/thilinaweerasinghe/YELM Technologies/OruthotaChaletsAdmin/node_modules/@opentelemetry/.instrumentation-redis-4-klcunbjk',
471 silly reify   '/Users/thilinaweerasinghe/YELM Technologies/OruthotaChaletsAdmin/node_modules/@opentelemetry/instrumentation-restify': '/Users/thilinaweerasinghe/YELM Technologies/OruthotaChaletsAdmin/node_modules/@opentelemetry/.instrumentation-restify-t7IMOB8H',
471 silly reify   '/Users/thilinaweerasinghe/YELM Technologies/OruthotaChaletsAdmin/node_modules/@opentelemetry/instrumentation-router': '/Users/thilinaweerasinghe/YELM Technologies/OruthotaChaletsAdmin/node_modules/@opentelemetry/.instrumentation-router-IJS84wut',
471 silly reify   '/Users/thilinaweerasinghe/YELM Technologies/OruthotaChaletsAdmin/node_modules/@opentelemetry/instrumentation-socket.io': '/Users/thilinaweerasinghe/YELM Technologies/OruthotaChaletsAdmin/node_modules/@opentelemetry/.instrumentation-socket.io-lHwamhFx',
471 silly reify   '/Users/thilinaweerasinghe/YELM Technologies/OruthotaChaletsAdmin/node_modules/@opentelemetry/instrumentation-tedious': '/Users/thilinaweerasinghe/YELM Technologies/OruthotaChaletsAdmin/node_modules/@opentelemetry/.instrumentation-tedious-dCGFxWn0',
471 silly reify   '/Users/thilinaweerasinghe/YELM Technologies/OruthotaChaletsAdmin/node_modules/@opentelemetry/instrumentation-undici': '/Users/thilinaweerasinghe/YELM Technologies/OruthotaChaletsAdmin/node_modules/@opentelemetry/.instrumentation-undici-0NezJX9X',
471 silly reify   '/Users/thilinaweerasinghe/YELM Technologies/OruthotaChaletsAdmin/node_modules/@opentelemetry/instrumentation-winston': '/Users/thilinaweerasinghe/YELM Technologies/OruthotaChaletsAdmin/node_modules/@opentelemetry/.instrumentation-winston-NGifZfNV',
471 silly reify   '/Users/thilinaweerasinghe/YELM Technologies/OruthotaChaletsAdmin/node_modules/@opentelemetry/otlp-exporter-base': '/Users/thilinaweerasinghe/YELM Technologies/OruthotaChaletsAdmin/node_modules/@opentelemetry/.otlp-exporter-base-SsiitG0m',
471 silly reify   '/Users/thilinaweerasinghe/YELM Technologies/OruthotaChaletsAdmin/node_modules/@opentelemetry/otlp-grpc-exporter-base': '/Users/thilinaweerasinghe/YELM Technologies/OruthotaChaletsAdmin/node_modules/@opentelemetry/.otlp-grpc-exporter-base-eiRp4XMe',
471 silly reify   '/Users/thilinaweerasinghe/YELM Technologies/OruthotaChaletsAdmin/node_modules/@opentelemetry/otlp-transformer': '/Users/thilinaweerasinghe/YELM Technologies/OruthotaChaletsAdmin/node_modules/@opentelemetry/.otlp-transformer-e6l31uRO',
471 silly reify   '/Users/thilinaweerasinghe/YELM Technologies/OruthotaChaletsAdmin/node_modules/@opentelemetry/propagation-utils': '/Users/thilinaweerasinghe/YELM Technologies/OruthotaChaletsAdmin/node_modules/@opentelemetry/.propagation-utils-vBGv3ufQ',
471 silly reify   '/Users/thilinaweerasinghe/YELM Technologies/OruthotaChaletsAdmin/node_modules/@opentelemetry/propagator-aws-xray': '/Users/thilinaweerasinghe/YELM Technologies/OruthotaChaletsAdmin/node_modules/@opentelemetry/.propagator-aws-xray-o6ctkobO',
471 silly reify   '/Users/thilinaweerasinghe/YELM Technologies/OruthotaChaletsAdmin/node_modules/@opentelemetry/propagator-b3': '/Users/thilinaweerasinghe/YELM Technologies/OruthotaChaletsAdmin/node_modules/@opentelemetry/.propagator-b3-dVG7eO3G',
471 silly reify   '/Users/thilinaweerasinghe/YELM Technologies/OruthotaChaletsAdmin/node_modules/@opentelemetry/propagator-jaeger': '/Users/thilinaweerasinghe/YELM Technologies/OruthotaChaletsAdmin/node_modules/@opentelemetry/.propagator-jaeger-Z1meXhFs',
471 silly reify   '/Users/thilinaweerasinghe/YELM Technologies/OruthotaChaletsAdmin/node_modules/@opentelemetry/redis-common': '/Users/thilinaweerasinghe/YELM Technologies/OruthotaChaletsAdmin/node_modules/@opentelemetry/.redis-common-lbKQ3adw',
471 silly reify   '/Users/thilinaweerasinghe/YELM Technologies/OruthotaChaletsAdmin/node_modules/@opentelemetry/resource-detector-alibaba-cloud': '/Users/thilinaweerasinghe/YELM Technologies/OruthotaChaletsAdmin/node_modules/@opentelemetry/.resource-detector-alibaba-cloud-cwmhFBVv',
471 silly reify   '/Users/thilinaweerasinghe/YELM Technologies/OruthotaChaletsAdmin/node_modules/@opentelemetry/resource-detector-aws': '/Users/thilinaweerasinghe/YELM Technologies/OruthotaChaletsAdmin/node_modules/@opentelemetry/.resource-detector-aws-pVtXjVgj',
471 silly reify   '/Users/thilinaweerasinghe/YELM Technologies/OruthotaChaletsAdmin/node_modules/@opentelemetry/resource-detector-azure': '/Users/thilinaweerasinghe/YELM Technologies/OruthotaChaletsAdmin/node_modules/@opentelemetry/.resource-detector-azure-QQL2ftxJ',
471 silly reify   '/Users/thilinaweerasinghe/YELM Technologies/OruthotaChaletsAdmin/node_modules/@opentelemetry/resource-detector-container': '/Users/thilinaweerasinghe/YELM Technologies/OruthotaChaletsAdmin/node_modules/@opentelemetry/.resource-detector-container-VWHCCojX',
471 silly reify   '/Users/thilinaweerasinghe/YELM Technologies/OruthotaChaletsAdmin/node_modules/@opentelemetry/resource-detector-gcp': '/Users/thilinaweerasinghe/YELM Technologies/OruthotaChaletsAdmin/node_modules/@opentelemetry/.resource-detector-gcp-YlyUIQBU',
471 silly reify   '/Users/thilinaweerasinghe/YELM Technologies/OruthotaChaletsAdmin/node_modules/@opentelemetry/resources': '/Users/thilinaweerasinghe/YELM Technologies/OruthotaChaletsAdmin/node_modules/@opentelemetry/.resources-zHkdX2pJ',
471 silly reify   '/Users/thilinaweerasinghe/YELM Technologies/OruthotaChaletsAdmin/node_modules/@opentelemetry/sdk-logs': '/Users/thilinaweerasinghe/YELM Technologies/OruthotaChaletsAdmin/node_modules/@opentelemetry/.sdk-logs-tbC6ajG5',
471 silly reify   '/Users/thilinaweerasinghe/YELM Technologies/OruthotaChaletsAdmin/node_modules/@opentelemetry/sdk-metrics': '/Users/thilinaweerasinghe/YELM Technologies/OruthotaChaletsAdmin/node_modules/@opentelemetry/.sdk-metrics-9RtSXKlR',
471 silly reify   '/Users/thilinaweerasinghe/YELM Technologies/OruthotaChaletsAdmin/node_modules/@opentelemetry/sdk-node': '/Users/thilinaweerasinghe/YELM Technologies/OruthotaChaletsAdmin/node_modules/@opentelemetry/.sdk-node-vw9toRHR',
471 silly reify   '/Users/thilinaweerasinghe/YELM Technologies/OruthotaChaletsAdmin/node_modules/@opentelemetry/sdk-trace-base': '/Users/thilinaweerasinghe/YELM Technologies/OruthotaChaletsAdmin/node_modules/@opentelemetry/.sdk-trace-base-zqRax0ht',
471 silly reify   '/Users/thilinaweerasinghe/YELM Technologies/OruthotaChaletsAdmin/node_modules/@opentelemetry/sdk-trace-node': '/Users/thilinaweerasinghe/YELM Technologies/OruthotaChaletsAdmin/node_modules/@opentelemetry/.sdk-trace-node-iZBylrJv',
471 silly reify   '/Users/thilinaweerasinghe/YELM Technologies/OruthotaChaletsAdmin/node_modules/@opentelemetry/sql-common': '/Users/thilinaweerasinghe/YELM Technologies/OruthotaChaletsAdmin/node_modules/@opentelemetry/.sql-common-73vWjIA4',
471 silly reify   '/Users/thilinaweerasinghe/YELM Technologies/OruthotaChaletsAdmin/node_modules/@pkgjs/parseargs': '/Users/thilinaweerasinghe/YELM Technologies/OruthotaChaletsAdmin/node_modules/@pkgjs/.parseargs-NRWPWUJS',
471 silly reify   '/Users/thilinaweerasinghe/YELM Technologies/OruthotaChaletsAdmin/node_modules/@protobufjs/aspromise': '/Users/thilinaweerasinghe/YELM Technologies/OruthotaChaletsAdmin/node_modules/@protobufjs/.aspromise-6c5LhYv3',
471 silly reify   '/Users/thilinaweerasinghe/YELM Technologies/OruthotaChaletsAdmin/node_modules/@protobufjs/base64': '/Users/thilinaweerasinghe/YELM Technologies/OruthotaChaletsAdmin/node_modules/@protobufjs/.base64-8pybzDUb',
471 silly reify   '/Users/thilinaweerasinghe/YELM Technologies/OruthotaChaletsAdmin/node_modules/@protobufjs/float': '/Users/thilinaweerasinghe/YELM Technologies/OruthotaChaletsAdmin/node_modules/@protobufjs/.float-q7ZzGbmr',
471 silly reify   '/Users/thilinaweerasinghe/YELM Technologies/OruthotaChaletsAdmin/node_modules/@protobufjs/path': '/Users/thilinaweerasinghe/YELM Technologies/OruthotaChaletsAdmin/node_modules/@protobufjs/.path-sujUmO6P',
471 silly reify   '/Users/thilinaweerasinghe/YELM Technologies/OruthotaChaletsAdmin/node_modules/@protobufjs/pool': '/Users/thilinaweerasinghe/YELM Technologies/OruthotaChaletsAdmin/node_modules/@protobufjs/.pool-dCAuVH18',
471 silly reify   '/Users/thilinaweerasinghe/YELM Technologies/OruthotaChaletsAdmin/node_modules/@standard-schema/utils': '/Users/thilinaweerasinghe/YELM Technologies/OruthotaChaletsAdmin/node_modules/@standard-schema/.utils-xNwZMXw7',
471 silly reify   '/Users/thilinaweerasinghe/YELM Technologies/OruthotaChaletsAdmin/node_modules/@supabase/ssr': '/Users/thilinaweerasinghe/YELM Technologies/OruthotaChaletsAdmin/node_modules/@supabase/.ssr-95l13OPl',
471 silly reify   '/Users/thilinaweerasinghe/YELM Technologies/OruthotaChaletsAdmin/node_modules/@swc/counter': '/Users/thilinaweerasinghe/YELM Technologies/OruthotaChaletsAdmin/node_modules/@swc/.counter-RnC38Ity',
471 silly reify   '/Users/thilinaweerasinghe/YELM Technologies/OruthotaChaletsAdmin/node_modules/@swc/helpers': '/Users/thilinaweerasinghe/YELM Technologies/OruthotaChaletsAdmin/node_modules/@swc/.helpers-bsuJTRLK',
471 silly reify   '/Users/thilinaweerasinghe/YELM Technologies/OruthotaChaletsAdmin/node_modules/@tsconfig/node12': '/Users/thilinaweerasinghe/YELM Technologies/OruthotaChaletsAdmin/node_modules/@tsconfig/.node12-kxQgQsqH',
471 silly reify   '/Users/thilinaweerasinghe/YELM Technologies/OruthotaChaletsAdmin/node_modules/@tsconfig/node14': '/Users/thilinaweerasinghe/YELM Technologies/OruthotaChaletsAdmin/node_modules/@tsconfig/.node14-MdDG22vd',
471 silly reify   '/Users/thilinaweerasinghe/YELM Technologies/OruthotaChaletsAdmin/node_modules/@tsconfig/node16': '/Users/thilinaweerasinghe/YELM Technologies/OruthotaChaletsAdmin/node_modules/@tsconfig/.node16-njwYSIZS',
471 silly reify   '/Users/thilinaweerasinghe/YELM Technologies/OruthotaChaletsAdmin/node_modules/@types/aws-lambda': '/Users/thilinaweerasinghe/YELM Technologies/OruthotaChaletsAdmin/node_modules/@types/.aws-lambda-CiH8Lb9R',
471 silly reify   '/Users/thilinaweerasinghe/YELM Technologies/OruthotaChaletsAdmin/node_modules/@types/bcryptjs': '/Users/thilinaweerasinghe/YELM Technologies/OruthotaChaletsAdmin/node_modules/@types/.bcryptjs-frqG7wMg',
471 silly reify   '/Users/thilinaweerasinghe/YELM Technologies/OruthotaChaletsAdmin/node_modules/@types/bunyan': '/Users/thilinaweerasinghe/YELM Technologies/OruthotaChaletsAdmin/node_modules/@types/.bunyan-MI5GTH4n',
471 silly reify   '/Users/thilinaweerasinghe/YELM Technologies/OruthotaChaletsAdmin/node_modules/@types/caseless': '/Users/thilinaweerasinghe/YELM Technologies/OruthotaChaletsAdmin/node_modules/@types/.caseless-ISTWxDps',
471 silly reify   '/Users/thilinaweerasinghe/YELM Technologies/OruthotaChaletsAdmin/node_modules/@types/connect': '/Users/thilinaweerasinghe/YELM Technologies/OruthotaChaletsAdmin/node_modules/@types/.connect-LU7MT0pK',
471 silly reify   '/Users/thilinaweerasinghe/YELM Technologies/OruthotaChaletsAdmin/node_modules/@types/d3-color': '/Users/thilinaweerasinghe/YELM Technologies/OruthotaChaletsAdmin/node_modules/@types/.d3-color-UUXa3a3k',
471 silly reify   '/Users/thilinaweerasinghe/YELM Technologies/OruthotaChaletsAdmin/node_modules/@types/d3-ease': '/Users/thilinaweerasinghe/YELM Technologies/OruthotaChaletsAdmin/node_modules/@types/.d3-ease-7e48QCNe',
471 silly reify   '/Users/thilinaweerasinghe/YELM Technologies/OruthotaChaletsAdmin/node_modules/@types/d3-interpolate': '/Users/thilinaweerasinghe/YELM Technologies/OruthotaChaletsAdmin/node_modules/@types/.d3-interpolate-sXSZ9A11',
471 silly reify   '/Users/thilinaweerasinghe/YELM Technologies/OruthotaChaletsAdmin/node_modules/@types/d3-scale': '/Users/thilinaweerasinghe/YELM Technologies/OruthotaChaletsAdmin/node_modules/@types/.d3-scale-IeIorfYM',
471 silly reify   '/Users/thilinaweerasinghe/YELM Technologies/OruthotaChaletsAdmin/node_modules/@types/d3-time': '/Users/thilinaweerasinghe/YELM Technologies/OruthotaChaletsAdmin/node_modules/@types/.d3-time-mN8dJ516',
471 silly reify   '/Users/thilinaweerasinghe/YELM Technologies/OruthotaChaletsAdmin/node_modules/@types/d3-timer': '/Users/thilinaweerasinghe/YELM Technologies/OruthotaChaletsAdmin/node_modules/@types/.d3-timer-AN0gluH9',
471 silly reify   '/Users/thilinaweerasinghe/YELM Technologies/OruthotaChaletsAdmin/node_modules/@types/jsonwebtoken': '/Users/thilinaweerasinghe/YELM Technologies/OruthotaChaletsAdmin/node_modules/@types/.jsonwebtoken-eadm1Kui',
471 silly reify   '/Users/thilinaweerasinghe/YELM Technologies/OruthotaChaletsAdmin/node_modules/@types/long': '/Users/thilinaweerasinghe/YELM Technologies/OruthotaChaletsAdmin/node_modules/@types/.long-tFVZmvWD',
471 silly reify   '/Users/thilinaweerasinghe/YELM Technologies/OruthotaChaletsAdmin/node_modules/@types/memcached': '/Users/thilinaweerasinghe/YELM Technologies/OruthotaChaletsAdmin/node_modules/@types/.memcached-fu9dDNUm',
471 silly reify   '/Users/thilinaweerasinghe/YELM Technologies/OruthotaChaletsAdmin/node_modules/@types/ms': '/Users/thilinaweerasinghe/YELM Technologies/OruthotaChaletsAdmin/node_modules/@types/.ms-VefwbzqX',
471 silly reify   '/Users/thilinaweerasinghe/YELM Technologies/OruthotaChaletsAdmin/node_modules/@types/mysql': '/Users/thilinaweerasinghe/YELM Technologies/OruthotaChaletsAdmin/node_modules/@types/.mysql-uW8fobQV',
471 silly reify   '/Users/thilinaweerasinghe/YELM Technologies/OruthotaChaletsAdmin/node_modules/@types/pg': '/Users/thilinaweerasinghe/YELM Technologies/OruthotaChaletsAdmin/node_modules/@types/.pg-U5pmlV9w',
471 silly reify   '/Users/thilinaweerasinghe/YELM Technologies/OruthotaChaletsAdmin/node_modules/@types/pg-pool': '/Users/thilinaweerasinghe/YELM Technologies/OruthotaChaletsAdmin/node_modules/@types/.pg-pool-iwMs3oB8',
471 silly reify   '/Users/thilinaweerasinghe/YELM Technologies/OruthotaChaletsAdmin/node_modules/@types/recharts': '/Users/thilinaweerasinghe/YELM Technologies/OruthotaChaletsAdmin/node_modules/@types/.recharts-x6zkvf13',
471 silly reify   '/Users/thilinaweerasinghe/YELM Technologies/OruthotaChaletsAdmin/node_modules/@types/request': '/Users/thilinaweerasinghe/YELM Technologies/OruthotaChaletsAdmin/node_modules/@types/.request-3BNd7ZgA',
471 silly reify   '/Users/thilinaweerasinghe/YELM Technologies/OruthotaChaletsAdmin/node_modules/@types/shimmer': '/Users/thilinaweerasinghe/YELM Technologies/OruthotaChaletsAdmin/node_modules/@types/.shimmer-aCYnsNhG',
471 silly reify   '/Users/thilinaweerasinghe/YELM Technologies/OruthotaChaletsAdmin/node_modules/@types/tedious': '/Users/thilinaweerasinghe/YELM Technologies/OruthotaChaletsAdmin/node_modules/@types/.tedious-aynWqSGz',
471 silly reify   '/Users/thilinaweerasinghe/YELM Technologies/OruthotaChaletsAdmin/node_modules/@types/tough-cookie': '/Users/thilinaweerasinghe/YELM Technologies/OruthotaChaletsAdmin/node_modules/@types/.tough-cookie-FvEP1fmN',
471 silly reify   '/Users/thilinaweerasinghe/YELM Technologies/OruthotaChaletsAdmin/node_modules/@types/triple-beam': '/Users/thilinaweerasinghe/YELM Technologies/OruthotaChaletsAdmin/node_modules/@types/.triple-beam-WsHjYp3R',
471 silly reify   '/Users/thilinaweerasinghe/YELM Technologies/OruthotaChaletsAdmin/node_modules/@yarnpkg/lockfile': '/Users/thilinaweerasinghe/YELM Technologies/OruthotaChaletsAdmin/node_modules/@yarnpkg/.lockfile-9kxKSVKP',
471 silly reify   '/Users/thilinaweerasinghe/YELM Technologies/OruthotaChaletsAdmin/node_modules/acorn': '/Users/thilinaweerasinghe/YELM Technologies/OruthotaChaletsAdmin/node_modules/.acorn-JjIoQFGk',
471 silly reify   '/Users/thilinaweerasinghe/YELM Technologies/OruthotaChaletsAdmin/node_modules/.bin/acorn': '/Users/thilinaweerasinghe/YELM Technologies/OruthotaChaletsAdmin/node_modules/.bin/.acorn-gSzrcswE',
471 silly reify   '/Users/thilinaweerasinghe/YELM Technologies/OruthotaChaletsAdmin/node_modules/esbuild': '/Users/thilinaweerasinghe/YELM Technologies/OruthotaChaletsAdmin/node_modules/.esbuild-XOxoeNRX',
471 silly reify   '/Users/thilinaweerasinghe/YELM Technologies/OruthotaChaletsAdmin/node_modules/.bin/esbuild': '/Users/thilinaweerasinghe/YELM Technologies/OruthotaChaletsAdmin/node_modules/.bin/.esbuild-DaimwujF',
471 silly reify   '/Users/thilinaweerasinghe/YELM Technologies/OruthotaChaletsAdmin/node_modules/eventid/node_modules/uuid': '/Users/thilinaweerasinghe/YELM Technologies/OruthotaChaletsAdmin/node_modules/eventid/node_modules/.uuid-VgckqqI0',
471 silly reify   '/Users/thilinaweerasinghe/YELM Technologies/OruthotaChaletsAdmin/node_modules/eventid/node_modules/.bin/uuid': '/Users/thilinaweerasinghe/YELM Technologies/OruthotaChaletsAdmin/node_modules/eventid/node_modules/.bin/.uuid-dXmXHkQc',
471 silly reify   '/Users/thilinaweerasinghe/YELM Technologies/OruthotaChaletsAdmin/node_modules/exceljs/node_modules/uuid': '/Users/thilinaweerasinghe/YELM Technologies/OruthotaChaletsAdmin/node_modules/exceljs/node_modules/.uuid-zKqoJwFF',
471 silly reify   '/Users/thilinaweerasinghe/YELM Technologies/OruthotaChaletsAdmin/node_modules/exceljs/node_modules/.bin/uuid': '/Users/thilinaweerasinghe/YELM Technologies/OruthotaChaletsAdmin/node_modules/exceljs/node_modules/.bin/.uuid-0exkizHW',
471 silly reify   '/Users/thilinaweerasinghe/YELM Technologies/OruthotaChaletsAdmin/node_modules/extract-zip': '/Users/thilinaweerasinghe/YELM Technologies/OruthotaChaletsAdmin/node_modules/.extract-zip-CN0Jtd0v',
471 silly reify   '/Users/thilinaweerasinghe/YELM Technologies/OruthotaChaletsAdmin/node_modules/.bin/extract-zip': '/Users/thilinaweerasinghe/YELM Technologies/OruthotaChaletsAdmin/node_modules/.bin/.extract-zip-LYZjGc3g',
471 silly reify   '/Users/thilinaweerasinghe/YELM Technologies/OruthotaChaletsAdmin/node_modules/fast-xml-parser': '/Users/thilinaweerasinghe/YELM Technologies/OruthotaChaletsAdmin/node_modules/.fast-xml-parser-sTBawVel',
471 silly reify   '/Users/thilinaweerasinghe/YELM Technologies/OruthotaChaletsAdmin/node_modules/.bin/fxparser': '/Users/thilinaweerasinghe/YELM Technologies/OruthotaChaletsAdmin/node_modules/.bin/.fxparser-F2oUkLs6',
471 silly reify   '/Users/thilinaweerasinghe/YELM Technologies/OruthotaChaletsAdmin/node_modules/firebase-admin/node_modules/uuid': '/Users/thilinaweerasinghe/YELM Technologies/OruthotaChaletsAdmin/node_modules/firebase-admin/node_modules/.uuid-llIk29ap',
471 silly reify   '/Users/thilinaweerasinghe/YELM Technologies/OruthotaChaletsAdmin/node_modules/firebase-admin/node_modules/.bin/uuid': '/Users/thilinaweerasinghe/YELM Technologies/OruthotaChaletsAdmin/node_modules/firebase-admin/node_modules/.bin/.uuid-cxPuFOs3',
471 silly reify   '/Users/thilinaweerasinghe/YELM Technologies/OruthotaChaletsAdmin/node_modules/genkit-cli': '/Users/thilinaweerasinghe/YELM Technologies/OruthotaChaletsAdmin/node_modules/.genkit-cli-FZTLDp5K',
471 silly reify   '/Users/thilinaweerasinghe/YELM Technologies/OruthotaChaletsAdmin/node_modules/.bin/genkit': '/Users/thilinaweerasinghe/YELM Technologies/OruthotaChaletsAdmin/node_modules/.bin/.genkit-aNBmBCR9',
471 silly reify   '/Users/thilinaweerasinghe/YELM Technologies/OruthotaChaletsAdmin/node_modules/glob': '/Users/thilinaweerasinghe/YELM Technologies/OruthotaChaletsAdmin/node_modules/.glob-OkfOXf7S',
471 silly reify   '/Users/thilinaweerasinghe/YELM Technologies/OruthotaChaletsAdmin/node_modules/.bin/glob': '/Users/thilinaweerasinghe/YELM Technologies/OruthotaChaletsAdmin/node_modules/.bin/.glob-r2HPwpc0',
471 silly reify   '/Users/thilinaweerasinghe/YELM Technologies/OruthotaChaletsAdmin/node_modules/hexer': '/Users/thilinaweerasinghe/YELM Technologies/OruthotaChaletsAdmin/node_modules/.hexer-VlWpwf3z',
471 silly reify   '/Users/thilinaweerasinghe/YELM Technologies/OruthotaChaletsAdmin/node_modules/.bin/hexer': '/Users/thilinaweerasinghe/YELM Technologies/OruthotaChaletsAdmin/node_modules/.bin/.hexer-cb6TG9ly',
471 silly reify   '/Users/thilinaweerasinghe/YELM Technologies/OruthotaChaletsAdmin/node_modules/handlebars': '/Users/thilinaweerasinghe/YELM Technologies/OruthotaChaletsAdmin/node_modules/.handlebars-v6MXc6aR',
471 silly reify   '/Users/thilinaweerasinghe/YELM Technologies/OruthotaChaletsAdmin/node_modules/.bin/handlebars': '/Users/thilinaweerasinghe/YELM Technologies/OruthotaChaletsAdmin/node_modules/.bin/.handlebars-ZE19f68f',
471 silly reify   '/Users/thilinaweerasinghe/YELM Technologies/OruthotaChaletsAdmin/node_modules/jaeger-client/node_modules/uuid': '/Users/thilinaweerasinghe/YELM Technologies/OruthotaChaletsAdmin/node_modules/jaeger-client/node_modules/.uuid-M4aBORSp',
471 silly reify   '/Users/thilinaweerasinghe/YELM Technologies/OruthotaChaletsAdmin/node_modules/jaeger-client/node_modules/.bin/uuid': '/Users/thilinaweerasinghe/YELM Technologies/OruthotaChaletsAdmin/node_modules/jaeger-client/node_modules/.bin/.uuid-fESWkGMu',
471 silly reify   '/Users/thilinaweerasinghe/YELM Technologies/OruthotaChaletsAdmin/node_modules/js-yaml': '/Users/thilinaweerasinghe/YELM Technologies/OruthotaChaletsAdmin/node_modules/.js-yaml-BRgJE9nL',
471 silly reify   '/Users/thilinaweerasinghe/YELM Technologies/OruthotaChaletsAdmin/node_modules/.bin/js-yaml': '/Users/thilinaweerasinghe/YELM Technologies/OruthotaChaletsAdmin/node_modules/.bin/.js-yaml-2g5Ekm7m',
471 silly reify   '/Users/thilinaweerasinghe/YELM Technologies/OruthotaChaletsAdmin/node_modules/make-dir/node_modules/semver': '/Users/thilinaweerasinghe/YELM Technologies/OruthotaChaletsAdmin/node_modules/make-dir/node_modules/.semver-zUEZnus0',
471 silly reify   '/Users/thilinaweerasinghe/YELM Technologies/OruthotaChaletsAdmin/node_modules/make-dir/node_modules/.bin/semver': '/Users/thilinaweerasinghe/YELM Technologies/OruthotaChaletsAdmin/node_modules/make-dir/node_modules/.bin/.semver-BPZWWZOe',
471 silly reify   '/Users/thilinaweerasinghe/YELM Technologies/OruthotaChaletsAdmin/node_modules/mkdirp': '/Users/thilinaweerasinghe/YELM Technologies/OruthotaChaletsAdmin/node_modules/.mkdirp-w0iz7Or5',
471 silly reify   '/Users/thilinaweerasinghe/YELM Technologies/OruthotaChaletsAdmin/node_modules/.bin/mkdirp': '/Users/thilinaweerasinghe/YELM Technologies/OruthotaChaletsAdmin/node_modules/.bin/.mkdirp-HmFqkNGR',
471 silly reify   '/Users/thilinaweerasinghe/YELM Technologies/OruthotaChaletsAdmin/node_modules/next': '/Users/thilinaweerasinghe/YELM Technologies/OruthotaChaletsAdmin/node_modules/.next-zcKOOmbo',
471 silly reify   '/Users/thilinaweerasinghe/YELM Technologies/OruthotaChaletsAdmin/node_modules/.bin/next': '/Users/thilinaweerasinghe/YELM Technologies/OruthotaChaletsAdmin/node_modules/.bin/.next-82ckXIm5',
471 silly reify   '/Users/thilinaweerasinghe/YELM Technologies/OruthotaChaletsAdmin/node_modules/nanoid': '/Users/thilinaweerasinghe/YELM Technologies/OruthotaChaletsAdmin/node_modules/.nanoid-rN46eJzB',
471 silly reify   '/Users/thilinaweerasinghe/YELM Technologies/OruthotaChaletsAdmin/node_modules/.bin/nanoid': '/Users/thilinaweerasinghe/YELM Technologies/OruthotaChaletsAdmin/node_modules/.bin/.nanoid-Fag3mLOT',
471 silly reify   '/Users/thilinaweerasinghe/YELM Technologies/OruthotaChaletsAdmin/node_modules/patch-package': '/Users/thilinaweerasinghe/YELM Technologies/OruthotaChaletsAdmin/node_modules/.patch-package-F0weBOyB',
471 silly reify   '/Users/thilinaweerasinghe/YELM Technologies/OruthotaChaletsAdmin/node_modules/.bin/patch-package': '/Users/thilinaweerasinghe/YELM Technologies/OruthotaChaletsAdmin/node_modules/.bin/.patch-package-nfuPOgp2',
471 silly reify   '/Users/thilinaweerasinghe/YELM Technologies/OruthotaChaletsAdmin/node_modules/ps-tree': '/Users/thilinaweerasinghe/YELM Technologies/OruthotaChaletsAdmin/node_modules/.ps-tree-1pAPX5fI',
471 silly reify   '/Users/thilinaweerasinghe/YELM Technologies/OruthotaChaletsAdmin/node_modules/.bin/ps-tree': '/Users/thilinaweerasinghe/YELM Technologies/OruthotaChaletsAdmin/node_modules/.bin/.ps-tree-x2DxYO2c',
471 silly reify   '/Users/thilinaweerasinghe/YELM Technologies/OruthotaChaletsAdmin/node_modules/qrcode': '/Users/thilinaweerasinghe/YELM Technologies/OruthotaChaletsAdmin/node_modules/.qrcode-zEa6ti1Z',
471 silly reify   '/Users/thilinaweerasinghe/YELM Technologies/OruthotaChaletsAdmin/node_modules/.bin/qrcode': '/Users/thilinaweerasinghe/YELM Technologies/OruthotaChaletsAdmin/node_modules/.bin/.qrcode-4r4kWc5J',
471 silly reify   '/Users/thilinaweerasinghe/YELM Technologies/OruthotaChaletsAdmin/node_modules/resolve': '/Users/thilinaweerasinghe/YELM Technologies/OruthotaChaletsAdmin/node_modules/.resolve-dtuP5DC2',
471 silly reify   '/Users/thilinaweerasinghe/YELM Technologies/OruthotaChaletsAdmin/node_modules/.bin/resolve': '/Users/thilinaweerasinghe/YELM Technologies/OruthotaChaletsAdmin/node_modules/.bin/.resolve-47MECchP',
471 silly reify   '/Users/thilinaweerasinghe/YELM Technologies/OruthotaChaletsAdmin/node_modules/send/node_modules/mime': '/Users/thilinaweerasinghe/YELM Technologies/OruthotaChaletsAdmin/node_modules/send/node_modules/.mime-9WmgeDKP',
471 silly reify   '/Users/thilinaweerasinghe/YELM Technologies/OruthotaChaletsAdmin/node_modules/semver': '/Users/thilinaweerasinghe/YELM Technologies/OruthotaChaletsAdmin/node_modules/.semver-8GV62BfI',
471 silly reify   '/Users/thilinaweerasinghe/YELM Technologies/OruthotaChaletsAdmin/node_modules/.bin/semver': '/Users/thilinaweerasinghe/YELM Technologies/OruthotaChaletsAdmin/node_modules/.bin/.semver-4byNzRB1',
471 silly reify   '/Users/thilinaweerasinghe/YELM Technologies/OruthotaChaletsAdmin/node_modules/supabase': '/Users/thilinaweerasinghe/YELM Technologies/OruthotaChaletsAdmin/node_modules/.supabase-n1gU9NSq',
471 silly reify   '/Users/thilinaweerasinghe/YELM Technologies/OruthotaChaletsAdmin/node_modules/.bin/supabase': '/Users/thilinaweerasinghe/YELM Technologies/OruthotaChaletsAdmin/node_modules/.bin/.supabase-UtWZVCF1',
471 silly reify   '/Users/thilinaweerasinghe/YELM Technologies/OruthotaChaletsAdmin/node_modules/sucrase': '/Users/thilinaweerasinghe/YELM Technologies/OruthotaChaletsAdmin/node_modules/.sucrase-I30sEJuo',
471 silly reify   '/Users/thilinaweerasinghe/YELM Technologies/OruthotaChaletsAdmin/node_modules/.bin/sucrase': '/Users/thilinaweerasinghe/YELM Technologies/OruthotaChaletsAdmin/node_modules/.bin/.sucrase-BrSc3YLS',
471 silly reify   '/Users/thilinaweerasinghe/YELM Technologies/OruthotaChaletsAdmin/node_modules/.bin/sucrase-node': '/Users/thilinaweerasinghe/YELM Technologies/OruthotaChaletsAdmin/node_modules/.bin/.sucrase-node-IG2ZvXLP',
471 silly reify   '/Users/thilinaweerasinghe/YELM Technologies/OruthotaChaletsAdmin/node_modules/tailwindcss': '/Users/thilinaweerasinghe/YELM Technologies/OruthotaChaletsAdmin/node_modules/.tailwindcss-tg51zmXi',
471 silly reify   '/Users/thilinaweerasinghe/YELM Technologies/OruthotaChaletsAdmin/node_modules/.bin/tailwind': '/Users/thilinaweerasinghe/YELM Technologies/OruthotaChaletsAdmin/node_modules/.bin/.tailwind-OIZOcQKY',
471 silly reify   '/Users/thilinaweerasinghe/YELM Technologies/OruthotaChaletsAdmin/node_modules/.bin/tailwindcss': '/Users/thilinaweerasinghe/YELM Technologies/OruthotaChaletsAdmin/node_modules/.bin/.tailwindcss-lKcSMJTA',
471 silly reify   '/Users/thilinaweerasinghe/YELM Technologies/OruthotaChaletsAdmin/node_modules/thriftrw': '/Users/thilinaweerasinghe/YELM Technologies/OruthotaChaletsAdmin/node_modules/.thriftrw-lBUrV9yA',
471 silly reify   '/Users/thilinaweerasinghe/YELM Technologies/OruthotaChaletsAdmin/node_modules/.bin/thrift2json': '/Users/thilinaweerasinghe/YELM Technologies/OruthotaChaletsAdmin/node_modules/.bin/.thrift2json-d53pla1N',
471 silly reify   '/Users/thilinaweerasinghe/YELM Technologies/OruthotaChaletsAdmin/node_modules/teeny-request/node_modules/uuid': '/Users/thilinaweerasinghe/YELM Technologies/OruthotaChaletsAdmin/node_modules/teeny-request/node_modules/.uuid-AxKlrp4m',
471 silly reify   '/Users/thilinaweerasinghe/YELM Technologies/OruthotaChaletsAdmin/node_modules/teeny-request/node_modules/.bin/uuid': '/Users/thilinaweerasinghe/YELM Technologies/OruthotaChaletsAdmin/node_modules/teeny-request/node_modules/.bin/.uuid-IoEXyAk0',
471 silly reify   '/Users/thilinaweerasinghe/YELM Technologies/OruthotaChaletsAdmin/node_modules/typescript': '/Users/thilinaweerasinghe/YELM Technologies/OruthotaChaletsAdmin/node_modules/.typescript-eAcYhW1G',
471 silly reify   '/Users/thilinaweerasinghe/YELM Technologies/OruthotaChaletsAdmin/node_modules/.bin/tsc': '/Users/thilinaweerasinghe/YELM Technologies/OruthotaChaletsAdmin/node_modules/.bin/.tsc-m4XUYPns',
471 silly reify   '/Users/thilinaweerasinghe/YELM Technologies/OruthotaChaletsAdmin/node_modules/.bin/tsserver': '/Users/thilinaweerasinghe/YELM Technologies/OruthotaChaletsAdmin/node_modules/.bin/.tsserver-2TBeUFMs',
471 silly reify   '/Users/thilinaweerasinghe/YELM Technologies/OruthotaChaletsAdmin/node_modules/tsx': '/Users/thilinaweerasinghe/YELM Technologies/OruthotaChaletsAdmin/node_modules/.tsx-7OvH1rO4',
471 silly reify   '/Users/thilinaweerasinghe/YELM Technologies/OruthotaChaletsAdmin/node_modules/.bin/tsx': '/Users/thilinaweerasinghe/YELM Technologies/OruthotaChaletsAdmin/node_modules/.bin/.tsx-uH7GPBQp',
471 silly reify   '/Users/thilinaweerasinghe/YELM Technologies/OruthotaChaletsAdmin/node_modules/uuid': '/Users/thilinaweerasinghe/YELM Technologies/OruthotaChaletsAdmin/node_modules/.uuid-S8D8iopS',
471 silly reify   '/Users/thilinaweerasinghe/YELM Technologies/OruthotaChaletsAdmin/node_modules/.bin/uuid': '/Users/thilinaweerasinghe/YELM Technologies/OruthotaChaletsAdmin/node_modules/.bin/.uuid-MFVnXBOA',
471 silly reify   '/Users/thilinaweerasinghe/YELM Technologies/OruthotaChaletsAdmin/node_modules/which': '/Users/thilinaweerasinghe/YELM Technologies/OruthotaChaletsAdmin/node_modules/.which-e400vKER',
471 silly reify   '/Users/thilinaweerasinghe/YELM Technologies/OruthotaChaletsAdmin/node_modules/.bin/node-which': '/Users/thilinaweerasinghe/YELM Technologies/OruthotaChaletsAdmin/node_modules/.bin/.node-which-TTD9e6XI',
471 silly reify   '/Users/thilinaweerasinghe/YELM Technologies/OruthotaChaletsAdmin/node_modules/yaml': '/Users/thilinaweerasinghe/YELM Technologies/OruthotaChaletsAdmin/node_modules/.yaml-M4l7UONO',
471 silly reify   '/Users/thilinaweerasinghe/YELM Technologies/OruthotaChaletsAdmin/node_modules/.bin/yaml': '/Users/thilinaweerasinghe/YELM Technologies/OruthotaChaletsAdmin/node_modules/.bin/.yaml-J7dxoFZ9',
471 silly reify   '/Users/thilinaweerasinghe/YELM Technologies/OruthotaChaletsAdmin/node_modules/@google-cloud/logging/node_modules/uuid': '/Users/thilinaweerasinghe/YELM Technologies/OruthotaChaletsAdmin/node_modules/@google-cloud/logging/node_modules/.uuid-UodCFqTB',
471 silly reify   '/Users/thilinaweerasinghe/YELM Technologies/OruthotaChaletsAdmin/node_modules/@google-cloud/logging/node_modules/.bin/uuid': '/Users/thilinaweerasinghe/YELM Technologies/OruthotaChaletsAdmin/node_modules/@google-cloud/logging/node_modules/.bin/.uuid-vJOUDuQf',
471 silly reify   '/Users/thilinaweerasinghe/YELM Technologies/OruthotaChaletsAdmin/node_modules/@google-cloud/storage/node_modules/uuid': '/Users/thilinaweerasinghe/YELM Technologies/OruthotaChaletsAdmin/node_modules/@google-cloud/storage/node_modules/.uuid-3J0YJXLv',
471 silly reify   '/Users/thilinaweerasinghe/YELM Technologies/OruthotaChaletsAdmin/node_modules/@google-cloud/storage/node_modules/.bin/uuid': '/Users/thilinaweerasinghe/YELM Technologies/OruthotaChaletsAdmin/node_modules/@google-cloud/storage/node_modules/.bin/.uuid-FZXF1UPW',
471 silly reify   '/Users/thilinaweerasinghe/YELM Technologies/OruthotaChaletsAdmin/node_modules/@grpc/proto-loader': '/Users/thilinaweerasinghe/YELM Technologies/OruthotaChaletsAdmin/node_modules/@grpc/.proto-loader-aitW3v56',
471 silly reify   '/Users/thilinaweerasinghe/YELM Technologies/OruthotaChaletsAdmin/node_modules/.bin/proto-loader-gen-types': '/Users/thilinaweerasinghe/YELM Technologies/OruthotaChaletsAdmin/node_modules/.bin/.proto-loader-gen-types-C1B7gBGS',
471 silly reify   '/Users/thilinaweerasinghe/YELM Technologies/OruthotaChaletsAdmin/node_modules/@genkit-ai/tools-common/node_modules/uuid': '/Users/thilinaweerasinghe/YELM Technologies/OruthotaChaletsAdmin/node_modules/@genkit-ai/tools-common/node_modules/.uuid-iznb1u7x',
471 silly reify   '/Users/thilinaweerasinghe/YELM Technologies/OruthotaChaletsAdmin/node_modules/@genkit-ai/tools-common/node_modules/.bin/uuid': '/Users/thilinaweerasinghe/YELM Technologies/OruthotaChaletsAdmin/node_modules/@genkit-ai/tools-common/node_modules/.bin/.uuid-T4GfVbUQ',
471 silly reify   '/Users/thilinaweerasinghe/YELM Technologies/OruthotaChaletsAdmin/node_modules/@grpc/grpc-js/node_modules/@grpc/proto-loader': '/Users/thilinaweerasinghe/YELM Technologies/OruthotaChaletsAdmin/node_modules/@grpc/grpc-js/node_modules/@grpc/.proto-loader-ZJtrDe12',
471 silly reify   '/Users/thilinaweerasinghe/YELM Technologies/OruthotaChaletsAdmin/node_modules/@grpc/grpc-js/node_modules/.bin/proto-loader-gen-types': '/Users/thilinaweerasinghe/YELM Technologies/OruthotaChaletsAdmin/node_modules/@grpc/grpc-js/node_modules/.bin/.proto-loader-gen-types-MUmpCvKq'
471 silly reify }
472 silly audit bulk request {
472 silly audit   '@alloc/quick-lru': [ '5.2.0' ],
472 silly audit   '@asteasolutions/zod-to-openapi': [ '7.3.4' ],
472 silly audit   '@babel/runtime': [ '7.26.9' ],
472 silly audit   '@colors/colors': [ '1.6.0' ],
472 silly audit   '@cspotcode/source-map-support': [ '0.8.1' ],
472 silly audit   '@jridgewell/trace-mapping': [ '0.3.9', '0.3.25' ],
472 silly audit   '@dabh/diagnostics': [ '2.0.3' ],
472 silly audit   '@dnd-kit/accessibility': [ '3.1.1' ],
472 silly audit   '@dnd-kit/core': [ '6.3.1' ],
472 silly audit   '@dnd-kit/modifiers': [ '7.0.0' ],
472 silly audit   '@dnd-kit/sortable': [ '8.0.0' ],
472 silly audit   '@dnd-kit/utilities': [ '3.2.2' ],
472 silly audit   '@ecies/ciphers': [ '0.2.6' ],
472 silly audit   '@emnapi/runtime': [ '1.4.3' ],
472 silly audit   '@esbuild/aix-ppc64': [ '0.25.10' ],
472 silly audit   '@esbuild/android-arm': [ '0.25.10' ],
472 silly audit   '@esbuild/android-arm64': [ '0.25.10' ],
472 silly audit   '@esbuild/android-x64': [ '0.25.10' ],
472 silly audit   '@esbuild/darwin-arm64': [ '0.25.10' ],
472 silly audit   '@esbuild/darwin-x64': [ '0.25.10' ],
472 silly audit   '@esbuild/freebsd-arm64': [ '0.25.10' ],
472 silly audit   '@esbuild/freebsd-x64': [ '0.25.10' ],
472 silly audit   '@esbuild/linux-arm': [ '0.25.10' ],
472 silly audit   '@esbuild/linux-arm64': [ '0.25.10' ],
472 silly audit   '@esbuild/linux-ia32': [ '0.25.10' ],
472 silly audit   '@esbuild/linux-loong64': [ '0.25.10' ],
472 silly audit   '@esbuild/linux-mips64el': [ '0.25.10' ],
472 silly audit   '@esbuild/linux-ppc64': [ '0.25.10' ],
472 silly audit   '@esbuild/linux-riscv64': [ '0.25.10' ],
472 silly audit   '@esbuild/linux-s390x': [ '0.25.10' ],
472 silly audit   '@esbuild/linux-x64': [ '0.25.10' ],
472 silly audit   '@esbuild/netbsd-arm64': [ '0.25.10' ],
472 silly audit   '@esbuild/netbsd-x64': [ '0.25.10' ],
472 silly audit   '@esbuild/openbsd-arm64': [ '0.25.10' ],
472 silly audit   '@esbuild/openbsd-x64': [ '0.25.10' ],
472 silly audit   '@esbuild/openharmony-arm64': [ '0.25.10' ],
472 silly audit   '@esbuild/sunos-x64': [ '0.25.10' ],
472 silly audit   '@esbuild/win32-arm64': [ '0.25.10' ],
472 silly audit   '@esbuild/win32-ia32': [ '0.25.10' ],
472 silly audit   '@esbuild/win32-x64': [ '0.25.10' ],
472 silly audit   '@fast-csv/format': [ '4.3.5' ],
472 silly audit   '@types/node': [ '14.18.63', '20.17.17', '22.18.6' ],
472 silly audit   '@fast-csv/parse': [ '4.3.6' ],
472 silly audit   '@fastify/busboy': [ '3.2.0' ],
472 silly audit   '@firebase/app-check-interop-types': [ '0.3.3' ],
472 silly audit   '@firebase/app-types': [ '0.9.3' ],
472 silly audit   '@firebase/auth-interop-types': [ '0.2.4' ],
472 silly audit   '@firebase/component': [ '0.6.17' ],
472 silly audit   '@firebase/database': [ '1.0.19' ],
472 silly audit   '@firebase/database-compat': [ '2.0.10' ],
472 silly audit   '@firebase/database-types': [ '1.0.14' ],
472 silly audit   '@firebase/logger': [ '0.4.4' ],
472 silly audit   '@firebase/util': [ '1.12.0' ],
472 silly audit   '@floating-ui/core': [ '1.6.9' ],
472 silly audit   '@floating-ui/dom': [ '1.6.13' ],
472 silly audit   '@floating-ui/react-dom': [ '2.1.2' ],
472 silly audit   '@floating-ui/utils': [ '0.2.9' ],
472 silly audit   '@genkit-ai/ai': [ '1.20.0' ],
472 silly audit   '@genkit-ai/core': [ '1.20.0' ],
472 silly audit   '@genkit-ai/firebase': [ '1.20.0' ],
472 silly audit   '@genkit-ai/google-cloud': [ '1.20.0' ],
472 silly audit   '@genkit-ai/google-genai': [ '1.20.0' ],
472 silly audit   '@genkit-ai/next': [ '1.20.0' ],
472 silly audit   '@genkit-ai/telemetry-server': [ '1.20.0' ],
472 silly audit   '@genkit-ai/tools-common': [ '1.20.0' ],
472 silly audit   commander: [ '11.1.0', '4.1.1' ],
472 silly audit   uuid: [ '9.0.1', '8.3.2', '11.1.0', '10.0.0' ],
472 silly audit   '@google-cloud/common': [ '5.0.2' ],
472 silly audit   '@google-cloud/firestore': [ '7.11.6' ],
472 silly audit   '@google-cloud/logging': [ '11.2.1' ],
472 silly audit   '@google-cloud/logging-winston': [ '6.0.1' ],
472 silly audit   '@google-cloud/opentelemetry-cloud-monitoring-exporter': [ '0.19.0' ],
472 silly audit   '@google-cloud/opentelemetry-cloud-trace-exporter': [ '2.4.1' ],
472 silly audit   '@google-cloud/opentelemetry-resource-util': [ '2.4.0' ],
472 silly audit   '@google-cloud/paginator': [ '5.0.2' ],
472 silly audit   '@google-cloud/precise-date': [ '4.0.0' ],
472 silly audit   '@google-cloud/projectify': [ '4.0.0' ],
472 silly audit   '@google-cloud/promisify': [ '4.0.0' ],
472 silly audit   '@google-cloud/storage': [ '7.17.1' ],
472 silly audit   '@grpc/grpc-js': [ '1.14.0' ],
472 silly audit   '@grpc/proto-loader': [ '0.8.0', '0.7.13' ],
472 silly audit   '@hookform/resolvers': [ '4.1.3' ],
472 silly audit   '@img/sharp-darwin-arm64': [ '0.34.2' ],
472 silly audit   '@img/sharp-darwin-x64': [ '0.34.2' ],
472 silly audit   '@img/sharp-libvips-darwin-arm64': [ '1.1.0' ],
472 silly audit   '@img/sharp-libvips-darwin-x64': [ '1.1.0' ],
472 silly audit   '@img/sharp-libvips-linux-arm': [ '1.1.0' ],
472 silly audit   '@img/sharp-libvips-linux-arm64': [ '1.1.0' ],
472 silly audit   '@img/sharp-libvips-linux-ppc64': [ '1.1.0' ],
472 silly audit   '@img/sharp-libvips-linux-s390x': [ '1.1.0' ],
472 silly audit   '@img/sharp-libvips-linux-x64': [ '1.1.0' ],
472 silly audit   '@img/sharp-libvips-linuxmusl-arm64': [ '1.1.0' ],
472 silly audit   '@img/sharp-libvips-linuxmusl-x64': [ '1.1.0' ],
472 silly audit   '@img/sharp-linux-arm': [ '0.34.2' ],
472 silly audit   '@img/sharp-linux-arm64': [ '0.34.2' ],
472 silly audit   '@img/sharp-linux-s390x': [ '0.34.2' ],
472 silly audit   '@img/sharp-linux-x64': [ '0.34.2' ],
472 silly audit   '@img/sharp-linuxmusl-arm64': [ '0.34.2' ],
472 silly audit   '@img/sharp-linuxmusl-x64': [ '0.34.2' ],
472 silly audit   '@img/sharp-wasm32': [ '0.34.2' ],
472 silly audit   '@img/sharp-win32-arm64': [ '0.34.2' ],
472 silly audit   '@img/sharp-win32-ia32': [ '0.34.2' ],
472 silly audit   '@img/sharp-win32-x64': [ '0.34.2' ],
472 silly audit   '@inquirer/ansi': [ '1.0.0' ],
472 silly audit   '@inquirer/checkbox': [ '4.2.4' ],
472 silly audit   '@inquirer/confirm': [ '5.1.18' ],
472 silly audit   '@inquirer/core': [ '10.2.2' ],
472 silly audit   'ansi-regex': [ '5.0.1', '6.1.0' ],
472 silly audit   'ansi-styles': [ '4.3.0', '6.2.1' ],
472 silly audit   'emoji-regex': [ '8.0.0', '9.2.2' ],
472 silly audit   'string-width': [ '4.2.3', '5.1.2' ],
472 silly audit   'strip-ansi': [ '6.0.1', '7.1.0' ],
472 silly audit   'wrap-ansi': [ '6.2.0', '7.0.0', '8.1.0' ],
472 silly audit   '@inquirer/editor': [ '4.2.20' ],
472 silly audit   '@inquirer/expand': [ '4.0.20' ],
472 silly audit   '@inquirer/external-editor': [ '1.0.2' ],
472 silly audit   'iconv-lite': [ '0.7.0', '0.6.3', '0.4.24' ],
472 silly audit   '@inquirer/figures': [ '1.0.13' ],
472 silly audit   '@inquirer/input': [ '4.2.4' ],
472 silly audit   '@inquirer/number': [ '3.0.20' ],
472 silly audit   '@inquirer/password': [ '4.0.20' ],
472 silly audit   '@inquirer/prompts': [ '7.8.6' ],
472 silly audit   '@inquirer/rawlist': [ '4.1.8' ],
472 silly audit   '@inquirer/search': [ '3.1.3' ],
472 silly audit   '@inquirer/select': [ '4.3.4' ],
472 silly audit   '@inquirer/type': [ '3.0.8' ],
472 silly audit   '@isaacs/cliui': [ '8.0.2' ],
472 silly audit   '@jridgewell/gen-mapping': [ '0.3.8' ],
472 silly audit   '@jridgewell/resolve-uri': [ '3.1.2' ],
472 silly audit   '@jridgewell/set-array': [ '1.2.1' ],
472 silly audit   '@jridgewell/sourcemap-codec': [ '1.5.0' ],
472 silly audit   '@js-sdsl/ordered-map': [ '4.4.2' ],
472 silly audit   '@modelcontextprotocol/sdk': [ '1.18.2' ],
472 silly audit   accepts: [ '2.0.0', '1.3.8' ],
472 silly audit   ajv: [ '6.12.6', '8.17.1' ],
472 silly audit   'body-parser': [ '2.2.0', '1.20.3' ],
472 silly audit   'content-disposition': [ '1.0.0', '0.5.4' ],
472 silly audit   'cookie-signature': [ '1.2.2', '1.0.6' ],
472 silly audit   debug: [ '4.4.3', '2.6.9', '4.4.0' ],
472 silly audit   express: [ '5.1.0', '4.21.2' ],
472 silly audit   finalhandler: [ '2.1.0', '1.3.1' ],
472 silly audit   fresh: [ '2.0.0', '0.5.2' ],
472 silly audit   'json-schema-traverse': [ '0.4.1', '1.0.0' ],
472 silly audit   'media-typer': [ '1.1.0', '0.3.0' ],
472 silly audit   'merge-descriptors': [ '2.0.0', '1.0.3' ],
472 silly audit   'mime-db': [ '1.54.0', '1.52.0' ],
472 silly audit   'mime-types': [ '3.0.1', '2.1.35' ],
472 silly audit   ms: [ '2.1.3', '2.0.0' ],
472 silly audit   negotiator: [ '1.0.0', '0.6.3' ],
472 silly audit   qs: [ '6.14.0', '6.13.0' ],
472 silly audit   'raw-body': [ '3.0.1', '2.5.2' ],
472 silly audit   send: [ '1.2.0', '0.19.0' ],
472 silly audit   'serve-static': [ '2.2.0', '1.16.2' ],
472 silly audit   'type-is': [ '2.0.1', '1.6.18' ],
472 silly audit   '@next/env': [ '15.3.8' ],
472 silly audit   '@next/swc-darwin-x64': [ '15.3.5' ],
472 silly audit   '@next/swc-linux-arm64-gnu': [ '15.3.5' ],
472 silly audit   '@next/swc-linux-arm64-musl': [ '15.3.5' ],
472 silly audit   '@next/swc-linux-x64-gnu': [ '15.3.5' ],
472 silly audit   '@next/swc-linux-x64-musl': [ '15.3.5' ],
472 silly audit   '@next/swc-win32-arm64-msvc': [ '15.3.5' ],
472 silly audit   '@next/swc-win32-x64-msvc': [ '15.3.5' ],
472 silly audit   '@noble/ciphers': [ '1.3.0' ],
472 silly audit   '@noble/curves': [ '1.9.7' ],
472 silly audit   '@noble/hashes': [ '1.8.0' ],
472 silly audit   '@nodelib/fs.scandir': [ '2.1.5' ],
472 silly audit   '@nodelib/fs.stat': [ '2.0.5' ],
472 silly audit   '@nodelib/fs.walk': [ '1.2.8' ],
472 silly audit   '@opentelemetry/api': [ '1.9.0' ],
472 silly audit   '@opentelemetry/api-logs': [ '0.52.1' ],
472 silly audit   '@opentelemetry/auto-instrumentations-node': [ '0.49.2' ],
472 silly audit   '@opentelemetry/context-async-hooks': [ '1.25.1' ],
472 silly audit   '@opentelemetry/core': [ '1.25.1', '1.30.1' ],
472 silly audit   '@opentelemetry/semantic-conventions': [ '1.25.1', '1.28.0', '1.37.0' ],
472 silly audit   '@opentelemetry/exporter-jaeger': [ '1.30.1' ],
472 silly audit   '@opentelemetry/resources': [ '1.30.1', '1.25.1' ],
472 silly audit   '@opentelemetry/sdk-trace-base': [ '1.30.1', '1.25.1' ],
472 silly audit   '@opentelemetry/exporter-trace-otlp-grpc': [ '0.52.1' ],
472 silly audit   '@opentelemetry/exporter-trace-otlp-http': [ '0.52.1' ],
472 silly audit   '@opentelemetry/exporter-trace-otlp-proto': [ '0.52.1' ],
472 silly audit   '@opentelemetry/exporter-zipkin': [ '1.25.1' ],
472 silly audit   '@opentelemetry/instrumentation': [ '0.52.1' ],
472 silly audit   '@opentelemetry/instrumentation-amqplib': [ '0.41.0' ],
472 silly audit   '@opentelemetry/instrumentation-aws-lambda': [ '0.43.0' ],
472 silly audit   '@opentelemetry/instrumentation-aws-sdk': [ '0.43.1' ],
472 silly audit   '@opentelemetry/instrumentation-bunyan': [ '0.40.0' ],
472 silly audit   '@opentelemetry/instrumentation-cassandra-driver': [ '0.40.0' ],
472 silly audit   '@opentelemetry/instrumentation-connect': [ '0.38.0' ],
472 silly audit   '@opentelemetry/instrumentation-cucumber': [ '0.8.0' ],
472 silly audit   '@opentelemetry/instrumentation-dataloader': [ '0.11.0' ],
472 silly audit   '@opentelemetry/instrumentation-dns': [ '0.38.0' ],
472 silly audit   '@opentelemetry/instrumentation-express': [ '0.41.1' ],
472 silly audit   '@opentelemetry/instrumentation-fastify': [ '0.38.0' ],
472 silly audit   '@opentelemetry/instrumentation-fs': [ '0.14.0' ],
472 silly audit   '@opentelemetry/instrumentation-generic-pool': [ '0.38.1' ],
472 silly audit   '@opentelemetry/instrumentation-graphql': [ '0.42.0' ],
472 silly audit   '@opentelemetry/instrumentation-grpc': [ '0.52.1' ],
472 silly audit   '@opentelemetry/instrumentation-hapi': [ '0.40.0' ],
472 silly audit   '@opentelemetry/instrumentation-http': [ '0.52.1' ],
472 silly audit   '@opentelemetry/instrumentation-ioredis': [ '0.42.0' ],
472 silly audit   '@opentelemetry/instrumentation-kafkajs': [ '0.2.0' ],
472 silly audit   '@opentelemetry/instrumentation-knex': [ '0.39.0' ],
472 silly audit   '@opentelemetry/instrumentation-koa': [ '0.42.0' ],
472 silly audit   '@opentelemetry/instrumentation-lru-memoizer': [ '0.39.0' ],
472 silly audit   '@opentelemetry/instrumentation-memcached': [ '0.38.0' ],
472 silly audit   '@opentelemetry/instrumentation-mongodb': [ '0.46.0' ],
472 silly audit   '@opentelemetry/instrumentation-mongoose': [ '0.41.0' ],
472 silly audit   '@opentelemetry/instrumentation-mysql': [ '0.40.0' ],
472 silly audit   '@opentelemetry/instrumentation-mysql2': [ '0.40.0' ],
472 silly audit   '@opentelemetry/instrumentation-nestjs-core': [ '0.39.0' ],
472 silly audit   '@opentelemetry/instrumentation-net': [ '0.38.0' ],
472 silly audit   '@opentelemetry/instrumentation-pg': [ '0.43.0' ],
472 silly audit   '@opentelemetry/instrumentation-pino': [ '0.41.0' ],
472 silly audit   '@opentelemetry/instrumentation-redis': [ '0.41.0' ],
472 silly audit   '@opentelemetry/instrumentation-redis-4': [ '0.41.1' ],
472 silly audit   '@opentelemetry/instrumentation-restify': [ '0.40.0' ],
472 silly audit   '@opentelemetry/instrumentation-router': [ '0.39.0' ],
472 silly audit   '@opentelemetry/instrumentation-socket.io': [ '0.41.0' ],
472 silly audit   '@opentelemetry/instrumentation-tedious': [ '0.13.0' ],
472 silly audit   '@opentelemetry/instrumentation-undici': [ '0.5.0' ],
472 silly audit   '@opentelemetry/instrumentation-winston': [ '0.39.0' ],
472 silly audit   '@opentelemetry/otlp-exporter-base': [ '0.52.1' ],
472 silly audit   '@opentelemetry/otlp-grpc-exporter-base': [ '0.52.1' ],
472 silly audit   '@opentelemetry/otlp-transformer': [ '0.52.1' ],
472 silly audit   '@opentelemetry/propagation-utils': [ '0.30.16' ],
472 silly audit   '@opentelemetry/propagator-aws-xray': [ '1.26.2' ],
472 silly audit   '@opentelemetry/propagator-b3': [ '1.25.1' ],
472 silly audit   '@opentelemetry/propagator-jaeger': [ '1.25.1' ],
472 silly audit   '@opentelemetry/redis-common': [ '0.36.2' ],
472 silly audit   '@opentelemetry/resource-detector-alibaba-cloud': [ '0.29.7' ],
472 silly audit   '@opentelemetry/resource-detector-aws': [ '1.12.0' ],
472 silly audit   '@opentelemetry/resource-detector-azure': [ '0.2.12' ],
472 silly audit   '@opentelemetry/resource-detector-container': [ '0.4.4' ],
472 silly audit   '@opentelemetry/resource-detector-gcp': [ '0.29.13' ],
472 silly audit   '@opentelemetry/sdk-logs': [ '0.52.1' ],
472 silly audit   '@opentelemetry/sdk-metrics': [ '1.25.1' ],
472 silly audit   '@opentelemetry/sdk-node': [ '0.52.1' ],
472 silly audit   '@opentelemetry/sdk-trace-node': [ '1.25.1' ],
472 silly audit   '@opentelemetry/sql-common': [ '0.40.1' ],
472 silly audit   '@pkgjs/parseargs': [ '0.11.0' ],
472 silly audit   '@protobufjs/aspromise': [ '1.1.2' ],
472 silly audit   '@protobufjs/base64': [ '1.1.2' ],
472 silly audit   '@protobufjs/codegen': [ '2.0.4' ],
472 silly audit   '@protobufjs/eventemitter': [ '1.1.0' ],
472 silly audit   '@protobufjs/fetch': [ '1.1.0' ],
472 silly audit   '@protobufjs/float': [ '1.0.2' ],
472 silly audit   '@protobufjs/inquire': [ '1.1.0' ],
472 silly audit   '@protobufjs/path': [ '1.1.2' ],
472 silly audit   '@protobufjs/pool': [ '1.1.0' ],
472 silly audit   '@protobufjs/utf8': [ '1.1.0' ],
472 silly audit   '@radix-ui/number': [ '1.1.0' ],
472 silly audit   '@radix-ui/primitive': [ '1.1.1', '1.1.2', '1.1.3' ],
472 silly audit   '@radix-ui/react-accordion': [ '1.2.3' ],
472 silly audit   '@radix-ui/react-collapsible': [ '1.1.3', '1.1.11' ],
472 silly audit   '@radix-ui/react-alert-dialog': [ '1.1.6' ],
472 silly audit   '@radix-ui/react-dialog': [ '1.1.6', '1.1.15' ],
472 silly audit   '@radix-ui/react-slot': [ '1.1.2', '1.2.3' ],
472 silly audit   '@radix-ui/react-arrow': [ '1.1.2' ],
472 silly audit   '@radix-ui/react-avatar': [ '1.1.3' ],
472 silly audit   '@radix-ui/react-checkbox': [ '1.1.4' ],
472 silly audit   '@radix-ui/react-compose-refs': [ '1.1.2', '1.1.1' ],
472 silly audit   '@radix-ui/react-context': [ '1.1.2', '1.1.1' ],
472 silly audit   '@radix-ui/react-id': [ '1.1.1', '1.1.0' ],
472 silly audit   '@radix-ui/react-presence': [ '1.1.4', '1.1.5', '1.1.2' ],
472 silly audit   '@radix-ui/react-primitive': [ '2.1.3', '2.0.2' ],
472 silly audit   '@radix-ui/react-use-controllable-state': [ '1.2.2', '1.1.0' ],
472 silly audit   '@radix-ui/react-use-layout-effect': [ '1.1.1', '1.1.0' ],
472 silly audit   '@radix-ui/react-collection': [ '1.1.2' ],
472 silly audit   '@radix-ui/react-dismissable-layer': [ '1.1.11', '1.1.5' ],
472 silly audit   '@radix-ui/react-focus-guards': [ '1.1.3', '1.1.1' ],
472 silly audit   '@radix-ui/react-focus-scope': [ '1.1.7', '1.1.2' ],
472 silly audit   '@radix-ui/react-portal': [ '1.1.9', '1.1.4' ],
472 silly audit   '@radix-ui/react-use-callback-ref': [ '1.1.1', '1.1.0' ],
472 silly audit   '@radix-ui/react-use-escape-keydown': [ '1.1.1', '1.1.0' ],
472 silly audit   '@radix-ui/react-direction': [ '1.1.0' ],
472 silly audit   '@radix-ui/react-dropdown-menu': [ '2.1.6' ],
472 silly audit   '@radix-ui/react-label': [ '2.1.2' ],
472 silly audit   '@radix-ui/react-menu': [ '2.1.6' ],
472 silly audit   '@radix-ui/react-menubar': [ '1.1.6' ],
472 silly audit   '@radix-ui/react-popover': [ '1.1.6' ],
472 silly audit   '@radix-ui/react-popper': [ '1.2.2' ],
472 silly audit   '@radix-ui/react-progress': [ '1.1.2' ],
472 silly audit   '@radix-ui/react-radio-group': [ '1.2.3' ],
472 silly audit   '@radix-ui/react-roving-focus': [ '1.1.2' ],
472 silly audit   '@radix-ui/react-scroll-area': [ '1.2.3' ],
472 silly audit   '@radix-ui/react-select': [ '2.1.6' ],
472 silly audit   '@radix-ui/react-separator': [ '1.1.2' ],
472 silly audit   '@radix-ui/react-slider': [ '1.2.3' ],
472 silly audit   '@radix-ui/react-switch': [ '1.1.3' ],
472 silly audit   '@radix-ui/react-tabs': [ '1.1.3' ],
472 silly audit   '@radix-ui/react-toast': [ '1.2.6' ],
472 silly audit   '@radix-ui/react-tooltip': [ '1.1.8' ],
472 silly audit   '@radix-ui/react-use-effect-event': [ '0.0.2' ],
472 silly audit   '@radix-ui/react-use-previous': [ '1.1.0' ],
472 silly audit   '@radix-ui/react-use-rect': [ '1.1.0' ],
472 silly audit   '@radix-ui/react-use-size': [ '1.1.0' ],
472 silly audit   '@radix-ui/react-visually-hidden': [ '1.1.2' ],
472 silly audit   '@radix-ui/rect': [ '1.1.0' ],
472 silly audit   '@standard-schema/utils': [ '0.3.0' ],
472 silly audit   '@supabase/auth-js': [ '2.93.1' ],
472 silly audit   '@supabase/cli-darwin-arm64': [ '2.117.0' ],
472 silly audit   '@supabase/cli-darwin-x64': [ '2.117.0' ],
472 silly audit   '@supabase/cli-linux-arm64': [ '2.117.0' ],
472 silly audit   '@supabase/cli-linux-arm64-musl': [ '2.117.0' ],
472 silly audit   '@supabase/cli-linux-x64': [ '2.117.0' ],
472 silly audit   '@supabase/cli-linux-x64-musl': [ '2.117.0' ],
472 silly audit   '@supabase/cli-windows-arm64': [ '2.117.0' ],
472 silly audit   '@supabase/cli-windows-x64': [ '2.117.0' ],
472 silly audit   '@supabase/functions-js': [ '2.93.1' ],
472 silly audit   '@supabase/postgrest-js': [ '2.93.1' ],
472 silly audit   '@supabase/realtime-js': [ '2.93.1' ],
472 silly audit   '@supabase/ssr': [ '0.8.0' ],
472 silly audit   cookie: [ '1.1.1', '0.7.1' ],
472 silly audit   '@supabase/storage-js': [ '2.93.1' ],
472 silly audit   '@supabase/supabase-js': [ '2.93.1' ],
472 silly audit   '@swc/counter': [ '0.1.3' ],
472 silly audit   '@swc/helpers': [ '0.5.15' ],
472 silly audit   '@tootallnate/once': [ '2.0.0' ],
472 silly audit   '@trpc/server': [ '10.45.2' ],
472 silly audit   '@tsconfig/node10': [ '1.0.11' ],
472 silly audit   '@tsconfig/node12': [ '1.0.11' ],
472 silly audit   '@tsconfig/node14': [ '1.0.3' ],
472 silly audit   '@tsconfig/node16': [ '1.0.4' ],
472 silly audit   '@types/aws-lambda': [ '8.10.122' ],
472 silly audit   '@types/bcryptjs': [ '2.4.6' ],
472 silly audit   '@types/body-parser': [ '1.19.6' ],
472 silly audit   '@types/bunyan': [ '1.8.9' ],
472 silly audit   '@types/caseless': [ '0.12.5' ],
472 silly audit   '@types/connect': [ '3.4.36' ],
472 silly audit   '@types/d3-array': [ '3.2.1' ],
472 silly audit   '@types/d3-color': [ '3.1.3' ],
472 silly audit   '@types/d3-ease': [ '3.0.2' ],
472 silly audit   '@types/d3-interpolate': [ '3.0.4' ],
472 silly audit   '@types/d3-path': [ '3.1.1', '1.0.11' ],
472 silly audit   '@types/d3-scale': [ '4.0.9' ],
472 silly audit   '@types/d3-shape': [ '3.1.7', '1.3.12' ],
472 silly audit   '@types/d3-time': [ '3.0.4' ],
472 silly audit   '@types/d3-timer': [ '3.0.2' ],
472 silly audit   '@types/express': [ '4.17.23' ],
472 silly audit   '@types/express-serve-static-core': [ '4.19.6' ],
472 silly audit   '@types/http-errors': [ '2.0.5' ],
472 silly audit   '@types/json-schema': [ '7.0.15' ],
472 silly audit   '@types/jsonwebtoken': [ '9.0.10' ],
472 silly audit   '@types/long': [ '4.0.2' ],
472 silly audit   '@types/memcached': [ '2.2.10' ],
472 silly audit   '@types/mime': [ '1.3.5' ],
472 silly audit   '@types/ms': [ '2.1.0' ],
472 silly audit   '@types/mysql': [ '2.15.22' ],
472 silly audit   '@types/nodemailer': [ '8.0.1' ],
472 silly audit   '@types/pg': [ '8.6.1' ],
472 silly audit   '@types/pg-pool': [ '2.0.4' ],
472 silly audit   '@types/phoenix': [ '1.6.7' ],
472 silly audit   '@types/prop-types': [ '15.7.14' ],
472 silly audit   '@types/qrcode': [ '1.5.6' ],
472 silly audit   '@types/qs': [ '6.14.0' ],
472 silly audit   '@types/range-parser': [ '1.2.7' ],
472 silly audit   '@types/react': [ '18.3.18' ],
472 silly audit   '@types/react-dom': [ '18.3.5' ],
472 silly audit   '@types/recharts': [ '1.8.29' ],
472 silly audit   '@types/request': [ '2.48.13' ],
472 silly audit   'form-data': [ '2.5.5', '4.0.4' ],
472 silly audit   '@types/send': [ '0.17.5' ],
472 silly audit   '@types/serve-static': [ '1.15.8' ],
472 silly audit   '@types/shimmer': [ '1.2.0' ],
472 silly audit   '@types/tedious': [ '4.0.14' ],
472 silly audit   '@types/tough-cookie': [ '4.0.5' ],
472 silly audit   '@types/triple-beam': [ '1.3.5' ],
472 silly audit   '@types/ws': [ '8.18.1' ],
472 silly audit   '@types/yauzl': [ '2.10.3' ],
472 silly audit   '@yarnpkg/lockfile': [ '1.1.0' ],
472 silly audit   'abort-controller': [ '3.0.0' ],
472 silly audit   acorn: [ '8.15.0' ],
472 silly audit   'acorn-import-attributes': [ '1.9.5' ],
472 silly audit   'acorn-walk': [ '8.3.4' ],
472 silly audit   'adler-32': [ '1.3.1' ],
472 silly audit   'adm-zip': [ '0.5.16' ],
472 silly audit   'agent-base': [ '7.1.3', '6.0.2' ],
472 silly audit   'ajv-formats': [ '3.0.1' ],
472 silly audit   'ansi-color': [ '0.2.1' ],
472 silly audit   'any-promise': [ '1.3.0' ],
472 silly audit   anymatch: [ '3.1.3' ],
472 silly audit   archiver: [ '5.3.2' ],
472 silly audit   'archiver-utils': [ '2.1.0', '3.0.4' ],
472 silly audit   'brace-expansion': [ '1.1.18', '2.0.1', '1.1.11' ],
472 silly audit   glob: [ '7.2.3', '10.4.5' ],
472 silly audit   isarray: [ '1.0.0', '2.0.5' ],
472 silly audit   minimatch: [ '3.1.5', '9.0.5', '5.1.9', '3.1.2' ],
472 silly audit   'readable-stream': [ '2.3.8', '3.6.2' ],
472 silly audit   'safe-buffer': [ '5.1.2', '5.2.1' ],
472 silly audit   string_decoder: [ '1.1.1', '1.3.0' ],
472 silly audit   arg: [ '5.0.2', '4.1.3' ],
472 silly audit   argparse: [ '2.0.1' ],
472 silly audit   'aria-hidden': [ '1.2.4' ],
472 silly audit   'array-flatten': [ '1.1.1' ],
472 silly audit   arrify: [ '2.0.1' ],
472 silly audit   async: [ '3.2.6' ],
472 silly audit   'async-mutex': [ '0.5.0' ],
472 silly audit   'async-retry': [ '1.3.3' ],
472 silly audit   asynckit: [ '0.4.0' ],
472 silly audit   'at-least-node': [ '1.0.0' ],
472 silly audit   axios: [ '1.12.2' ],
472 silly audit   'balanced-match': [ '1.0.2' ],
472 silly audit   'base64-js': [ '1.5.1' ],
472 silly audit   bcryptjs: [ '3.0.3' ],
472 silly audit   'big-integer': [ '1.6.52' ],
472 silly audit   'bignumber.js': [ '9.1.2' ],
472 silly audit   binary: [ '0.3.0' ],
472 silly audit   'binary-extensions': [ '2.3.0' ],
472 silly audit   bl: [ '4.1.0' ],
472 silly audit   bluebird: [ '3.4.7' ],
472 silly audit   braces: [ '3.0.3' ],
472 silly audit   buffer: [ '5.7.1' ],
472 silly audit   'buffer-crc32': [ '0.2.13' ],
472 silly audit   'buffer-equal-constant-time': [ '1.0.1' ],
472 silly audit   'buffer-indexof-polyfill': [ '1.0.2' ],
472 silly audit   buffers: [ '0.1.1' ],
472 silly audit   bufrw: [ '1.4.0' ],
472 silly audit   busboy: [ '1.6.0' ],
472 silly audit   bytes: [ '3.1.2' ],
472 silly audit   'call-bind': [ '1.0.8' ],
472 silly audit   'call-bind-apply-helpers': [ '1.0.1' ],
472 silly audit   'call-bound': [ '1.0.3' ],
472 silly audit   camelcase: [ '5.3.1' ],
472 silly audit   'camelcase-css': [ '2.0.1' ],
472 silly audit   'caniuse-lite': [ '1.0.30001699' ],
472 silly audit   cfb: [ '1.2.2' ],
472 silly audit   chainsaw: [ '0.1.0' ],
472 silly audit   chalk: [ '4.1.2' ],
472 silly audit   chardet: [ '2.1.0' ],
472 silly audit   chokidar: [ '3.6.0' ],
472 silly audit   'glob-parent': [ '5.1.2', '6.0.2' ],
472 silly audit   'ci-info': [ '3.9.0' ],
472 silly audit   'cjs-module-lexer': [ '1.4.3' ],
472 silly audit   'class-variance-authority': [ '0.7.1' ],
472 silly audit   'cli-cursor': [ '3.1.0' ],
472 silly audit   'cli-spinners': [ '2.9.2' ],
472 silly audit   'cli-width': [ '4.1.0' ],
472 silly audit   'client-only': [ '0.0.1' ],
472 silly audit   cliui: [ '8.0.1', '6.0.0' ],
472 silly audit   clone: [ '1.0.4' ],
472 silly audit   clsx: [ '2.1.1' ],
472 silly audit   cmdk: [ '1.1.1' ],
472 silly audit   codepage: [ '1.15.0' ],
472 silly audit   color: [ '4.2.3', '3.2.1' ],
472 silly audit   'color-convert': [ '2.0.1', '1.9.3' ],
472 silly audit   'color-name': [ '1.1.4', '1.1.3' ],
472 silly audit   'color-string': [ '1.9.1' ],
472 silly audit   colorette: [ '2.0.20' ],
472 silly audit   colorspace: [ '1.1.4' ],
472 silly audit   'combined-stream': [ '1.0.8' ],
472 silly audit   'compress-commons': [ '4.1.2' ],
472 silly audit   'concat-map': [ '0.0.1' ],
472 silly audit   configstore: [ '5.0.1' ],
472 silly audit   'dot-prop': [ '5.3.0', '6.0.1' ],
472 silly audit   'content-type': [ '1.0.5' ],
472 silly audit   'core-util-is': [ '1.0.3' ],
472 silly audit   cors: [ '2.8.5' ],
472 silly audit   'crc-32': [ '1.2.2' ],
472 silly audit   'crc32-stream': [ '4.0.3' ],
472 silly audit   'create-require': [ '1.1.1' ],
472 silly audit   'cross-spawn': [ '7.0.6' ],
472 silly audit   'crypto-random-string': [ '2.0.0' ],
472 silly audit   cssesc: [ '3.0.0' ],
472 silly audit   csstype: [ '3.1.3' ],
472 silly audit   'd3-array': [ '3.2.4' ],
472 silly audit   'd3-color': [ '3.1.0' ],
472 silly audit   'd3-ease': [ '3.0.1' ],
472 silly audit   'd3-format': [ '3.1.0' ],
472 silly audit   'd3-interpolate': [ '3.0.1' ],
472 silly audit   'd3-path': [ '3.1.0' ],
472 silly audit   'd3-scale': [ '4.0.2' ],
472 silly audit   'd3-shape': [ '3.2.0' ],
472 silly audit   'd3-time': [ '3.1.0' ],
472 silly audit   'd3-time-format': [ '4.1.0' ],
472 silly audit   'd3-timer': [ '3.0.1' ],
472 silly audit   'data-uri-to-buffer': [ '4.0.1' ],
472 silly audit   'date-fns': [ '3.6.0' ],
472 silly audit   dayjs: [ '1.11.23' ],
472 silly audit   decamelize: [ '1.2.0' ],
472 silly audit   'decimal.js-light': [ '2.5.1' ],
472 silly audit   deeks: [ '3.1.0' ],
472 silly audit   defaults: [ '1.0.4' ],
472 silly audit   'define-data-property': [ '1.1.4' ],
472 silly audit   'delayed-stream': [ '1.0.0' ],
472 silly audit   depd: [ '2.0.0' ],
472 silly audit   destroy: [ '1.2.0' ],
472 silly audit   'detect-libc': [ '2.0.4' ],
472 silly audit   'detect-node-es': [ '1.1.0' ],
472 silly audit   didyoumean: [ '1.2.2' ],
472 silly audit   diff: [ '4.0.2' ],
472 silly audit   dijkstrajs: [ '1.0.3' ],
472 silly audit   dlv: [ '1.1.3' ],
472 silly audit   'doc-path': [ '4.1.1' ],
472 silly audit   'dom-helpers': [ '5.2.1' ],
472 silly audit   dotenv: [ '16.5.0' ],
472 silly audit   dotprompt: [ '1.1.2' ],
472 silly audit   'dunder-proto': [ '1.0.1' ],
472 silly audit   duplexer: [ '0.1.2' ],
472 silly audit   duplexer2: [ '0.1.4' ],
472 silly audit   duplexify: [ '4.1.3' ],
472 silly audit   eastasianwidth: [ '0.2.0' ],
472 silly audit   'ecdsa-sig-formatter': [ '1.0.11' ],
472 silly audit   eciesjs: [ '0.5.0' ],
472 silly audit   'ee-first': [ '1.1.1' ],
472 silly audit   'embla-carousel': [ '8.6.0' ],
472 silly audit   'embla-carousel-react': [ '8.6.0' ],
472 silly audit   'embla-carousel-reactive-utils': [ '8.6.0' ],
472 silly audit   enabled: [ '2.0.0' ],
472 silly audit   encodeurl: [ '2.0.0', '1.0.2' ],
472 silly audit   'end-of-stream': [ '1.4.4' ],
472 silly audit   error: [ '7.0.2' ],
472 silly audit   'es-define-property': [ '1.0.1' ],
472 silly audit   'es-errors': [ '1.3.0' ],
472 silly audit   'es-object-atoms': [ '1.1.1' ],
472 silly audit   'es-set-tostringtag': [ '2.1.0' ],
472 silly audit   esbuild: [ '0.25.10' ],
472 silly audit   escalade: [ '3.2.0' ],
472 silly audit   'escape-html': [ '1.0.3' ],
472 silly audit   etag: [ '1.8.1' ],
472 silly audit   'event-stream': [ '3.3.4' ],
472 silly audit   'event-target-shim': [ '5.0.1' ],
472 silly audit   eventemitter3: [ '4.0.7' ],
472 silly audit   eventid: [ '2.0.1' ],
472 silly audit   eventsource: [ '3.0.7' ],
472 silly audit   'eventsource-parser': [ '3.0.6' ],
472 silly audit   exceljs: [ '4.4.0' ],
472 silly audit   tmp: [ '0.2.7', '0.0.33' ],
472 silly audit   'express-rate-limit': [ '7.5.1' ],
472 silly audit   extend: [ '3.0.2' ],
472 silly audit   'extract-zip': [ '2.0.1' ],
472 silly audit   'farmhash-modern': [ '1.1.0' ],
472 silly audit   'fast-csv': [ '4.3.6' ],
472 silly audit   'fast-deep-equal': [ '3.1.3' ],
472 silly audit   'fast-equals': [ '5.2.2' ],
472 silly audit   'fast-glob': [ '3.3.3' ],
472 silly audit   'fast-json-stable-stringify': [ '2.1.0' ],
472 silly audit   'fast-uri': [ '3.1.0' ],
472 silly audit   'fast-xml-parser': [ '4.5.3' ],
472 silly audit   fastq: [ '1.19.0' ],
472 silly audit   'faye-websocket': [ '0.11.4' ],
472 silly audit   'fd-slicer': [ '1.1.0' ],
472 silly audit   fecha: [ '4.2.3' ],
472 silly audit   'fetch-blob': [ '3.2.0' ],
472 silly audit   'fill-range': [ '7.1.1' ],
472 silly audit   'find-up': [ '4.1.0' ],
472 silly audit   'find-yarn-workspace-root': [ '2.0.0' ],
472 silly audit   'firebase-admin': [ '13.5.0' ],
472 silly audit   'undici-types': [ '6.21.0', '6.19.8' ],
472 silly audit   'fn.name': [ '1.1.0' ],
472 silly audit   'follow-redirects': [ '1.15.11' ],
472 silly audit   'foreground-child': [ '3.3.0' ],
472 silly audit   'formdata-polyfill': [ '4.0.10' ],
472 silly audit   forwarded: [ '0.2.0' ],
472 silly audit   frac: [ '1.1.2' ],
472 silly audit   from: [ '0.1.7' ],
472 silly audit   'fs-constants': [ '1.0.0' ],
472 silly audit   'fs-extra': [ '9.1.0' ],
472 silly audit   'fs.realpath': [ '1.0.0' ],
472 silly audit   fsevents: [ '2.3.3' ],
472 silly audit   fstream: [ '1.0.12' ],
472 silly audit   'function-bind': [ '1.1.2' ],
472 silly audit   'functional-red-black-tree': [ '1.0.1' ],
472 silly audit   gaxios: [ '6.7.1' ],
472 silly audit   'node-fetch': [ '2.7.0', '3.3.2' ],
472 silly audit   'gcp-metadata': [ '6.1.1' ],
472 silly audit   genkit: [ '1.20.0' ],
472 silly audit   'genkit-cli': [ '1.20.0' ],
472 silly audit   'get-caller-file': [ '2.0.5' ],
472 silly audit   'get-intrinsic': [ '1.2.7' ],
472 silly audit   'get-nonce': [ '1.0.1' ],
472 silly audit   'get-port': [ '5.1.1' ],
472 silly audit   'get-proto': [ '1.0.1' ],
472 silly audit   'get-stream': [ '5.2.0' ],
472 silly audit   'get-tsconfig': [ '4.10.1' ],
472 silly audit   'google-auth-library': [ '9.15.1' ],
472 silly audit   'google-gax': [ '4.6.1' ],
472 silly audit   'google-logging-utils': [ '0.0.2' ],
472 silly audit   googleapis: [ '137.1.0' ],
472 silly audit   'googleapis-common': [ '7.2.0' ],
472 silly audit   gopd: [ '1.2.0' ],
472 silly audit   'graceful-fs': [ '4.2.11' ],
472 silly audit   gtoken: [ '7.1.0' ],
472 silly audit   handlebars: [ '4.7.8' ],
472 silly audit   'has-flag': [ '4.0.0' ],
472 silly audit   'has-property-descriptors': [ '1.0.2' ],
472 silly audit   'has-symbols': [ '1.1.0' ],
472 silly audit   'has-tostringtag': [ '1.0.2' ],
472 silly audit   hasown: [ '2.0.2' ],
472 silly audit   hexer: [ '1.5.0' ],
472 silly audit   'html-entities': [ '2.6.0' ],
472 silly audit   'html5-qrcode': [ '2.3.8' ],
472 silly audit   'http-errors': [ '2.0.0' ],
472 silly audit   'http-parser-js': [ '0.5.10' ],
472 silly audit   'http-proxy-agent': [ '5.0.0' ],
472 silly audit   'https-proxy-agent': [ '7.0.6', '5.0.1' ],
472 silly audit   'iceberg-js': [ '0.8.1' ],
472 silly audit   ieee754: [ '1.2.1' ],
472 silly audit   immediate: [ '3.0.6' ],
472 silly audit   'import-in-the-middle': [ '1.14.4' ],
472 silly audit   imurmurhash: [ '0.1.4' ],
472 silly audit   inflight: [ '1.0.6' ],
472 silly audit   inherits: [ '2.0.4' ],
472 silly audit   internmap: [ '2.0.3' ],
472 silly audit   'ipaddr.js': [ '1.9.1' ],
472 silly audit   'is-arrayish': [ '0.3.2' ],
472 silly audit   'is-binary-path': [ '2.1.0' ],
472 silly audit   'is-core-module': [ '2.16.1' ],
472 silly audit   'is-docker': [ '2.2.1' ],
472 silly audit   'is-extglob': [ '2.1.1' ],
472 silly audit   'is-fullwidth-code-point': [ '3.0.0' ],
472 silly audit   'is-glob': [ '4.0.3' ],
472 silly audit   'is-interactive': [ '1.0.0' ],
472 silly audit   'is-number': [ '7.0.0' ],
472 silly audit   'is-obj': [ '2.0.0' ],
472 silly audit   'is-promise': [ '4.0.0' ],
472 silly audit   'is-stream': [ '2.0.1' ],
472 silly audit   'is-typedarray': [ '1.0.0' ],
472 silly audit   'is-unicode-supported': [ '0.1.0' ],
472 silly audit   'is-wsl': [ '1.1.0', '2.2.0' ],
472 silly audit   isexe: [ '2.0.0' ],
472 silly audit   jackspeak: [ '3.4.3' ],
472 silly audit   'jaeger-client': [ '3.19.0' ],
472 silly audit   jiti: [ '1.21.7' ],
472 silly audit   jodit: [ '4.7.9' ],
472 silly audit   'jodit-react': [ '4.1.2' ],
472 silly audit   jose: [ '6.2.12', '4.15.9' ],
472 silly audit   'js-tokens': [ '4.0.0' ],
472 silly audit   'js-yaml': [ '4.1.0' ],
472 silly audit   'json-2-csv': [ '5.5.9' ],
472 silly audit   'json-bigint': [ '1.0.0' ],
472 silly audit   'json-schema': [ '0.4.0' ],
472 silly audit   'json-stable-stringify': [ '1.2.1' ],
472 silly audit   json5: [ '2.2.3' ],
472 silly audit   jsonfile: [ '6.1.0' ],
472 silly audit   jsonify: [ '0.0.1' ],
472 silly audit   jsonwebtoken: [ '9.0.2' ],
472 silly audit   jwa: [ '1.4.2', '2.0.0' ],
472 silly audit   jws: [ '3.2.2', '4.0.0' ],
472 silly audit   jszip: [ '3.10.1' ],
472 silly audit   'jwks-rsa': [ '3.2.0' ],
472 silly audit   'klaw-sync': [ '6.0.0' ],
472 silly audit   kuler: [ '2.0.0' ],
472 silly audit   lazystream: [ '1.0.1' ],
472 silly audit   lie: [ '3.3.0' ],
472 silly audit   lilconfig: [ '3.1.3' ],
472 silly audit   limiter: [ '1.1.5' ],
472 silly audit   'lines-and-columns': [ '1.2.4' ],
472 silly audit   listenercount: [ '1.0.1' ],
472 silly audit   'locate-path': [ '5.0.0' ],
472 silly audit   lockfile: [ '1.0.4' ],
472 silly audit   'signal-exit': [ '3.0.7', '4.1.0' ],
472 silly audit   lodash: [ '4.17.21' ],
472 silly audit   'lodash.camelcase': [ '4.3.0' ],
472 silly audit   'lodash.clonedeep': [ '4.5.0' ],
472 silly audit   'lodash.defaults': [ '4.2.0' ],
472 silly audit   'lodash.difference': [ '4.5.0' ],
472 silly audit   'lodash.escaperegexp': [ '4.1.2' ],
472 silly audit   'lodash.flatten': [ '4.4.0' ],
472 silly audit   'lodash.groupby': [ '4.6.0' ],
472 silly audit   'lodash.includes': [ '4.3.0' ],
472 silly audit   'lodash.isboolean': [ '3.0.3' ],
472 silly audit   'lodash.isequal': [ '4.5.0' ],
472 silly audit   'lodash.isfunction': [ '3.0.9' ],
472 silly audit   'lodash.isinteger': [ '4.0.4' ],
472 silly audit   'lodash.isnil': [ '4.0.0' ],
472 silly audit   'lodash.isnumber': [ '3.0.3' ],
472 silly audit   'lodash.isplainobject': [ '4.0.6' ],
472 silly audit   'lodash.isstring': [ '4.0.1' ],
472 silly audit   'lodash.isundefined': [ '3.0.1' ],
472 silly audit   'lodash.mapvalues': [ '4.6.0' ],
472 silly audit   'lodash.merge': [ '4.6.2' ],
472 silly audit   'lodash.once': [ '4.1.1' ],
472 silly audit   'lodash.union': [ '4.6.0' ],
472 silly audit   'lodash.uniq': [ '4.5.0' ],
472 silly audit   'log-symbols': [ '4.1.0' ],
472 silly audit   logform: [ '2.7.0' ],
472 silly audit   long: [ '5.3.0', '2.4.0' ],
472 silly audit   'loose-envify': [ '1.4.0' ],
472 silly audit   'lru-cache': [ '10.4.3', '6.0.0' ],
472 silly audit   'lru-memoizer': [ '2.3.0' ],
472 silly audit   'lucide-react': [ '0.475.0' ],
472 silly audit   'make-dir': [ '3.1.0' ],
472 silly audit   semver: [ '6.3.1', '7.7.2' ],
472 silly audit   'make-error': [ '1.3.6' ],
472 silly audit   'map-stream': [ '0.1.0' ],
472 silly audit   'math-intrinsics': [ '1.1.0' ],
472 silly audit   merge2: [ '1.4.1' ],
472 silly audit   methods: [ '1.1.2' ],
472 silly audit   micromatch: [ '4.0.8' ],
472 silly audit   mime: [ '3.0.0', '1.6.0' ],
472 silly audit   'mimic-fn': [ '2.1.0' ],
472 silly audit   minimist: [ '1.2.8' ],
472 silly audit   minipass: [ '7.1.2' ],
472 silly audit   mkdirp: [ '0.5.6' ],
472 silly audit   'module-details-from-path': [ '1.0.4' ],
472 silly audit   'mute-stream': [ '2.0.0' ],
472 silly audit   mz: [ '2.7.0' ],
472 silly audit   nanoid: [ '3.3.8' ],
472 silly audit   'neo-async': [ '2.6.2' ],
472 silly audit   next: [ '15.3.8' ],
472 silly audit   '@next/swc-darwin-arm64': [ '15.3.5' ],
472 silly audit   postcss: [ '8.4.31', '8.5.2' ],
472 silly audit   'node-domexception': [ '1.0.0' ],
472 silly audit   'node-forge': [ '1.3.1' ],
472 silly audit   'node-int64': [ '0.4.0' ],
472 silly audit   nodemailer: [ '9.0.5' ],
472 silly audit   'normalize-path': [ '3.0.0' ],
472 silly audit   'object-assign': [ '4.1.1' ],
472 silly audit   'object-hash': [ '3.0.0' ],
472 silly audit   'object-inspect': [ '1.13.4' ],
472 silly audit   'object-keys': [ '1.1.1' ],
472 silly audit   'on-finished': [ '2.4.1' ],
472 silly audit   once: [ '1.4.0' ],
472 silly audit   'one-time': [ '1.0.0' ],
472 silly audit   onetime: [ '5.1.2' ],
472 silly audit   open: [ '6.4.0', '7.4.2' ],
472 silly audit   'openapi3-ts': [ '4.5.0' ],
472 silly audit   opentracing: [ '0.14.7' ],
472 silly audit   ora: [ '5.4.1' ],
472 silly audit   'os-tmpdir': [ '1.0.2' ],
472 silly audit   'p-limit': [ '3.1.0', '2.3.0' ],
472 silly audit   'p-locate': [ '4.1.0' ],
472 silly audit   'p-try': [ '2.2.0' ],
472 silly audit   'package-json-from-dist': [ '1.0.1' ],
472 silly audit   pako: [ '1.0.11' ],
472 silly audit   parseurl: [ '1.3.3' ],
472 silly audit   'partial-json': [ '0.1.7' ],
472 silly audit   'patch-package': [ '8.0.0' ],
472 silly audit   'path-exists': [ '4.0.0' ],
472 silly audit   'path-is-absolute': [ '1.0.1' ],
472 silly audit   'path-key': [ '3.1.1' ],
472 silly audit   'path-parse': [ '1.0.7' ],
472 silly audit   'path-scurry': [ '1.11.1' ],
472 silly audit   'path-to-regexp': [ '0.1.12', '8.3.0' ],
472 silly audit   'pause-stream': [ '0.0.11' ],
472 silly audit   pend: [ '1.2.0' ],
472 silly audit   'pg-int8': [ '1.0.1' ],
472 silly audit   'pg-protocol': [ '1.10.3' ],
472 silly audit   'pg-types': [ '2.2.0' ],
472 silly audit   picocolors: [ '1.1.1' ],
472 silly audit   picomatch: [ '2.3.1' ],
472 silly audit   pify: [ '2.3.0' ],
472 silly audit   pirates: [ '4.0.6' ],
472 silly audit   'pkce-challenge': [ '5.0.0' ],
472 silly audit   pngjs: [ '5.0.0' ],
472 silly audit   'postcss-import': [ '15.1.0' ],
472 silly audit   'postcss-js': [ '4.0.1' ],
472 silly audit   'postcss-load-config': [ '4.0.2' ],
472 silly audit   'postcss-nested': [ '6.2.0' ],
472 silly audit   'postcss-selector-parser': [ '6.1.2' ],
472 silly audit   'postcss-value-parser': [ '4.2.0' ],
472 silly audit   'postgres-array': [ '2.0.0' ],
472 silly audit   'postgres-bytea': [ '1.0.0' ],
472 silly audit   'postgres-date': [ '1.0.7' ],
472 silly audit   'postgres-interval': [ '1.2.0' ],
472 silly audit   process: [ '0.10.1' ],
472 silly audit   'process-nextick-args': [ '2.0.1' ],
472 silly audit   'prop-types': [ '15.8.1' ],
472 silly audit   'react-is': [ '16.13.1', '18.3.1' ],
472 silly audit   'proto3-json-serializer': [ '2.0.2' ],
472 silly audit   protobufjs: [ '7.5.4' ],
472 silly audit   'proxy-addr': [ '2.0.7' ],
472 silly audit   'proxy-from-env': [ '1.1.0' ],
472 silly audit   'ps-tree': [ '1.2.0' ],
472 silly audit   pump: [ '3.0.2' ],
472 silly audit   pumpify: [ '2.0.1' ],
472 silly audit   punycode: [ '2.3.1' ],
472 silly audit   qrcode: [ '1.5.4' ],
472 silly audit   y18n: [ '4.0.3', '5.0.8' ],
472 silly audit   yargs: [ '15.4.1', '17.7.2' ],
472 silly audit   'yargs-parser': [ '18.1.3', '21.1.1' ],
472 silly audit   'queue-microtask': [ '1.2.3' ],
472 silly audit   'range-parser': [ '1.2.1' ],
472 silly audit   react: [ '18.3.1' ],
472 silly audit   'react-day-picker': [ '8.10.1' ],
472 silly audit   'react-dom': [ '18.3.1' ],
472 silly audit   'react-hook-form': [ '7.54.2' ],
472 silly audit   'react-remove-scroll': [ '2.6.3' ],
472 silly audit   'react-remove-scroll-bar': [ '2.3.8' ],
472 silly audit   'react-smooth': [ '4.0.4' ],
472 silly audit   'react-style-singleton': [ '2.2.3' ],
472 silly audit   'react-transition-group': [ '4.4.5' ],
472 silly audit   'read-cache': [ '1.0.0' ],
472 silly audit   'readdir-glob': [ '1.1.3' ],
472 silly audit   readdirp: [ '3.6.0' ],
472 silly audit   recharts: [ '2.15.1' ],
472 silly audit   'recharts-scale': [ '0.4.5' ],
472 silly audit   'regenerator-runtime': [ '0.14.1' ],
472 silly audit   'require-directory': [ '2.1.1' ],
472 silly audit   'require-from-string': [ '2.0.2' ],
472 silly audit   'require-in-the-middle': [ '7.5.2' ],
472 silly audit   'require-main-filename': [ '2.0.0' ],
472 silly audit   resolve: [ '1.22.10' ],
472 silly audit   'resolve-pkg-maps': [ '1.0.0' ],
472 silly audit   'restore-cursor': [ '3.1.0' ],
472 silly audit   retry: [ '0.13.1' ],
472 silly audit   'retry-request': [ '7.0.2' ],
472 silly audit   reusify: [ '1.0.4' ],
472 silly audit   rimraf: [ '2.7.1' ],
472 silly audit   router: [ '2.2.0' ],
472 silly audit   'run-parallel': [ '1.2.0' ],
472 silly audit   'safe-stable-stringify': [ '2.5.0' ],
472 silly audit   'safer-buffer': [ '2.1.2' ],
472 silly audit   saxes: [ '5.0.1' ],
472 silly audit   scheduler: [ '0.23.2' ],
472 silly audit   'set-blocking': [ '2.0.0' ],
472 silly audit   'set-function-length': [ '1.2.2' ],
472 silly audit   setimmediate: [ '1.0.5' ],
472 silly audit   setprototypeof: [ '1.2.0' ],
472 silly audit   sharp: [ '0.34.2' ],
472 silly audit   'shebang-command': [ '2.0.0' ],
472 silly audit   'shebang-regex': [ '3.0.0' ],
472 silly audit   shimmer: [ '1.2.1' ],
472 silly audit   'side-channel': [ '1.1.0' ],
472 silly audit   'side-channel-list': [ '1.0.0' ],
472 silly audit   'side-channel-map': [ '1.0.1' ],
472 silly audit   'side-channel-weakmap': [ '1.0.2' ],
472 silly audit   'simple-swizzle': [ '0.2.2' ],
472 silly audit   slash: [ '2.0.0' ],
472 silly audit   'source-map': [ '0.6.1' ],
472 silly audit   'source-map-js': [ '1.2.1' ],
472 silly audit   split: [ '0.3.3' ],
472 silly audit   ssf: [ '0.11.2' ],
472 silly audit   'stack-trace': [ '0.0.10' ],
472 silly audit   statuses: [ '2.0.1' ],
472 silly audit   'stream-combiner': [ '0.0.4' ],
472 silly audit   'stream-events': [ '1.0.5' ],
472 silly audit   'stream-shift': [ '1.0.3' ],
472 silly audit   streamsearch: [ '1.1.0' ],
472 silly audit   'string-template': [ '0.2.1' ],
472 silly audit   strnum: [ '1.1.2' ],
472 silly audit   stubs: [ '3.0.0' ],
472 silly audit   'styled-jsx': [ '5.1.6' ],
472 silly audit   sucrase: [ '3.35.0' ],
472 silly audit   supabase: [ '2.117.0' ],
472 silly audit   'supports-color': [ '7.2.0' ],
472 silly audit   'supports-preserve-symlinks-flag': [ '1.0.0' ],
472 silly audit   'tailwind-merge': [ '3.0.1' ],
472 silly audit   tailwindcss: [ '3.4.17' ],
472 silly audit   'tailwindcss-animate': [ '1.0.7' ],
472 silly audit   'tar-stream': [ '2.2.0' ],
472 silly audit   'teeny-request': [ '9.0.0' ],
472 silly audit   terminate: [ '2.8.0' ],
472 silly audit   'text-hex': [ '1.0.0' ],
472 silly audit   thenify: [ '3.3.1' ],
472 silly audit   'thenify-all': [ '1.6.0' ],
472 silly audit   thriftrw: [ '3.11.4' ],
472 silly audit   through: [ '2.3.8' ],
472 silly audit   'tiny-invariant': [ '1.3.3' ],
472 silly audit   'to-regex-range': [ '5.0.1' ],
472 silly audit   toidentifier: [ '1.0.1' ],
472 silly audit   tr46: [ '0.0.3' ],
472 silly audit   traverse: [ '0.3.9' ],
472 silly audit   'triple-beam': [ '1.4.1' ],
472 silly audit   'ts-interface-checker': [ '0.1.13' ],
472 silly audit   'ts-node': [ '10.9.2' ],
472 silly audit   tslib: [ '2.8.1' ],
472 silly audit   tsx: [ '4.20.6' ],
472 silly audit   'typedarray-to-buffer': [ '3.1.5' ],
472 silly audit   typescript: [ '5.7.3' ],
472 silly audit   'uglify-js': [ '3.19.3' ],
472 silly audit   'unique-string': [ '2.0.0' ],
472 silly audit   universalify: [ '2.0.1' ],
472 silly audit   unpipe: [ '1.0.0' ],
472 silly audit   unzipper: [ '0.10.14' ],
472 silly audit   'uri-js': [ '4.4.1' ],
472 silly audit   'uri-templates': [ '0.2.0' ],
472 silly audit   'url-template': [ '2.0.8' ],
472 silly audit   'use-callback-ref': [ '1.3.3' ],
472 silly audit   'use-sidecar': [ '1.1.3' ],
472 silly audit   'util-deprecate': [ '1.0.2' ],
472 silly audit   'utils-merge': [ '1.0.1' ],
472 silly audit   'v8-compile-cache-lib': [ '3.0.1' ],
472 silly audit   vary: [ '1.1.2' ],
472 silly audit   'victory-vendor': [ '36.9.2' ],
472 silly audit   wcwidth: [ '1.0.1' ],
472 silly audit   'web-streams-polyfill': [ '3.3.3' ],
472 silly audit   'webidl-conversions': [ '3.0.1' ],
472 silly audit   'websocket-driver': [ '0.7.4' ],
472 silly audit   'websocket-extensions': [ '0.1.4' ],
472 silly audit   'whatwg-url': [ '5.0.0' ],
472 silly audit   which: [ '2.0.2' ],
472 silly audit   'which-module': [ '2.0.1' ],
472 silly audit   winston: [ '3.17.0' ],
472 silly audit   'winston-transport': [ '4.9.0' ],
472 silly audit   wmf: [ '1.0.2' ],
472 silly audit   word: [ '0.3.0' ],
472 silly audit   wordwrap: [ '1.0.0' ],
472 silly audit   wrappy: [ '1.0.2' ],
472 silly audit   'write-file-atomic': [ '3.0.3' ],
472 silly audit   ws: [ '8.19.0' ],
472 silly audit   'xdg-basedir': [ '4.0.0' ],
472 silly audit   xlsx: [ '0.18.5' ],
472 silly audit   xmlchars: [ '2.2.0' ],
472 silly audit   xorshift: [ '1.2.0' ],
472 silly audit   xtend: [ '4.0.2' ],
472 silly audit   yallist: [ '4.0.0' ],
472 silly audit   yaml: [ '2.8.0' ],
472 silly audit   yauzl: [ '2.10.0' ],
472 silly audit   yn: [ '3.1.1' ],
472 silly audit   'yocto-queue': [ '0.1.0' ],
472 silly audit   'yoctocolors-cjs': [ '2.1.3' ],
472 silly audit   'zip-stream': [ '4.1.1' ],
472 silly audit   zod: [ '3.24.2' ],
472 silly audit   'zod-to-json-schema': [ '3.24.6' ]
472 silly audit }
473 verbose audit error FetchError: request to https://registry.npmjs.org/-/npm/v1/security/advisories/bulk failed, reason: getaddrinfo ENOTFOUND registry.npmjs.org
473 verbose audit error     at ClientRequest.<anonymous> (/opt/homebrew/Cellar/node@24/24.16.0/lib/node_modules/npm/node_modules/minipass-fetch/lib/index.js:130:14)
473 verbose audit error     at ClientRequest.emit (node:events:509:28)
473 verbose audit error     at emitErrorEvent (node:_http_client:109:11)
473 verbose audit error     at _destroy (node:_http_client:993:9)
473 verbose audit error     at onSocketNT (node:_http_client:1014:5)
473 verbose audit error     at process.processTicksAndRejections (node:internal/process/task_queues:91:21) {
473 verbose audit error   code: 'ENOTFOUND',
473 verbose audit error   errno: 'ENOTFOUND',
473 verbose audit error   syscall: 'getaddrinfo',
473 verbose audit error   hostname: 'registry.npmjs.org',
473 verbose audit error   type: 'system'
473 verbose audit error }
474 silly audit error undefined
475 silly audit report null
476 http cache yaml@https://registry.npmjs.org/yaml/-/yaml-2.8.0.tgz 0ms (cache hit)
477 http cache @grpc/proto-loader@https://registry.npmjs.org/@grpc/proto-loader/-/proto-loader-0.7.13.tgz 0ms (cache hit)
478 http cache which@https://registry.npmjs.org/which/-/which-2.0.2.tgz 0ms (cache hit)
479 http cache uuid@https://registry.npmjs.org/uuid/-/uuid-10.0.0.tgz 0ms (cache hit)
480 http cache tsx@https://registry.npmjs.org/tsx/-/tsx-4.20.6.tgz 0ms (cache hit)
481 http cache typescript@https://registry.npmjs.org/typescript/-/typescript-5.7.3.tgz 0ms (cache hit)
482 http cache tailwindcss@https://registry.npmjs.org/tailwindcss/-/tailwindcss-3.4.17.tgz 0ms (cache hit)
483 http cache sucrase@https://registry.npmjs.org/sucrase/-/sucrase-3.35.0.tgz 0ms (cache hit)
484 http cache supabase@https://registry.npmjs.org/supabase/-/supabase-2.117.0.tgz 0ms (cache hit)
485 http cache semver@https://registry.npmjs.org/semver/-/semver-7.7.2.tgz 0ms (cache hit)
486 http cache resolve@https://registry.npmjs.org/resolve/-/resolve-1.22.10.tgz 0ms (cache hit)
487 http cache qrcode@https://registry.npmjs.org/qrcode/-/qrcode-1.5.4.tgz 0ms (cache hit)
488 http cache ps-tree@https://registry.npmjs.org/ps-tree/-/ps-tree-1.2.0.tgz 0ms (cache hit)
489 http cache patch-package@https://registry.npmjs.org/patch-package/-/patch-package-8.0.0.tgz 0ms (cache hit)
490 http cache nanoid@https://registry.npmjs.org/nanoid/-/nanoid-3.3.8.tgz 0ms (cache hit)
491 http cache handlebars@https://registry.npmjs.org/handlebars/-/handlebars-4.7.8.tgz 0ms (cache hit)
492 http cache mkdirp@https://registry.npmjs.org/mkdirp/-/mkdirp-0.5.6.tgz 0ms (cache hit)
493 http cache next@https://registry.npmjs.org/next/-/next-15.3.8.tgz 0ms (cache hit)
494 http cache hexer@https://registry.npmjs.org/hexer/-/hexer-1.5.0.tgz 0ms (cache hit)
495 http cache glob@https://registry.npmjs.org/glob/-/glob-10.4.5.tgz 0ms (cache hit)
496 http cache thriftrw@https://registry.npmjs.org/thriftrw/-/thriftrw-3.11.4.tgz 0ms (cache hit)
497 http cache js-yaml@https://registry.npmjs.org/js-yaml/-/js-yaml-4.1.0.tgz 0ms (cache hit)
498 http cache fast-xml-parser@https://registry.npmjs.org/fast-xml-parser/-/fast-xml-parser-4.5.3.tgz 0ms (cache hit)
499 http cache genkit-cli@https://registry.npmjs.org/genkit-cli/-/genkit-cli-1.20.0.tgz 0ms (cache hit)
500 http cache extract-zip@https://registry.npmjs.org/extract-zip/-/extract-zip-2.0.1.tgz 0ms (cache hit)
501 http cache acorn@https://registry.npmjs.org/acorn/-/acorn-8.15.0.tgz 0ms (cache hit)
502 http cache @types/triple-beam@https://registry.npmjs.org/@types/triple-beam/-/triple-beam-1.3.5.tgz 0ms (cache hit)
503 http cache @yarnpkg/lockfile@https://registry.npmjs.org/@yarnpkg/lockfile/-/lockfile-1.1.0.tgz 0ms (cache hit)
504 http cache esbuild@https://registry.npmjs.org/esbuild/-/esbuild-0.25.10.tgz 0ms (cache hit)
505 http cache @types/tedious@https://registry.npmjs.org/@types/tedious/-/tedious-4.0.14.tgz 0ms (cache hit)
506 http cache @types/shimmer@https://registry.npmjs.org/@types/shimmer/-/shimmer-1.2.0.tgz 0ms (cache hit)
507 http cache @types/request@https://registry.npmjs.org/@types/request/-/request-2.48.13.tgz 0ms (cache hit)
508 http cache @types/recharts@https://registry.npmjs.org/@types/recharts/-/recharts-1.8.29.tgz 0ms (cache hit)
509 http cache @types/pg@https://registry.npmjs.org/@types/pg/-/pg-8.6.1.tgz 0ms (cache hit)
510 http cache @types/mysql@https://registry.npmjs.org/@types/mysql/-/mysql-2.15.22.tgz 0ms (cache hit)
511 http cache @types/pg-pool@https://registry.npmjs.org/@types/pg-pool/-/pg-pool-2.0.4.tgz 0ms (cache hit)
512 http cache @types/ms@https://registry.npmjs.org/@types/ms/-/ms-2.1.0.tgz 0ms (cache hit)
513 http cache @types/memcached@https://registry.npmjs.org/@types/memcached/-/memcached-2.2.10.tgz 0ms (cache hit)
514 http cache @types/long@https://registry.npmjs.org/@types/long/-/long-4.0.2.tgz 0ms (cache hit)
515 http cache @types/tough-cookie@https://registry.npmjs.org/@types/tough-cookie/-/tough-cookie-4.0.5.tgz 0ms (cache hit)
516 http cache @types/jsonwebtoken@https://registry.npmjs.org/@types/jsonwebtoken/-/jsonwebtoken-9.0.10.tgz 0ms (cache hit)
517 http cache @types/d3-timer@https://registry.npmjs.org/@types/d3-timer/-/d3-timer-3.0.2.tgz 0ms (cache hit)
518 http cache @types/d3-time@https://registry.npmjs.org/@types/d3-time/-/d3-time-3.0.4.tgz 0ms (cache hit)
519 http cache @types/d3-scale@https://registry.npmjs.org/@types/d3-scale/-/d3-scale-4.0.9.tgz 0ms (cache hit)
520 http cache @types/d3-interpolate@https://registry.npmjs.org/@types/d3-interpolate/-/d3-interpolate-3.0.4.tgz 0ms (cache hit)
521 http cache @types/d3-ease@https://registry.npmjs.org/@types/d3-ease/-/d3-ease-3.0.2.tgz 0ms (cache hit)
522 http cache @types/d3-color@https://registry.npmjs.org/@types/d3-color/-/d3-color-3.1.3.tgz 0ms (cache hit)
523 http cache @types/connect@https://registry.npmjs.org/@types/connect/-/connect-3.4.36.tgz 0ms (cache hit)
524 http cache @types/bunyan@https://registry.npmjs.org/@types/bunyan/-/bunyan-1.8.9.tgz 0ms (cache hit)
525 http cache @types/caseless@https://registry.npmjs.org/@types/caseless/-/caseless-0.12.5.tgz 0ms (cache hit)
526 http cache @types/aws-lambda@https://registry.npmjs.org/@types/aws-lambda/-/aws-lambda-8.10.122.tgz 0ms (cache hit)
527 http cache @tsconfig/node16@https://registry.npmjs.org/@tsconfig/node16/-/node16-1.0.4.tgz 0ms (cache hit)
528 http cache @types/bcryptjs@https://registry.npmjs.org/@types/bcryptjs/-/bcryptjs-2.4.6.tgz 0ms (cache hit)
529 http cache @tsconfig/node14@https://registry.npmjs.org/@tsconfig/node14/-/node14-1.0.3.tgz 0ms (cache hit)
530 http cache @tsconfig/node12@https://registry.npmjs.org/@tsconfig/node12/-/node12-1.0.11.tgz 0ms (cache hit)
531 http cache @swc/helpers@https://registry.npmjs.org/@swc/helpers/-/helpers-0.5.15.tgz 0ms (cache hit)
532 http cache @swc/counter@https://registry.npmjs.org/@swc/counter/-/counter-0.1.3.tgz 0ms (cache hit)
533 http cache @supabase/ssr@https://registry.npmjs.org/@supabase/ssr/-/ssr-0.8.0.tgz 0ms (cache hit)
534 http cache @standard-schema/utils@https://registry.npmjs.org/@standard-schema/utils/-/utils-0.3.0.tgz 0ms (cache hit)
535 http cache @protobufjs/pool@https://registry.npmjs.org/@protobufjs/pool/-/pool-1.1.0.tgz 0ms (cache hit)
536 http cache @protobufjs/path@https://registry.npmjs.org/@protobufjs/path/-/path-1.1.2.tgz 0ms (cache hit)
537 http cache @protobufjs/float@https://registry.npmjs.org/@protobufjs/float/-/float-1.0.2.tgz 0ms (cache hit)
538 http cache @protobufjs/aspromise@https://registry.npmjs.org/@protobufjs/aspromise/-/aspromise-1.1.2.tgz 0ms (cache hit)
539 http cache @pkgjs/parseargs@https://registry.npmjs.org/@pkgjs/parseargs/-/parseargs-0.11.0.tgz 0ms (cache hit)
540 http cache @opentelemetry/sql-common@https://registry.npmjs.org/@opentelemetry/sql-common/-/sql-common-0.40.1.tgz 0ms (cache hit)
541 http cache @protobufjs/base64@https://registry.npmjs.org/@protobufjs/base64/-/base64-1.1.2.tgz 0ms (cache hit)
542 http cache @opentelemetry/sdk-trace-node@https://registry.npmjs.org/@opentelemetry/sdk-trace-node/-/sdk-trace-node-1.25.1.tgz 0ms (cache hit)
543 http cache @opentelemetry/sdk-trace-base@https://registry.npmjs.org/@opentelemetry/sdk-trace-base/-/sdk-trace-base-1.25.1.tgz 0ms (cache hit)
544 http cache @opentelemetry/sdk-node@https://registry.npmjs.org/@opentelemetry/sdk-node/-/sdk-node-0.52.1.tgz 0ms (cache hit)
545 http cache @opentelemetry/sdk-logs@https://registry.npmjs.org/@opentelemetry/sdk-logs/-/sdk-logs-0.52.1.tgz 0ms (cache hit)
546 http cache @opentelemetry/resources@https://registry.npmjs.org/@opentelemetry/resources/-/resources-1.25.1.tgz 0ms (cache hit)
547 http cache @opentelemetry/resource-detector-container@https://registry.npmjs.org/@opentelemetry/resource-detector-container/-/resource-detector-container-0.4.4.tgz 0ms (cache hit)
548 http cache @opentelemetry/resource-detector-gcp@https://registry.npmjs.org/@opentelemetry/resource-detector-gcp/-/resource-detector-gcp-0.29.13.tgz 0ms (cache hit)
549 http cache @opentelemetry/resource-detector-azure@https://registry.npmjs.org/@opentelemetry/resource-detector-azure/-/resource-detector-azure-0.2.12.tgz 0ms (cache hit)
550 http cache @opentelemetry/resource-detector-aws@https://registry.npmjs.org/@opentelemetry/resource-detector-aws/-/resource-detector-aws-1.12.0.tgz 0ms (cache hit)
551 http cache @opentelemetry/resource-detector-alibaba-cloud@https://registry.npmjs.org/@opentelemetry/resource-detector-alibaba-cloud/-/resource-detector-alibaba-cloud-0.29.7.tgz 0ms (cache hit)
552 http cache @opentelemetry/redis-common@https://registry.npmjs.org/@opentelemetry/redis-common/-/redis-common-0.36.2.tgz 0ms (cache hit)
553 http cache @opentelemetry/propagator-b3@https://registry.npmjs.org/@opentelemetry/propagator-b3/-/propagator-b3-1.25.1.tgz 0ms (cache hit)
554 http cache @opentelemetry/propagator-jaeger@https://registry.npmjs.org/@opentelemetry/propagator-jaeger/-/propagator-jaeger-1.25.1.tgz 0ms (cache hit)
555 http cache @opentelemetry/propagator-aws-xray@https://registry.npmjs.org/@opentelemetry/propagator-aws-xray/-/propagator-aws-xray-1.26.2.tgz 0ms (cache hit)
556 http cache @opentelemetry/sdk-metrics@https://registry.npmjs.org/@opentelemetry/sdk-metrics/-/sdk-metrics-1.25.1.tgz 0ms (cache hit)
557 http cache @opentelemetry/propagation-utils@https://registry.npmjs.org/@opentelemetry/propagation-utils/-/propagation-utils-0.30.16.tgz 0ms (cache hit)
558 http cache @opentelemetry/otlp-grpc-exporter-base@https://registry.npmjs.org/@opentelemetry/otlp-grpc-exporter-base/-/otlp-grpc-exporter-base-0.52.1.tgz 0ms (cache hit)
559 http cache @opentelemetry/otlp-transformer@https://registry.npmjs.org/@opentelemetry/otlp-transformer/-/otlp-transformer-0.52.1.tgz 0ms (cache hit)
560 http cache @opentelemetry/instrumentation-winston@https://registry.npmjs.org/@opentelemetry/instrumentation-winston/-/instrumentation-winston-0.39.0.tgz 0ms (cache hit)
561 http cache @opentelemetry/instrumentation-undici@https://registry.npmjs.org/@opentelemetry/instrumentation-undici/-/instrumentation-undici-0.5.0.tgz 0ms (cache hit)
562 http cache @opentelemetry/instrumentation-socket.io@https://registry.npmjs.org/@opentelemetry/instrumentation-socket.io/-/instrumentation-socket.io-0.41.0.tgz 0ms (cache hit)
563 http cache @opentelemetry/instrumentation-tedious@https://registry.npmjs.org/@opentelemetry/instrumentation-tedious/-/instrumentation-tedious-0.13.0.tgz 0ms (cache hit)
564 http cache @opentelemetry/instrumentation-router@https://registry.npmjs.org/@opentelemetry/instrumentation-router/-/instrumentation-router-0.39.0.tgz 0ms (cache hit)
565 http cache @opentelemetry/otlp-exporter-base@https://registry.npmjs.org/@opentelemetry/otlp-exporter-base/-/otlp-exporter-base-0.52.1.tgz 0ms (cache hit)
566 http cache @opentelemetry/instrumentation-restify@https://registry.npmjs.org/@opentelemetry/instrumentation-restify/-/instrumentation-restify-0.40.0.tgz 0ms (cache hit)
567 http cache @opentelemetry/instrumentation-redis-4@https://registry.npmjs.org/@opentelemetry/instrumentation-redis-4/-/instrumentation-redis-4-0.41.1.tgz 0ms (cache hit)
568 http cache @opentelemetry/instrumentation-pg@https://registry.npmjs.org/@opentelemetry/instrumentation-pg/-/instrumentation-pg-0.43.0.tgz 0ms (cache hit)
569 http cache @opentelemetry/instrumentation-redis@https://registry.npmjs.org/@opentelemetry/instrumentation-redis/-/instrumentation-redis-0.41.0.tgz 0ms (cache hit)
570 http cache @opentelemetry/instrumentation-net@https://registry.npmjs.org/@opentelemetry/instrumentation-net/-/instrumentation-net-0.38.0.tgz 0ms (cache hit)
571 http cache @opentelemetry/instrumentation-pino@https://registry.npmjs.org/@opentelemetry/instrumentation-pino/-/instrumentation-pino-0.41.0.tgz 0ms (cache hit)
572 http cache @opentelemetry/instrumentation-mysql2@https://registry.npmjs.org/@opentelemetry/instrumentation-mysql2/-/instrumentation-mysql2-0.40.0.tgz 0ms (cache hit)
573 http cache @opentelemetry/instrumentation-mysql@https://registry.npmjs.org/@opentelemetry/instrumentation-mysql/-/instrumentation-mysql-0.40.0.tgz 0ms (cache hit)
574 http cache @opentelemetry/instrumentation-nestjs-core@https://registry.npmjs.org/@opentelemetry/instrumentation-nestjs-core/-/instrumentation-nestjs-core-0.39.0.tgz 0ms (cache hit)
575 http cache @opentelemetry/instrumentation-mongoose@https://registry.npmjs.org/@opentelemetry/instrumentation-mongoose/-/instrumentation-mongoose-0.41.0.tgz 0ms (cache hit)
576 http cache @opentelemetry/instrumentation-memcached@https://registry.npmjs.org/@opentelemetry/instrumentation-memcached/-/instrumentation-memcached-0.38.0.tgz 0ms (cache hit)
577 http cache @opentelemetry/instrumentation-mongodb@https://registry.npmjs.org/@opentelemetry/instrumentation-mongodb/-/instrumentation-mongodb-0.46.0.tgz 0ms (cache hit)
578 http cache @opentelemetry/instrumentation-lru-memoizer@https://registry.npmjs.org/@opentelemetry/instrumentation-lru-memoizer/-/instrumentation-lru-memoizer-0.39.0.tgz 0ms (cache hit)
579 http cache @opentelemetry/instrumentation-koa@https://registry.npmjs.org/@opentelemetry/instrumentation-koa/-/instrumentation-koa-0.42.0.tgz 0ms (cache hit)
580 http cache @opentelemetry/instrumentation-knex@https://registry.npmjs.org/@opentelemetry/instrumentation-knex/-/instrumentation-knex-0.39.0.tgz 0ms (cache hit)
581 http cache @opentelemetry/instrumentation-kafkajs@https://registry.npmjs.org/@opentelemetry/instrumentation-kafkajs/-/instrumentation-kafkajs-0.2.0.tgz 0ms (cache hit)
582 http cache @opentelemetry/instrumentation-http@https://registry.npmjs.org/@opentelemetry/instrumentation-http/-/instrumentation-http-0.52.1.tgz 0ms (cache hit)
583 http cache @opentelemetry/instrumentation-ioredis@https://registry.npmjs.org/@opentelemetry/instrumentation-ioredis/-/instrumentation-ioredis-0.42.0.tgz 0ms (cache hit)
584 http cache @opentelemetry/instrumentation-grpc@https://registry.npmjs.org/@opentelemetry/instrumentation-grpc/-/instrumentation-grpc-0.52.1.tgz 0ms (cache hit)
585 http cache @opentelemetry/instrumentation-hapi@https://registry.npmjs.org/@opentelemetry/instrumentation-hapi/-/instrumentation-hapi-0.40.0.tgz 0ms (cache hit)
586 http cache @opentelemetry/instrumentation-fs@https://registry.npmjs.org/@opentelemetry/instrumentation-fs/-/instrumentation-fs-0.14.0.tgz 0ms (cache hit)
587 http cache @opentelemetry/instrumentation-generic-pool@https://registry.npmjs.org/@opentelemetry/instrumentation-generic-pool/-/instrumentation-generic-pool-0.38.1.tgz 0ms (cache hit)
588 http cache @opentelemetry/instrumentation-graphql@https://registry.npmjs.org/@opentelemetry/instrumentation-graphql/-/instrumentation-graphql-0.42.0.tgz 0ms (cache hit)
589 http cache @opentelemetry/instrumentation-fastify@https://registry.npmjs.org/@opentelemetry/instrumentation-fastify/-/instrumentation-fastify-0.38.0.tgz 0ms (cache hit)
590 http cache @opentelemetry/instrumentation-express@https://registry.npmjs.org/@opentelemetry/instrumentation-express/-/instrumentation-express-0.41.1.tgz 0ms (cache hit)
591 http cache @opentelemetry/instrumentation-dataloader@https://registry.npmjs.org/@opentelemetry/instrumentation-dataloader/-/instrumentation-dataloader-0.11.0.tgz 0ms (cache hit)
592 http cache @opentelemetry/instrumentation-cucumber@https://registry.npmjs.org/@opentelemetry/instrumentation-cucumber/-/instrumentation-cucumber-0.8.0.tgz 0ms (cache hit)
593 http cache @opentelemetry/instrumentation-connect@https://registry.npmjs.org/@opentelemetry/instrumentation-connect/-/instrumentation-connect-0.38.0.tgz 0ms (cache hit)
594 http cache @opentelemetry/instrumentation-cassandra-driver@https://registry.npmjs.org/@opentelemetry/instrumentation-cassandra-driver/-/instrumentation-cassandra-driver-0.40.0.tgz 0ms (cache hit)
595 http cache @opentelemetry/instrumentation-bunyan@https://registry.npmjs.org/@opentelemetry/instrumentation-bunyan/-/instrumentation-bunyan-0.40.0.tgz 0ms (cache hit)
596 http cache @opentelemetry/instrumentation-aws-sdk@https://registry.npmjs.org/@opentelemetry/instrumentation-aws-sdk/-/instrumentation-aws-sdk-0.43.1.tgz 0ms (cache hit)
597 http cache @opentelemetry/instrumentation-aws-lambda@https://registry.npmjs.org/@opentelemetry/instrumentation-aws-lambda/-/instrumentation-aws-lambda-0.43.0.tgz 0ms (cache hit)
598 http cache @opentelemetry/instrumentation-amqplib@https://registry.npmjs.org/@opentelemetry/instrumentation-amqplib/-/instrumentation-amqplib-0.41.0.tgz 0ms (cache hit)
599 http cache @opentelemetry/instrumentation@https://registry.npmjs.org/@opentelemetry/instrumentation/-/instrumentation-0.52.1.tgz 0ms (cache hit)
600 http cache @opentelemetry/instrumentation-dns@https://registry.npmjs.org/@opentelemetry/instrumentation-dns/-/instrumentation-dns-0.38.0.tgz 0ms (cache hit)
601 http cache @opentelemetry/exporter-zipkin@https://registry.npmjs.org/@opentelemetry/exporter-zipkin/-/exporter-zipkin-1.25.1.tgz 0ms (cache hit)
602 http cache @opentelemetry/exporter-trace-otlp-proto@https://registry.npmjs.org/@opentelemetry/exporter-trace-otlp-proto/-/exporter-trace-otlp-proto-0.52.1.tgz 0ms (cache hit)
603 http cache @opentelemetry/exporter-trace-otlp-http@https://registry.npmjs.org/@opentelemetry/exporter-trace-otlp-http/-/exporter-trace-otlp-http-0.52.1.tgz 0ms (cache hit)
604 http cache @opentelemetry/context-async-hooks@https://registry.npmjs.org/@opentelemetry/context-async-hooks/-/context-async-hooks-1.25.1.tgz 0ms (cache hit)
605 http cache @opentelemetry/core@https://registry.npmjs.org/@opentelemetry/core/-/core-1.25.1.tgz 0ms (cache hit)
606 http cache @opentelemetry/exporter-trace-otlp-grpc@https://registry.npmjs.org/@opentelemetry/exporter-trace-otlp-grpc/-/exporter-trace-otlp-grpc-0.52.1.tgz 0ms (cache hit)
607 http cache @opentelemetry/api-logs@https://registry.npmjs.org/@opentelemetry/api-logs/-/api-logs-0.52.1.tgz 0ms (cache hit)
608 http cache @opentelemetry/auto-instrumentations-node@https://registry.npmjs.org/@opentelemetry/auto-instrumentations-node/-/auto-instrumentations-node-0.49.2.tgz 0ms (cache hit)
609 http cache @nodelib/fs.walk@https://registry.npmjs.org/@nodelib/fs.walk/-/fs.walk-1.2.8.tgz 0ms (cache hit)
610 http cache @nodelib/fs.scandir@https://registry.npmjs.org/@nodelib/fs.scandir/-/fs.scandir-2.1.5.tgz 0ms (cache hit)
611 http cache @nodelib/fs.stat@https://registry.npmjs.org/@nodelib/fs.stat/-/fs.stat-2.0.5.tgz 0ms (cache hit)
612 http cache @next/env@https://registry.npmjs.org/@next/env/-/env-15.3.8.tgz 0ms (cache hit)
613 http cache @js-sdsl/ordered-map@https://registry.npmjs.org/@js-sdsl/ordered-map/-/ordered-map-4.4.2.tgz 0ms (cache hit)
614 http cache @jridgewell/resolve-uri@https://registry.npmjs.org/@jridgewell/resolve-uri/-/resolve-uri-3.1.2.tgz 0ms (cache hit)
615 http cache @hookform/resolvers@https://registry.npmjs.org/@hookform/resolvers/-/resolvers-4.1.3.tgz 0ms (cache hit)
616 http cache @google-cloud/promisify@https://registry.npmjs.org/@google-cloud/promisify/-/promisify-4.0.0.tgz 0ms (cache hit)
617 http cache @isaacs/cliui@https://registry.npmjs.org/@isaacs/cliui/-/cliui-8.0.2.tgz 0ms (cache hit)
618 http cache @google-cloud/projectify@https://registry.npmjs.org/@google-cloud/projectify/-/projectify-4.0.0.tgz 1ms (cache hit)
619 http cache @google-cloud/precise-date@https://registry.npmjs.org/@google-cloud/precise-date/-/precise-date-4.0.0.tgz 0ms (cache hit)
620 http cache @google-cloud/paginator@https://registry.npmjs.org/@google-cloud/paginator/-/paginator-5.0.2.tgz 0ms (cache hit)
621 http cache @google-cloud/opentelemetry-cloud-trace-exporter@https://registry.npmjs.org/@google-cloud/opentelemetry-cloud-trace-exporter/-/opentelemetry-cloud-trace-exporter-2.4.1.tgz 0ms (cache hit)
622 http cache @google-cloud/opentelemetry-resource-util@https://registry.npmjs.org/@google-cloud/opentelemetry-resource-util/-/opentelemetry-resource-util-2.4.0.tgz 0ms (cache hit)
623 http cache @google-cloud/firestore@https://registry.npmjs.org/@google-cloud/firestore/-/firestore-7.11.6.tgz 0ms (cache hit)
624 http cache @dnd-kit/sortable@https://registry.npmjs.org/@dnd-kit/sortable/-/sortable-8.0.0.tgz 0ms (cache hit)
625 http cache @google-cloud/opentelemetry-cloud-monitoring-exporter@https://registry.npmjs.org/@google-cloud/opentelemetry-cloud-monitoring-exporter/-/opentelemetry-cloud-monitoring-exporter-0.19.0.tgz 0ms (cache hit)
626 http cache @dnd-kit/modifiers@https://registry.npmjs.org/@dnd-kit/modifiers/-/modifiers-7.0.0.tgz 0ms (cache hit)
627 http cache @dnd-kit/core@https://registry.npmjs.org/@dnd-kit/core/-/core-6.3.1.tgz 0ms (cache hit)
628 http cache @dnd-kit/utilities@https://registry.npmjs.org/@dnd-kit/utilities/-/utilities-3.2.2.tgz 0ms (cache hit)
629 http cache yn@https://registry.npmjs.org/yn/-/yn-3.1.1.tgz 0ms (cache hit)
630 http cache yargs-parser@https://registry.npmjs.org/yargs-parser/-/yargs-parser-21.1.1.tgz 0ms (cache hit)
631 http cache @cspotcode/source-map-support@https://registry.npmjs.org/@cspotcode/source-map-support/-/source-map-support-0.8.1.tgz 0ms (cache hit)
632 http cache @dnd-kit/accessibility@https://registry.npmjs.org/@dnd-kit/accessibility/-/accessibility-3.1.1.tgz 0ms (cache hit)
633 http cache y18n@https://registry.npmjs.org/y18n/-/y18n-5.0.8.tgz 0ms (cache hit)
634 http cache wrappy@https://registry.npmjs.org/wrappy/-/wrappy-1.0.2.tgz 0ms (cache hit)
635 http cache xtend@https://registry.npmjs.org/xtend/-/xtend-4.0.2.tgz 0ms (cache hit)
636 http cache xlsx@https://registry.npmjs.org/xlsx/-/xlsx-0.18.5.tgz 0ms (cache hit)
637 http cache wrap-ansi-cjs@https://registry.npmjs.org/wrap-ansi/-/wrap-ansi-7.0.0.tgz 0ms (cache hit)
638 http cache wordwrap@https://registry.npmjs.org/wordwrap/-/wordwrap-1.0.0.tgz 0ms (cache hit)
639 http cache word@https://registry.npmjs.org/word/-/word-0.3.0.tgz 0ms (cache hit)
640 http cache wmf@https://registry.npmjs.org/wmf/-/wmf-1.0.2.tgz 0ms (cache hit)
641 http cache whatwg-url@https://registry.npmjs.org/whatwg-url/-/whatwg-url-5.0.0.tgz 0ms (cache hit)
642 http cache winston-transport@https://registry.npmjs.org/winston-transport/-/winston-transport-4.9.0.tgz 0ms (cache hit)
643 http cache websocket-extensions@https://registry.npmjs.org/websocket-extensions/-/websocket-extensions-0.1.4.tgz 0ms (cache hit)
644 http cache web-streams-polyfill@https://registry.npmjs.org/web-streams-polyfill/-/web-streams-polyfill-3.3.3.tgz 0ms (cache hit)
645 http cache victory-vendor@https://registry.npmjs.org/victory-vendor/-/victory-vendor-36.9.2.tgz 0ms (cache hit)
646 http cache vary@https://registry.npmjs.org/vary/-/vary-1.1.2.tgz 0ms (cache hit)
647 http cache webidl-conversions@https://registry.npmjs.org/webidl-conversions/-/webidl-conversions-3.0.1.tgz 0ms (cache hit)
648 http cache v8-compile-cache-lib@https://registry.npmjs.org/v8-compile-cache-lib/-/v8-compile-cache-lib-3.0.1.tgz 0ms (cache hit)
649 http cache utils-merge@https://registry.npmjs.org/utils-merge/-/utils-merge-1.0.1.tgz 0ms (cache hit)
650 http cache util-deprecate@https://registry.npmjs.org/util-deprecate/-/util-deprecate-1.0.2.tgz 0ms (cache hit)
651 http cache use-callback-ref@https://registry.npmjs.org/use-callback-ref/-/use-callback-ref-1.3.3.tgz 0ms (cache hit)
652 http cache url-template@https://registry.npmjs.org/url-template/-/url-template-2.0.8.tgz 0ms (cache hit)
653 http cache use-sidecar@https://registry.npmjs.org/use-sidecar/-/use-sidecar-1.1.3.tgz 0ms (cache hit)
654 http cache uri-templates@https://registry.npmjs.org/uri-templates/-/uri-templates-0.2.0.tgz 0ms (cache hit)
655 http cache uglify-js@https://registry.npmjs.org/uglify-js/-/uglify-js-3.19.3.tgz 0ms (cache hit)
656 http cache universalify@https://registry.npmjs.org/universalify/-/universalify-2.0.1.tgz 0ms (cache hit)
657 http cache tslib@https://registry.npmjs.org/tslib/-/tslib-2.8.1.tgz 0ms (cache hit)
658 http cache unpipe@https://registry.npmjs.org/unpipe/-/unpipe-1.0.0.tgz 0ms (cache hit)
659 http cache ts-node@https://registry.npmjs.org/ts-node/-/ts-node-10.9.2.tgz 0ms (cache hit)
660 http cache ts-interface-checker@https://registry.npmjs.org/ts-interface-checker/-/ts-interface-checker-0.1.13.tgz 0ms (cache hit)
661 http cache triple-beam@https://registry.npmjs.org/triple-beam/-/triple-beam-1.4.1.tgz 0ms (cache hit)
662 http cache tr46@https://registry.npmjs.org/tr46/-/tr46-0.0.3.tgz 0ms (cache hit)
663 http cache toidentifier@https://registry.npmjs.org/toidentifier/-/toidentifier-1.0.1.tgz 0ms (cache hit)
664 http cache to-regex-range@https://registry.npmjs.org/to-regex-range/-/to-regex-range-5.0.1.tgz 0ms (cache hit)
665 http cache tiny-invariant@https://registry.npmjs.org/tiny-invariant/-/tiny-invariant-1.3.3.tgz 0ms (cache hit)
666 http cache thenify-all@https://registry.npmjs.org/thenify-all/-/thenify-all-1.6.0.tgz 0ms (cache hit)
667 http cache text-hex@https://registry.npmjs.org/text-hex/-/text-hex-1.0.0.tgz 0ms (cache hit)
668 http cache thenify@https://registry.npmjs.org/thenify/-/thenify-3.3.1.tgz 0ms (cache hit)
669 http cache tailwindcss-animate@https://registry.npmjs.org/tailwindcss-animate/-/tailwindcss-animate-1.0.7.tgz 0ms (cache hit)
670 http cache supports-preserve-symlinks-flag@https://registry.npmjs.org/supports-preserve-symlinks-flag/-/supports-preserve-symlinks-flag-1.0.0.tgz 0ms (cache hit)
671 http cache type-is@https://registry.npmjs.org/type-is/-/type-is-1.6.18.tgz 0ms (cache hit)
672 http cache styled-jsx@https://registry.npmjs.org/styled-jsx/-/styled-jsx-5.1.6.tgz 0ms (cache hit)
673 http cache string_decoder@https://registry.npmjs.org/string_decoder/-/string_decoder-1.3.0.tgz 0ms (cache hit)
674 http cache stream-events@https://registry.npmjs.org/stream-events/-/stream-events-1.0.5.tgz 0ms (cache hit)
675 http cache supports-color@https://registry.npmjs.org/supports-color/-/supports-color-7.2.0.tgz 0ms (cache hit)
676 http cache stream-shift@https://registry.npmjs.org/stream-shift/-/stream-shift-1.0.3.tgz 0ms (cache hit)
677 http cache streamsearch@https://registry.npmjs.org/streamsearch/-/streamsearch-1.1.0.tgz 0ms (cache hit)
678 http cache stubs@https://registry.npmjs.org/stubs/-/stubs-3.0.0.tgz 0ms (cache hit)
679 http cache stack-trace@https://registry.npmjs.org/stack-trace/-/stack-trace-0.0.10.tgz 0ms (cache hit)
680 http cache source-map-js@https://registry.npmjs.org/source-map-js/-/source-map-js-1.2.1.tgz 0ms (cache hit)
681 http cache ssf@https://registry.npmjs.org/ssf/-/ssf-0.11.2.tgz 0ms (cache hit)
682 http cache slash@https://registry.npmjs.org/slash/-/slash-2.0.0.tgz 0ms (cache hit)
683 http cache source-map@https://registry.npmjs.org/source-map/-/source-map-0.6.1.tgz 0ms (cache hit)
684 http cache signal-exit@https://registry.npmjs.org/signal-exit/-/signal-exit-4.1.0.tgz 0ms (cache hit)
685 http cache side-channel-weakmap@https://registry.npmjs.org/side-channel-weakmap/-/side-channel-weakmap-1.0.2.tgz 0ms (cache hit)
686 http cache side-channel-map@https://registry.npmjs.org/side-channel-map/-/side-channel-map-1.0.1.tgz 0ms (cache hit)
687 http cache setprototypeof@https://registry.npmjs.org/setprototypeof/-/setprototypeof-1.2.0.tgz 0ms (cache hit)
688 http cache set-function-length@https://registry.npmjs.org/set-function-length/-/set-function-length-1.2.2.tgz 0ms (cache hit)
689 http cache shimmer@https://registry.npmjs.org/shimmer/-/shimmer-1.2.1.tgz 0ms (cache hit)
690 http cache scheduler@https://registry.npmjs.org/scheduler/-/scheduler-0.23.2.tgz 0ms (cache hit)
691 http cache safer-buffer@https://registry.npmjs.org/safer-buffer/-/safer-buffer-2.1.2.tgz 0ms (cache hit)
692 http cache safe-stable-stringify@https://registry.npmjs.org/safe-stable-stringify/-/safe-stable-stringify-2.5.0.tgz 0ms (cache hit)
693 http cache run-parallel@https://registry.npmjs.org/run-parallel/-/run-parallel-1.2.0.tgz 0ms (cache hit)
694 http cache safe-buffer@https://registry.npmjs.org/safe-buffer/-/safe-buffer-5.2.1.tgz 0ms (cache hit)
695 http cache rimraf@https://registry.npmjs.org/rimraf/-/rimraf-2.7.1.tgz 0ms (cache hit)
696 http cache retry@https://registry.npmjs.org/retry/-/retry-0.13.1.tgz 0ms (cache hit)
697 http cache require-in-the-middle@https://registry.npmjs.org/require-in-the-middle/-/require-in-the-middle-7.5.2.tgz 0ms (cache hit)
698 http cache require-directory@https://registry.npmjs.org/require-directory/-/require-directory-2.1.1.tgz 0ms (cache hit)
699 http cache recharts-scale@https://registry.npmjs.org/recharts-scale/-/recharts-scale-0.4.5.tgz 0ms (cache hit)
700 http cache require-from-string@https://registry.npmjs.org/require-from-string/-/require-from-string-2.0.2.tgz 0ms (cache hit)
701 http cache readdirp@https://registry.npmjs.org/readdirp/-/readdirp-3.6.0.tgz 0ms (cache hit)
702 http cache readable-stream@https://registry.npmjs.org/readable-stream/-/readable-stream-3.6.2.tgz 0ms (cache hit)
703 http cache react-style-singleton@https://registry.npmjs.org/react-style-singleton/-/react-style-singleton-2.2.3.tgz 0ms (cache hit)
704 http cache react-smooth@https://registry.npmjs.org/react-smooth/-/react-smooth-4.0.4.tgz 0ms (cache hit)
705 http cache react-transition-group@https://registry.npmjs.org/react-transition-group/-/react-transition-group-4.4.5.tgz 0ms (cache hit)
706 http cache react-is@https://registry.npmjs.org/react-is/-/react-is-18.3.1.tgz 0ms (cache hit)
707 http cache react-remove-scroll-bar@https://registry.npmjs.org/react-remove-scroll-bar/-/react-remove-scroll-bar-2.3.8.tgz 0ms (cache hit)
708 http cache react@https://registry.npmjs.org/react/-/react-18.3.1.tgz 0ms (cache hit)
709 http cache queue-microtask@https://registry.npmjs.org/queue-microtask/-/queue-microtask-1.2.3.tgz 0ms (cache hit)
710 http cache react-dom@https://registry.npmjs.org/react-dom/-/react-dom-18.3.1.tgz 0ms (cache hit)
711 http cache range-parser@https://registry.npmjs.org/range-parser/-/range-parser-1.2.1.tgz 0ms (cache hit)
712 http cache pumpify@https://registry.npmjs.org/pumpify/-/pumpify-2.0.1.tgz 0ms (cache hit)
713 http cache proxy-addr@https://registry.npmjs.org/proxy-addr/-/proxy-addr-2.0.7.tgz 0ms (cache hit)
714 http cache prop-types@https://registry.npmjs.org/prop-types/-/prop-types-15.8.1.tgz 0ms (cache hit)
715 http cache postgres-interval@https://registry.npmjs.org/postgres-interval/-/postgres-interval-1.2.0.tgz 0ms (cache hit)
716 http cache postgres-array@https://registry.npmjs.org/postgres-array/-/postgres-array-2.0.0.tgz 0ms (cache hit)
717 http cache proto3-json-serializer@https://registry.npmjs.org/proto3-json-serializer/-/proto3-json-serializer-2.0.2.tgz 0ms (cache hit)
718 http cache postgres-date@https://registry.npmjs.org/postgres-date/-/postgres-date-1.0.7.tgz 0ms (cache hit)
719 http cache postcss-nested@https://registry.npmjs.org/postcss-nested/-/postcss-nested-6.2.0.tgz 0ms (cache hit)
720 http cache postcss-value-parser@https://registry.npmjs.org/postcss-value-parser/-/postcss-value-parser-4.2.0.tgz 0ms (cache hit)
721 http cache postcss-import@https://registry.npmjs.org/postcss-import/-/postcss-import-15.1.0.tgz 0ms (cache hit)
722 http cache pg-types@https://registry.npmjs.org/pg-types/-/pg-types-2.2.0.tgz 0ms (cache hit)
723 http cache picocolors@https://registry.npmjs.org/picocolors/-/picocolors-1.1.1.tgz 0ms (cache hit)
724 http cache pg-int8@https://registry.npmjs.org/pg-int8/-/pg-int8-1.0.1.tgz 0ms (cache hit)
725 http cache path-scurry@https://registry.npmjs.org/path-scurry/-/path-scurry-1.11.1.tgz 0ms (cache hit)
726 http cache path-parse@https://registry.npmjs.org/path-parse/-/path-parse-1.0.7.tgz 0ms (cache hit)
727 http cache partial-json@https://registry.npmjs.org/partial-json/-/partial-json-0.1.7.tgz 0ms (cache hit)
728 http cache parseurl@https://registry.npmjs.org/parseurl/-/parseurl-1.3.3.tgz 0ms (cache hit)
729 http cache path-is-absolute@https://registry.npmjs.org/path-is-absolute/-/path-is-absolute-1.0.1.tgz 0ms (cache hit)
730 http cache package-json-from-dist@https://registry.npmjs.org/package-json-from-dist/-/package-json-from-dist-1.0.1.tgz 0ms (cache hit)
731 http cache one-time@https://registry.npmjs.org/one-time/-/one-time-1.0.0.tgz 0ms (cache hit)
732 http cache once@https://registry.npmjs.org/once/-/once-1.4.0.tgz 0ms (cache hit)
733 http cache object-keys@https://registry.npmjs.org/object-keys/-/object-keys-1.1.1.tgz 0ms (cache hit)
734 http cache on-finished@https://registry.npmjs.org/on-finished/-/on-finished-2.4.1.tgz 0ms (cache hit)
735 http cache object-inspect@https://registry.npmjs.org/object-inspect/-/object-inspect-1.13.4.tgz 0ms (cache hit)
736 http cache object-hash@https://registry.npmjs.org/object-hash/-/object-hash-3.0.0.tgz 0ms (cache hit)
737 http cache object-assign@https://registry.npmjs.org/object-assign/-/object-assign-4.1.1.tgz 0ms (cache hit)
738 http cache node-fetch@https://registry.npmjs.org/node-fetch/-/node-fetch-3.3.2.tgz 0ms (cache hit)
739 http cache node-domexception@https://registry.npmjs.org/node-domexception/-/node-domexception-1.0.0.tgz 0ms (cache hit)
740 http cache neo-async@https://registry.npmjs.org/neo-async/-/neo-async-2.6.2.tgz 0ms (cache hit)
741 http cache normalize-path@https://registry.npmjs.org/normalize-path/-/normalize-path-3.0.0.tgz 0ms (cache hit)
742 http cache mz@https://registry.npmjs.org/mz/-/mz-2.7.0.tgz 0ms (cache hit)
743 http cache negotiator@https://registry.npmjs.org/negotiator/-/negotiator-0.6.3.tgz 0ms (cache hit)
744 http cache ms@https://registry.npmjs.org/ms/-/ms-2.0.0.tgz 0ms (cache hit)
745 http cache minimist@https://registry.npmjs.org/minimist/-/minimist-1.2.8.tgz 0ms (cache hit)
746 http cache mime-types@https://registry.npmjs.org/mime-types/-/mime-types-2.1.35.tgz 0ms (cache hit)
747 http cache mime@https://registry.npmjs.org/mime/-/mime-3.0.0.tgz 0ms (cache hit)
748 http cache mime-db@https://registry.npmjs.org/mime-db/-/mime-db-1.52.0.tgz 0ms (cache hit)
749 http cache micromatch@https://registry.npmjs.org/micromatch/-/micromatch-4.0.8.tgz 0ms (cache hit)
750 http cache methods@https://registry.npmjs.org/methods/-/methods-1.1.2.tgz 0ms (cache hit)
751 http cache math-intrinsics@https://registry.npmjs.org/math-intrinsics/-/math-intrinsics-1.1.0.tgz 0ms (cache hit)
752 http cache merge2@https://registry.npmjs.org/merge2/-/merge2-1.4.1.tgz 0ms (cache hit)
753 http cache merge-descriptors@https://registry.npmjs.org/merge-descriptors/-/merge-descriptors-1.0.3.tgz 0ms (cache hit)
754 http cache media-typer@https://registry.npmjs.org/media-typer/-/media-typer-0.3.0.tgz 0ms (cache hit)
755 http cache make-error@https://registry.npmjs.org/make-error/-/make-error-1.3.6.tgz 0ms (cache hit)
756 http cache lucide-react@https://registry.npmjs.org/lucide-react/-/lucide-react-0.475.0.tgz 0ms (cache hit)
757 http cache loose-envify@https://registry.npmjs.org/loose-envify/-/loose-envify-1.4.0.tgz 0ms (cache hit)
758 http cache logform@https://registry.npmjs.org/logform/-/logform-2.7.0.tgz 0ms (cache hit)
759 http cache module-details-from-path@https://registry.npmjs.org/module-details-from-path/-/module-details-from-path-1.0.4.tgz 0ms (cache hit)
760 http cache lodash.once@https://registry.npmjs.org/lodash.once/-/lodash.once-4.1.1.tgz 0ms (cache hit)
761 http cache lodash.merge@https://registry.npmjs.org/lodash.merge/-/lodash.merge-4.6.2.tgz 0ms (cache hit)
762 http cache lodash.isplainobject@https://registry.npmjs.org/lodash.isplainobject/-/lodash.isplainobject-4.0.6.tgz 0ms (cache hit)
763 http cache lodash.isnumber@https://registry.npmjs.org/lodash.isnumber/-/lodash.isnumber-3.0.3.tgz 0ms (cache hit)
764 http cache lodash.isinteger@https://registry.npmjs.org/lodash.isinteger/-/lodash.isinteger-4.0.4.tgz 0ms (cache hit)
765 http cache lodash.isstring@https://registry.npmjs.org/lodash.isstring/-/lodash.isstring-4.0.1.tgz 0ms (cache hit)
766 http cache lodash.isboolean@https://registry.npmjs.org/lodash.isboolean/-/lodash.isboolean-3.0.3.tgz 0ms (cache hit)
767 http cache lodash.clonedeep@https://registry.npmjs.org/lodash.clonedeep/-/lodash.clonedeep-4.5.0.tgz 0ms (cache hit)
768 http cache lodash.mapvalues@https://registry.npmjs.org/lodash.mapvalues/-/lodash.mapvalues-4.6.0.tgz 0ms (cache hit)
769 http cache lodash.camelcase@https://registry.npmjs.org/lodash.camelcase/-/lodash.camelcase-4.3.0.tgz 0ms (cache hit)
770 http cache lines-and-columns@https://registry.npmjs.org/lines-and-columns/-/lines-and-columns-1.2.4.tgz 0ms (cache hit)
771 http cache lodash.includes@https://registry.npmjs.org/lodash.includes/-/lodash.includes-4.3.0.tgz 0ms (cache hit)
772 http cache lilconfig@https://registry.npmjs.org/lilconfig/-/lilconfig-3.1.3.tgz 0ms (cache hit)
773 http cache kuler@https://registry.npmjs.org/kuler/-/kuler-2.0.0.tgz 0ms (cache hit)
774 http cache limiter@https://registry.npmjs.org/limiter/-/limiter-1.1.5.tgz 0ms (cache hit)
775 http cache klaw-sync@https://registry.npmjs.org/klaw-sync/-/klaw-sync-6.0.0.tgz 0ms (cache hit)
776 http cache jsonify@https://registry.npmjs.org/jsonify/-/jsonify-0.0.1.tgz 0ms (cache hit)
777 http cache json5@https://registry.npmjs.org/json5/-/json5-2.2.3.tgz 0ms (cache hit)
778 http cache json-schema@https://registry.npmjs.org/json-schema/-/json-schema-0.4.0.tgz 0ms (cache hit)
779 http cache json-bigint@https://registry.npmjs.org/json-bigint/-/json-bigint-1.0.0.tgz 0ms (cache hit)
780 http cache js-tokens@https://registry.npmjs.org/js-tokens/-/js-tokens-4.0.0.tgz 0ms (cache hit)
781 http cache jodit-react@https://registry.npmjs.org/jodit-react/-/jodit-react-4.1.2.tgz 0ms (cache hit)
782 http cache jiti@https://registry.npmjs.org/jiti/-/jiti-1.21.7.tgz 0ms (cache hit)
783 http cache isarray@https://registry.npmjs.org/isarray/-/isarray-2.0.5.tgz 0ms (cache hit)
784 http cache jackspeak@https://registry.npmjs.org/jackspeak/-/jackspeak-3.4.3.tgz 0ms (cache hit)
785 http cache is-stream@https://registry.npmjs.org/is-stream/-/is-stream-2.0.1.tgz 0ms (cache hit)
786 http cache is-obj@https://registry.npmjs.org/is-obj/-/is-obj-2.0.0.tgz 0ms (cache hit)
787 http cache is-number@https://registry.npmjs.org/is-number/-/is-number-7.0.0.tgz 0ms (cache hit)
788 http cache is-fullwidth-code-point@https://registry.npmjs.org/is-fullwidth-code-point/-/is-fullwidth-code-point-3.0.0.tgz 0ms (cache hit)
789 http cache is-docker@https://registry.npmjs.org/is-docker/-/is-docker-2.2.1.tgz 0ms (cache hit)
790 http cache ipaddr.js@https://registry.npmjs.org/ipaddr.js/-/ipaddr.js-1.9.1.tgz 0ms (cache hit)
791 http cache inflight@https://registry.npmjs.org/inflight/-/inflight-1.0.6.tgz 0ms (cache hit)
792 http cache internmap@https://registry.npmjs.org/internmap/-/internmap-2.0.3.tgz 0ms (cache hit)
793 http cache iconv-lite@https://registry.npmjs.org/iconv-lite/-/iconv-lite-0.4.24.tgz 0ms (cache hit)
794 http cache inherits@https://registry.npmjs.org/inherits/-/inherits-2.0.4.tgz 0ms (cache hit)
795 http cache is-binary-path@https://registry.npmjs.org/is-binary-path/-/is-binary-path-2.1.0.tgz 0ms (cache hit)
796 http cache iceberg-js@https://registry.npmjs.org/iceberg-js/-/iceberg-js-0.8.1.tgz 0ms (cache hit)
797 http cache https-proxy-agent@https://registry.npmjs.org/https-proxy-agent/-/https-proxy-agent-7.0.6.tgz 0ms (cache hit)
798 http cache http-parser-js@https://registry.npmjs.org/http-parser-js/-/http-parser-js-0.5.10.tgz 0ms (cache hit)
799 http cache html5-qrcode@https://registry.npmjs.org/html5-qrcode/-/html5-qrcode-2.3.8.tgz 0ms (cache hit)
800 http cache html-entities@https://registry.npmjs.org/html-entities/-/html-entities-2.6.0.tgz 0ms (cache hit)
801 http cache has-symbols@https://registry.npmjs.org/has-symbols/-/has-symbols-1.1.0.tgz 0ms (cache hit)
802 http cache has-tostringtag@https://registry.npmjs.org/has-tostringtag/-/has-tostringtag-1.0.2.tgz 0ms (cache hit)
803 http cache gtoken@https://registry.npmjs.org/gtoken/-/gtoken-7.1.0.tgz 0ms (cache hit)
804 http cache has-property-descriptors@https://registry.npmjs.org/has-property-descriptors/-/has-property-descriptors-1.0.2.tgz 0ms (cache hit)
805 http cache has-flag@https://registry.npmjs.org/has-flag/-/has-flag-4.0.0.tgz 0ms (cache hit)
806 http cache graceful-fs@https://registry.npmjs.org/graceful-fs/-/graceful-fs-4.2.11.tgz 0ms (cache hit)
807 http cache gopd@https://registry.npmjs.org/gopd/-/gopd-1.2.0.tgz 0ms (cache hit)
808 http cache googleapis@https://registry.npmjs.org/googleapis/-/googleapis-137.1.0.tgz 0ms (cache hit)
809 http cache googleapis-common@https://registry.npmjs.org/googleapis-common/-/googleapis-common-7.2.0.tgz 0ms (cache hit)
810 http cache google-auth-library@https://registry.npmjs.org/google-auth-library/-/google-auth-library-9.15.1.tgz 0ms (cache hit)
811 http cache google-logging-utils@https://registry.npmjs.org/google-logging-utils/-/google-logging-utils-0.0.2.tgz 0ms (cache hit)
812 http cache google-gax@https://registry.npmjs.org/google-gax/-/google-gax-4.6.1.tgz 0ms (cache hit)
813 http cache get-port@https://registry.npmjs.org/get-port/-/get-port-5.1.1.tgz 0ms (cache hit)
814 http cache get-proto@https://registry.npmjs.org/get-proto/-/get-proto-1.0.1.tgz 0ms (cache hit)
815 http cache get-nonce@https://registry.npmjs.org/get-nonce/-/get-nonce-1.0.1.tgz 0ms (cache hit)
816 http cache get-caller-file@https://registry.npmjs.org/get-caller-file/-/get-caller-file-2.0.5.tgz 0ms (cache hit)
817 http cache gaxios@https://registry.npmjs.org/gaxios/-/gaxios-6.7.1.tgz 0ms (cache hit)
818 http cache gcp-metadata@https://registry.npmjs.org/gcp-metadata/-/gcp-metadata-6.1.1.tgz 0ms (cache hit)
819 http cache functional-red-black-tree@https://registry.npmjs.org/functional-red-black-tree/-/functional-red-black-tree-1.0.1.tgz 0ms (cache hit)
820 http cache fs.realpath@https://registry.npmjs.org/fs.realpath/-/fs.realpath-1.0.0.tgz 0ms (cache hit)
821 http cache fsevents@https://registry.npmjs.org/fsevents/-/fsevents-2.3.3.tgz 0ms (cache hit)
822 http cache fresh@https://registry.npmjs.org/fresh/-/fresh-0.5.2.tgz 0ms (cache hit)
823 http cache frac@https://registry.npmjs.org/frac/-/frac-1.1.2.tgz 0ms (cache hit)
824 http cache forwarded@https://registry.npmjs.org/forwarded/-/forwarded-0.2.0.tgz 0ms (cache hit)
825 http cache formdata-polyfill@https://registry.npmjs.org/formdata-polyfill/-/formdata-polyfill-4.0.10.tgz 0ms (cache hit)
826 http cache fn.name@https://registry.npmjs.org/fn.name/-/fn.name-1.1.0.tgz 0ms (cache hit)
827 http cache function-bind@https://registry.npmjs.org/function-bind/-/function-bind-1.1.2.tgz 0ms (cache hit)
828 http cache find-yarn-workspace-root@https://registry.npmjs.org/find-yarn-workspace-root/-/find-yarn-workspace-root-2.0.0.tgz 0ms (cache hit)
829 http cache fill-range@https://registry.npmjs.org/fill-range/-/fill-range-7.1.1.tgz 0ms (cache hit)
830 http cache fetch-blob@https://registry.npmjs.org/fetch-blob/-/fetch-blob-3.2.0.tgz 0ms (cache hit)
831 http cache fecha@https://registry.npmjs.org/fecha/-/fecha-4.2.3.tgz 0ms (cache hit)
832 http cache fast-glob@https://registry.npmjs.org/fast-glob/-/fast-glob-3.3.3.tgz 0ms (cache hit)
833 http cache extend@https://registry.npmjs.org/extend/-/extend-3.0.2.tgz 0ms (cache hit)
834 http cache faye-websocket@https://registry.npmjs.org/faye-websocket/-/faye-websocket-0.11.4.tgz 0ms (cache hit)
835 http cache eventemitter3@https://registry.npmjs.org/eventemitter3/-/eventemitter3-4.0.7.tgz 0ms (cache hit)
836 http cache etag@https://registry.npmjs.org/etag/-/etag-1.8.1.tgz 0ms (cache hit)
837 http cache escape-html@https://registry.npmjs.org/escape-html/-/escape-html-1.0.3.tgz 0ms (cache hit)
838 http cache es-errors@https://registry.npmjs.org/es-errors/-/es-errors-1.3.0.tgz 0ms (cache hit)
839 http cache event-target-shim@https://registry.npmjs.org/event-target-shim/-/event-target-shim-5.0.1.tgz 0ms (cache hit)
840 http cache encodeurl@https://registry.npmjs.org/encodeurl/-/encodeurl-2.0.0.tgz 0ms (cache hit)
841 http cache es-define-property@https://registry.npmjs.org/es-define-property/-/es-define-property-1.0.1.tgz 0ms (cache hit)
842 http cache enabled@https://registry.npmjs.org/enabled/-/enabled-2.0.0.tgz 0ms (cache hit)
843 http cache embla-carousel-reactive-utils@https://registry.npmjs.org/embla-carousel-reactive-utils/-/embla-carousel-reactive-utils-8.6.0.tgz 0ms (cache hit)
844 http cache embla-carousel-react@https://registry.npmjs.org/embla-carousel-react/-/embla-carousel-react-8.6.0.tgz 0ms (cache hit)
845 http cache embla-carousel@https://registry.npmjs.org/embla-carousel/-/embla-carousel-8.6.0.tgz 0ms (cache hit)
846 http cache ee-first@https://registry.npmjs.org/ee-first/-/ee-first-1.1.1.tgz 0ms (cache hit)
847 http cache ecdsa-sig-formatter@https://registry.npmjs.org/ecdsa-sig-formatter/-/ecdsa-sig-formatter-1.0.11.tgz 0ms (cache hit)
848 http cache dotprompt@https://registry.npmjs.org/dotprompt/-/dotprompt-1.1.2.tgz 0ms (cache hit)
849 http cache eastasianwidth@https://registry.npmjs.org/eastasianwidth/-/eastasianwidth-0.2.0.tgz 0ms (cache hit)
850 http cache duplexify@https://registry.npmjs.org/duplexify/-/duplexify-4.1.3.tgz 0ms (cache hit)
851 http cache dot-prop@https://registry.npmjs.org/dot-prop/-/dot-prop-6.0.1.tgz 0ms (cache hit)
852 http cache dunder-proto@https://registry.npmjs.org/dunder-proto/-/dunder-proto-1.0.1.tgz 0ms (cache hit)
853 http cache dlv@https://registry.npmjs.org/dlv/-/dlv-1.1.3.tgz 0ms (cache hit)
854 http cache es-set-tostringtag@https://registry.npmjs.org/es-set-tostringtag/-/es-set-tostringtag-2.1.0.tgz 0ms (cache hit)
855 http cache didyoumean@https://registry.npmjs.org/didyoumean/-/didyoumean-1.2.2.tgz 0ms (cache hit)
856 http cache detect-node-es@https://registry.npmjs.org/detect-node-es/-/detect-node-es-1.1.0.tgz 0ms (cache hit)
857 http cache depd@https://registry.npmjs.org/depd/-/depd-2.0.0.tgz 0ms (cache hit)
858 http cache destroy@https://registry.npmjs.org/destroy/-/destroy-1.2.0.tgz 0ms (cache hit)
859 http cache delayed-stream@https://registry.npmjs.org/delayed-stream/-/delayed-stream-1.0.0.tgz 0ms (cache hit)
860 http cache define-data-property@https://registry.npmjs.org/define-data-property/-/define-data-property-1.1.4.tgz 0ms (cache hit)
861 http cache decimal.js-light@https://registry.npmjs.org/decimal.js-light/-/decimal.js-light-2.5.1.tgz 0ms (cache hit)
862 http cache debug@https://registry.npmjs.org/debug/-/debug-2.6.9.tgz 0ms (cache hit)
863 http cache date-fns@https://registry.npmjs.org/date-fns/-/date-fns-3.6.0.tgz 0ms (cache hit)
864 http cache data-uri-to-buffer@https://registry.npmjs.org/data-uri-to-buffer/-/data-uri-to-buffer-4.0.1.tgz 0ms (cache hit)
865 http cache d3-timer@https://registry.npmjs.org/d3-timer/-/d3-timer-3.0.1.tgz 0ms (cache hit)
866 http cache d3-time-format@https://registry.npmjs.org/d3-time-format/-/d3-time-format-4.1.0.tgz 0ms (cache hit)
867 http cache d3-time@https://registry.npmjs.org/d3-time/-/d3-time-3.1.0.tgz 0ms (cache hit)
868 http cache d3-shape@https://registry.npmjs.org/d3-shape/-/d3-shape-3.2.0.tgz 0ms (cache hit)
869 http cache d3-scale@https://registry.npmjs.org/d3-scale/-/d3-scale-4.0.2.tgz 0ms (cache hit)
870 http cache d3-path@https://registry.npmjs.org/d3-path/-/d3-path-3.1.0.tgz 0ms (cache hit)
871 http cache d3-interpolate@https://registry.npmjs.org/d3-interpolate/-/d3-interpolate-3.0.1.tgz 0ms (cache hit)
872 http cache d3-ease@https://registry.npmjs.org/d3-ease/-/d3-ease-3.0.1.tgz 0ms (cache hit)
873 http cache d3-color@https://registry.npmjs.org/d3-color/-/d3-color-3.1.0.tgz 0ms (cache hit)
874 http cache d3-array@https://registry.npmjs.org/d3-array/-/d3-array-3.2.4.tgz 0ms (cache hit)
875 http cache cssesc@https://registry.npmjs.org/cssesc/-/cssesc-3.0.0.tgz 0ms (cache hit)
876 http cache create-require@https://registry.npmjs.org/create-require/-/create-require-1.1.1.tgz 0ms (cache hit)
877 http cache crc-32@https://registry.npmjs.org/crc-32/-/crc-32-1.2.2.tgz 0ms (cache hit)
878 http cache content-type@https://registry.npmjs.org/content-type/-/content-type-1.0.5.tgz 0ms (cache hit)
879 http cache content-disposition@https://registry.npmjs.org/content-disposition/-/content-disposition-0.5.4.tgz 0ms (cache hit)
880 http cache concat-map@https://registry.npmjs.org/concat-map/-/concat-map-0.0.1.tgz 0ms (cache hit)
881 http cache combined-stream@https://registry.npmjs.org/combined-stream/-/combined-stream-1.0.8.tgz 0ms (cache hit)
882 http cache colorette@https://registry.npmjs.org/colorette/-/colorette-2.0.20.tgz 0ms (cache hit)
883 http cache color-name@https://registry.npmjs.org/color-name/-/color-name-1.1.4.tgz 0ms (cache hit)
884 http cache color-convert@https://registry.npmjs.org/color-convert/-/color-convert-2.0.1.tgz 0ms (cache hit)
885 http cache codepage@https://registry.npmjs.org/codepage/-/codepage-1.15.0.tgz 0ms (cache hit)
886 http cache cmdk@https://registry.npmjs.org/cmdk/-/cmdk-1.1.1.tgz 0ms (cache hit)
887 http cache clsx@https://registry.npmjs.org/clsx/-/clsx-2.1.1.tgz 0ms (cache hit)
888 http cache client-only@https://registry.npmjs.org/client-only/-/client-only-0.0.1.tgz 0ms (cache hit)
889 http cache class-variance-authority@https://registry.npmjs.org/class-variance-authority/-/class-variance-authority-0.7.1.tgz 0ms (cache hit)
890 http cache cliui@https://registry.npmjs.org/cliui/-/cliui-8.0.1.tgz 0ms (cache hit)
891 http cache cjs-module-lexer@https://registry.npmjs.org/cjs-module-lexer/-/cjs-module-lexer-1.4.3.tgz 0ms (cache hit)
892 http cache chokidar@https://registry.npmjs.org/chokidar/-/chokidar-3.6.0.tgz 0ms (cache hit)
893 http cache ci-info@https://registry.npmjs.org/ci-info/-/ci-info-3.9.0.tgz 0ms (cache hit)
894 http cache chalk@https://registry.npmjs.org/chalk/-/chalk-4.1.2.tgz 0ms (cache hit)
895 http cache camelcase-css@https://registry.npmjs.org/camelcase-css/-/camelcase-css-2.0.1.tgz 0ms (cache hit)
896 http cache cfb@https://registry.npmjs.org/cfb/-/cfb-1.2.2.tgz 0ms (cache hit)
897 http cache busboy@https://registry.npmjs.org/busboy/-/busboy-1.6.0.tgz 0ms (cache hit)
898 http cache bytes@https://registry.npmjs.org/bytes/-/bytes-3.1.2.tgz 0ms (cache hit)
899 http cache braces@https://registry.npmjs.org/braces/-/braces-3.0.3.tgz 0ms (cache hit)
900 http cache dom-helpers@https://registry.npmjs.org/dom-helpers/-/dom-helpers-5.2.1.tgz 0ms (cache hit)
901 http cache bcryptjs@https://registry.npmjs.org/bcryptjs/-/bcryptjs-3.0.3.tgz 0ms (cache hit)
902 http cache binary-extensions@https://registry.npmjs.org/binary-extensions/-/binary-extensions-2.3.0.tgz 0ms (cache hit)
903 http cache base64-js@https://registry.npmjs.org/base64-js/-/base64-js-1.5.1.tgz 0ms (cache hit)
904 http cache balanced-match@https://registry.npmjs.org/balanced-match/-/balanced-match-1.0.2.tgz 0ms (cache hit)
905 http cache asynckit@https://registry.npmjs.org/asynckit/-/asynckit-0.4.0.tgz 0ms (cache hit)
906 http cache async-retry@https://registry.npmjs.org/async-retry/-/async-retry-1.3.3.tgz 0ms (cache hit)
907 http cache async-mutex@https://registry.npmjs.org/async-mutex/-/async-mutex-0.5.0.tgz 0ms (cache hit)
908 http cache async@https://registry.npmjs.org/async/-/async-3.2.6.tgz 0ms (cache hit)
909 http cache arrify@https://registry.npmjs.org/arrify/-/arrify-2.0.1.tgz 0ms (cache hit)
910 http cache array-flatten@https://registry.npmjs.org/array-flatten/-/array-flatten-1.1.1.tgz 0ms (cache hit)
911 http cache argparse@https://registry.npmjs.org/argparse/-/argparse-2.0.1.tgz 0ms (cache hit)
912 http cache buffer-equal-constant-time@https://registry.npmjs.org/buffer-equal-constant-time/-/buffer-equal-constant-time-1.0.1.tgz 0ms (cache hit)
913 http cache arg@https://registry.npmjs.org/arg/-/arg-5.0.2.tgz 0ms (cache hit)
914 http cache any-promise@https://registry.npmjs.org/any-promise/-/any-promise-1.3.0.tgz 0ms (cache hit)
915 http cache anymatch@https://registry.npmjs.org/anymatch/-/anymatch-3.1.3.tgz 0ms (cache hit)
916 http cache adler-32@https://registry.npmjs.org/adler-32/-/adler-32-1.3.1.tgz 0ms (cache hit)
917 http cache acorn-import-attributes@https://registry.npmjs.org/acorn-import-attributes/-/acorn-import-attributes-1.9.5.tgz 0ms (cache hit)
918 http cache ajv-formats@https://registry.npmjs.org/ajv-formats/-/ajv-formats-3.0.1.tgz 0ms (cache hit)
919 http cache accepts@https://registry.npmjs.org/accepts/-/accepts-1.3.8.tgz 0ms (cache hit)
920 http cache abort-controller@https://registry.npmjs.org/abort-controller/-/abort-controller-3.0.0.tgz 0ms (cache hit)
921 http cache @grpc/proto-loader@https://registry.npmjs.org/@grpc/proto-loader/-/proto-loader-0.8.0.tgz 0ms (cache hit)
922 http cache uuid@https://registry.npmjs.org/uuid/-/uuid-8.3.2.tgz 0ms (cache hit)
923 http cache uuid@https://registry.npmjs.org/uuid/-/uuid-9.0.1.tgz 0ms (cache hit)
924 http cache uuid@https://registry.npmjs.org/uuid/-/uuid-9.0.1.tgz 0ms (cache hit)
925 http cache uuid@https://registry.npmjs.org/uuid/-/uuid-9.0.1.tgz 0ms (cache hit)
926 http cache mime@https://registry.npmjs.org/mime/-/mime-1.6.0.tgz 0ms (cache hit)
927 http cache is-wsl@https://registry.npmjs.org/is-wsl/-/is-wsl-2.2.0.tgz 0ms (cache hit)
928 http cache open@https://registry.npmjs.org/open/-/open-7.4.2.tgz 0ms (cache hit)
929 http cache semver@https://registry.npmjs.org/semver/-/semver-6.3.1.tgz 0ms (cache hit)
930 http cache uuid@https://registry.npmjs.org/uuid/-/uuid-8.3.2.tgz 0ms (cache hit)
931 http cache uuid@https://registry.npmjs.org/uuid/-/uuid-11.1.0.tgz 0ms (cache hit)
932 http cache uuid@https://registry.npmjs.org/uuid/-/uuid-8.3.2.tgz 0ms (cache hit)
933 http cache uuid@https://registry.npmjs.org/uuid/-/uuid-8.3.2.tgz 0ms (cache hit)
934 http cache @opentelemetry/semantic-conventions@https://registry.npmjs.org/@opentelemetry/semantic-conventions/-/semantic-conventions-1.25.1.tgz 0ms (cache hit)
935 http cache @opentelemetry/semantic-conventions@https://registry.npmjs.org/@opentelemetry/semantic-conventions/-/semantic-conventions-1.25.1.tgz 0ms (cache hit)
936 http cache @opentelemetry/semantic-conventions@https://registry.npmjs.org/@opentelemetry/semantic-conventions/-/semantic-conventions-1.25.1.tgz 0ms (cache hit)
937 http cache @opentelemetry/semantic-conventions@https://registry.npmjs.org/@opentelemetry/semantic-conventions/-/semantic-conventions-1.25.1.tgz 0ms (cache hit)
938 http cache @opentelemetry/semantic-conventions@https://registry.npmjs.org/@opentelemetry/semantic-conventions/-/semantic-conventions-1.25.1.tgz 0ms (cache hit)
939 http cache @opentelemetry/semantic-conventions@https://registry.npmjs.org/@opentelemetry/semantic-conventions/-/semantic-conventions-1.25.1.tgz 0ms (cache hit)
940 http cache @opentelemetry/semantic-conventions@https://registry.npmjs.org/@opentelemetry/semantic-conventions/-/semantic-conventions-1.25.1.tgz 0ms (cache hit)
941 http cache @jridgewell/trace-mapping@https://registry.npmjs.org/@jridgewell/trace-mapping/-/trace-mapping-0.3.9.tgz 0ms (cache hit)
942 http cache arg@https://registry.npmjs.org/arg/-/arg-4.1.3.tgz 0ms (cache hit)
943 http cache react-is@https://registry.npmjs.org/react-is/-/react-is-16.13.1.tgz 0ms (cache hit)
944 http cache uuid@https://registry.npmjs.org/uuid/-/uuid-9.0.1.tgz 0ms (cache hit)
945 http cache uuid@https://registry.npmjs.org/uuid/-/uuid-9.0.1.tgz 0ms (cache hit)
946 http cache wrap-ansi@https://registry.npmjs.org/wrap-ansi/-/wrap-ansi-7.0.0.tgz 0ms (cache hit)
947 http cache uuid@https://registry.npmjs.org/uuid/-/uuid-9.0.1.tgz 0ms (cache hit)
948 silly tarball no local data for yaml@https://registry.npmjs.org/yaml/-/yaml-2.8.0.tgz. Extracting by manifest.
949 silly tarball no local data for @grpc/proto-loader@https://registry.npmjs.org/@grpc/proto-loader/-/proto-loader-0.7.13.tgz. Extracting by manifest.
950 silly tarball no local data for which@https://registry.npmjs.org/which/-/which-2.0.2.tgz. Extracting by manifest.
951 silly tarball no local data for uuid@https://registry.npmjs.org/uuid/-/uuid-10.0.0.tgz. Extracting by manifest.
952 silly tarball no local data for tsx@https://registry.npmjs.org/tsx/-/tsx-4.20.6.tgz. Extracting by manifest.
953 silly tarball no local data for typescript@https://registry.npmjs.org/typescript/-/typescript-5.7.3.tgz. Extracting by manifest.
954 silly tarball no local data for tailwindcss@https://registry.npmjs.org/tailwindcss/-/tailwindcss-3.4.17.tgz. Extracting by manifest.
955 silly tarball no local data for sucrase@https://registry.npmjs.org/sucrase/-/sucrase-3.35.0.tgz. Extracting by manifest.
956 silly tarball no local data for supabase@https://registry.npmjs.org/supabase/-/supabase-2.117.0.tgz. Extracting by manifest.
957 silly tarball no local data for semver@https://registry.npmjs.org/semver/-/semver-7.7.2.tgz. Extracting by manifest.
958 silly tarball no local data for resolve@https://registry.npmjs.org/resolve/-/resolve-1.22.10.tgz. Extracting by manifest.
959 silly tarball no local data for qrcode@https://registry.npmjs.org/qrcode/-/qrcode-1.5.4.tgz. Extracting by manifest.
960 silly tarball no local data for ps-tree@https://registry.npmjs.org/ps-tree/-/ps-tree-1.2.0.tgz. Extracting by manifest.
961 silly tarball no local data for patch-package@https://registry.npmjs.org/patch-package/-/patch-package-8.0.0.tgz. Extracting by manifest.
962 silly tarball no local data for nanoid@https://registry.npmjs.org/nanoid/-/nanoid-3.3.8.tgz. Extracting by manifest.
963 silly tarball no local data for handlebars@https://registry.npmjs.org/handlebars/-/handlebars-4.7.8.tgz. Extracting by manifest.
964 silly tarball no local data for mkdirp@https://registry.npmjs.org/mkdirp/-/mkdirp-0.5.6.tgz. Extracting by manifest.
965 silly tarball no local data for next@https://registry.npmjs.org/next/-/next-15.3.8.tgz. Extracting by manifest.
966 silly tarball no local data for hexer@https://registry.npmjs.org/hexer/-/hexer-1.5.0.tgz. Extracting by manifest.
967 silly tarball no local data for glob@https://registry.npmjs.org/glob/-/glob-10.4.5.tgz. Extracting by manifest.
968 silly tarball no local data for thriftrw@https://registry.npmjs.org/thriftrw/-/thriftrw-3.11.4.tgz. Extracting by manifest.
969 silly tarball no local data for js-yaml@https://registry.npmjs.org/js-yaml/-/js-yaml-4.1.0.tgz. Extracting by manifest.
970 silly tarball no local data for fast-xml-parser@https://registry.npmjs.org/fast-xml-parser/-/fast-xml-parser-4.5.3.tgz. Extracting by manifest.
971 silly tarball no local data for genkit-cli@https://registry.npmjs.org/genkit-cli/-/genkit-cli-1.20.0.tgz. Extracting by manifest.
972 silly tarball no local data for extract-zip@https://registry.npmjs.org/extract-zip/-/extract-zip-2.0.1.tgz. Extracting by manifest.
973 silly tarball no local data for acorn@https://registry.npmjs.org/acorn/-/acorn-8.15.0.tgz. Extracting by manifest.
974 silly tarball no local data for @types/triple-beam@https://registry.npmjs.org/@types/triple-beam/-/triple-beam-1.3.5.tgz. Extracting by manifest.
975 silly tarball no local data for @yarnpkg/lockfile@https://registry.npmjs.org/@yarnpkg/lockfile/-/lockfile-1.1.0.tgz. Extracting by manifest.
976 silly tarball no local data for esbuild@https://registry.npmjs.org/esbuild/-/esbuild-0.25.10.tgz. Extracting by manifest.
977 silly tarball no local data for @types/tedious@https://registry.npmjs.org/@types/tedious/-/tedious-4.0.14.tgz. Extracting by manifest.
978 silly tarball no local data for @types/shimmer@https://registry.npmjs.org/@types/shimmer/-/shimmer-1.2.0.tgz. Extracting by manifest.
979 silly tarball no local data for @types/request@https://registry.npmjs.org/@types/request/-/request-2.48.13.tgz. Extracting by manifest.
980 silly tarball no local data for @types/recharts@https://registry.npmjs.org/@types/recharts/-/recharts-1.8.29.tgz. Extracting by manifest.
981 silly tarball no local data for @types/pg@https://registry.npmjs.org/@types/pg/-/pg-8.6.1.tgz. Extracting by manifest.
982 silly tarball no local data for @types/mysql@https://registry.npmjs.org/@types/mysql/-/mysql-2.15.22.tgz. Extracting by manifest.
983 silly tarball no local data for @types/pg-pool@https://registry.npmjs.org/@types/pg-pool/-/pg-pool-2.0.4.tgz. Extracting by manifest.
984 silly tarball no local data for @types/ms@https://registry.npmjs.org/@types/ms/-/ms-2.1.0.tgz. Extracting by manifest.
985 silly tarball no local data for @types/memcached@https://registry.npmjs.org/@types/memcached/-/memcached-2.2.10.tgz. Extracting by manifest.
986 silly tarball no local data for @types/long@https://registry.npmjs.org/@types/long/-/long-4.0.2.tgz. Extracting by manifest.
987 silly tarball no local data for @types/tough-cookie@https://registry.npmjs.org/@types/tough-cookie/-/tough-cookie-4.0.5.tgz. Extracting by manifest.
988 silly tarball no local data for @types/jsonwebtoken@https://registry.npmjs.org/@types/jsonwebtoken/-/jsonwebtoken-9.0.10.tgz. Extracting by manifest.
989 silly tarball no local data for @types/d3-timer@https://registry.npmjs.org/@types/d3-timer/-/d3-timer-3.0.2.tgz. Extracting by manifest.
990 silly tarball no local data for @types/d3-time@https://registry.npmjs.org/@types/d3-time/-/d3-time-3.0.4.tgz. Extracting by manifest.
991 silly tarball no local data for @types/d3-scale@https://registry.npmjs.org/@types/d3-scale/-/d3-scale-4.0.9.tgz. Extracting by manifest.
992 silly tarball no local data for @types/d3-interpolate@https://registry.npmjs.org/@types/d3-interpolate/-/d3-interpolate-3.0.4.tgz. Extracting by manifest.
993 silly tarball no local data for @types/d3-ease@https://registry.npmjs.org/@types/d3-ease/-/d3-ease-3.0.2.tgz. Extracting by manifest.
994 silly tarball no local data for @types/d3-color@https://registry.npmjs.org/@types/d3-color/-/d3-color-3.1.3.tgz. Extracting by manifest.
995 silly tarball no local data for @types/connect@https://registry.npmjs.org/@types/connect/-/connect-3.4.36.tgz. Extracting by manifest.
996 silly tarball no local data for @types/bunyan@https://registry.npmjs.org/@types/bunyan/-/bunyan-1.8.9.tgz. Extracting by manifest.
997 silly tarball no local data for @types/caseless@https://registry.npmjs.org/@types/caseless/-/caseless-0.12.5.tgz. Extracting by manifest.
998 silly tarball no local data for @types/aws-lambda@https://registry.npmjs.org/@types/aws-lambda/-/aws-lambda-8.10.122.tgz. Extracting by manifest.
999 silly tarball no local data for @tsconfig/node16@https://registry.npmjs.org/@tsconfig/node16/-/node16-1.0.4.tgz. Extracting by manifest.
1000 silly tarball no local data for @types/bcryptjs@https://registry.npmjs.org/@types/bcryptjs/-/bcryptjs-2.4.6.tgz. Extracting by manifest.
1001 silly tarball no local data for @tsconfig/node14@https://registry.npmjs.org/@tsconfig/node14/-/node14-1.0.3.tgz. Extracting by manifest.
1002 silly tarball no local data for @tsconfig/node12@https://registry.npmjs.org/@tsconfig/node12/-/node12-1.0.11.tgz. Extracting by manifest.
1003 silly tarball no local data for @swc/helpers@https://registry.npmjs.org/@swc/helpers/-/helpers-0.5.15.tgz. Extracting by manifest.
1004 silly tarball no local data for @swc/counter@https://registry.npmjs.org/@swc/counter/-/counter-0.1.3.tgz. Extracting by manifest.
1005 silly tarball no local data for @supabase/ssr@https://registry.npmjs.org/@supabase/ssr/-/ssr-0.8.0.tgz. Extracting by manifest.
1006 silly tarball no local data for @standard-schema/utils@https://registry.npmjs.org/@standard-schema/utils/-/utils-0.3.0.tgz. Extracting by manifest.
1007 silly tarball no local data for @protobufjs/pool@https://registry.npmjs.org/@protobufjs/pool/-/pool-1.1.0.tgz. Extracting by manifest.
1008 silly tarball no local data for @protobufjs/path@https://registry.npmjs.org/@protobufjs/path/-/path-1.1.2.tgz. Extracting by manifest.
1009 silly tarball no local data for @protobufjs/float@https://registry.npmjs.org/@protobufjs/float/-/float-1.0.2.tgz. Extracting by manifest.
1010 silly tarball no local data for @protobufjs/aspromise@https://registry.npmjs.org/@protobufjs/aspromise/-/aspromise-1.1.2.tgz. Extracting by manifest.
1011 silly tarball no local data for @pkgjs/parseargs@https://registry.npmjs.org/@pkgjs/parseargs/-/parseargs-0.11.0.tgz. Extracting by manifest.
1012 silly tarball no local data for @opentelemetry/sql-common@https://registry.npmjs.org/@opentelemetry/sql-common/-/sql-common-0.40.1.tgz. Extracting by manifest.
1013 silly tarball no local data for @protobufjs/base64@https://registry.npmjs.org/@protobufjs/base64/-/base64-1.1.2.tgz. Extracting by manifest.
1014 silly tarball no local data for @opentelemetry/sdk-trace-node@https://registry.npmjs.org/@opentelemetry/sdk-trace-node/-/sdk-trace-node-1.25.1.tgz. Extracting by manifest.
1015 silly tarball no local data for @opentelemetry/sdk-trace-base@https://registry.npmjs.org/@opentelemetry/sdk-trace-base/-/sdk-trace-base-1.25.1.tgz. Extracting by manifest.
1016 silly tarball no local data for @opentelemetry/sdk-node@https://registry.npmjs.org/@opentelemetry/sdk-node/-/sdk-node-0.52.1.tgz. Extracting by manifest.
1017 silly tarball no local data for @opentelemetry/sdk-logs@https://registry.npmjs.org/@opentelemetry/sdk-logs/-/sdk-logs-0.52.1.tgz. Extracting by manifest.
1018 silly tarball no local data for @opentelemetry/resources@https://registry.npmjs.org/@opentelemetry/resources/-/resources-1.25.1.tgz. Extracting by manifest.
1019 silly tarball no local data for @opentelemetry/resource-detector-container@https://registry.npmjs.org/@opentelemetry/resource-detector-container/-/resource-detector-container-0.4.4.tgz. Extracting by manifest.
1020 silly tarball no local data for @opentelemetry/resource-detector-gcp@https://registry.npmjs.org/@opentelemetry/resource-detector-gcp/-/resource-detector-gcp-0.29.13.tgz. Extracting by manifest.
1021 silly tarball no local data for @opentelemetry/resource-detector-azure@https://registry.npmjs.org/@opentelemetry/resource-detector-azure/-/resource-detector-azure-0.2.12.tgz. Extracting by manifest.
1022 silly tarball no local data for @opentelemetry/resource-detector-aws@https://registry.npmjs.org/@opentelemetry/resource-detector-aws/-/resource-detector-aws-1.12.0.tgz. Extracting by manifest.
1023 silly tarball no local data for @opentelemetry/resource-detector-alibaba-cloud@https://registry.npmjs.org/@opentelemetry/resource-detector-alibaba-cloud/-/resource-detector-alibaba-cloud-0.29.7.tgz. Extracting by manifest.
1024 silly tarball no local data for @opentelemetry/redis-common@https://registry.npmjs.org/@opentelemetry/redis-common/-/redis-common-0.36.2.tgz. Extracting by manifest.
1025 silly tarball no local data for @opentelemetry/propagator-b3@https://registry.npmjs.org/@opentelemetry/propagator-b3/-/propagator-b3-1.25.1.tgz. Extracting by manifest.
1026 silly tarball no local data for @opentelemetry/propagator-jaeger@https://registry.npmjs.org/@opentelemetry/propagator-jaeger/-/propagator-jaeger-1.25.1.tgz. Extracting by manifest.
1027 silly tarball no local data for @opentelemetry/propagator-aws-xray@https://registry.npmjs.org/@opentelemetry/propagator-aws-xray/-/propagator-aws-xray-1.26.2.tgz. Extracting by manifest.
1028 silly tarball no local data for @opentelemetry/sdk-metrics@https://registry.npmjs.org/@opentelemetry/sdk-metrics/-/sdk-metrics-1.25.1.tgz. Extracting by manifest.
1029 silly tarball no local data for @opentelemetry/propagation-utils@https://registry.npmjs.org/@opentelemetry/propagation-utils/-/propagation-utils-0.30.16.tgz. Extracting by manifest.
1030 silly tarball no local data for @opentelemetry/otlp-grpc-exporter-base@https://registry.npmjs.org/@opentelemetry/otlp-grpc-exporter-base/-/otlp-grpc-exporter-base-0.52.1.tgz. Extracting by manifest.
1031 silly tarball no local data for @opentelemetry/otlp-transformer@https://registry.npmjs.org/@opentelemetry/otlp-transformer/-/otlp-transformer-0.52.1.tgz. Extracting by manifest.
1032 silly tarball no local data for @opentelemetry/instrumentation-winston@https://registry.npmjs.org/@opentelemetry/instrumentation-winston/-/instrumentation-winston-0.39.0.tgz. Extracting by manifest.
1033 silly tarball no local data for @opentelemetry/instrumentation-undici@https://registry.npmjs.org/@opentelemetry/instrumentation-undici/-/instrumentation-undici-0.5.0.tgz. Extracting by manifest.
1034 silly tarball no local data for @opentelemetry/instrumentation-socket.io@https://registry.npmjs.org/@opentelemetry/instrumentation-socket.io/-/instrumentation-socket.io-0.41.0.tgz. Extracting by manifest.
1035 silly tarball no local data for @opentelemetry/instrumentation-tedious@https://registry.npmjs.org/@opentelemetry/instrumentation-tedious/-/instrumentation-tedious-0.13.0.tgz. Extracting by manifest.
1036 silly tarball no local data for @opentelemetry/instrumentation-router@https://registry.npmjs.org/@opentelemetry/instrumentation-router/-/instrumentation-router-0.39.0.tgz. Extracting by manifest.
1037 silly tarball no local data for @opentelemetry/otlp-exporter-base@https://registry.npmjs.org/@opentelemetry/otlp-exporter-base/-/otlp-exporter-base-0.52.1.tgz. Extracting by manifest.
1038 silly tarball no local data for @opentelemetry/instrumentation-restify@https://registry.npmjs.org/@opentelemetry/instrumentation-restify/-/instrumentation-restify-0.40.0.tgz. Extracting by manifest.
1039 silly tarball no local data for @opentelemetry/instrumentation-redis-4@https://registry.npmjs.org/@opentelemetry/instrumentation-redis-4/-/instrumentation-redis-4-0.41.1.tgz. Extracting by manifest.
1040 silly tarball no local data for @opentelemetry/instrumentation-pg@https://registry.npmjs.org/@opentelemetry/instrumentation-pg/-/instrumentation-pg-0.43.0.tgz. Extracting by manifest.
1041 silly tarball no local data for @opentelemetry/instrumentation-redis@https://registry.npmjs.org/@opentelemetry/instrumentation-redis/-/instrumentation-redis-0.41.0.tgz. Extracting by manifest.
1042 silly tarball no local data for @opentelemetry/instrumentation-net@https://registry.npmjs.org/@opentelemetry/instrumentation-net/-/instrumentation-net-0.38.0.tgz. Extracting by manifest.
1043 silly tarball no local data for @opentelemetry/instrumentation-pino@https://registry.npmjs.org/@opentelemetry/instrumentation-pino/-/instrumentation-pino-0.41.0.tgz. Extracting by manifest.
1044 silly tarball no local data for @opentelemetry/instrumentation-mysql2@https://registry.npmjs.org/@opentelemetry/instrumentation-mysql2/-/instrumentation-mysql2-0.40.0.tgz. Extracting by manifest.
1045 silly tarball no local data for @opentelemetry/instrumentation-mysql@https://registry.npmjs.org/@opentelemetry/instrumentation-mysql/-/instrumentation-mysql-0.40.0.tgz. Extracting by manifest.
1046 silly tarball no local data for @opentelemetry/instrumentation-nestjs-core@https://registry.npmjs.org/@opentelemetry/instrumentation-nestjs-core/-/instrumentation-nestjs-core-0.39.0.tgz. Extracting by manifest.
1047 silly tarball no local data for @opentelemetry/instrumentation-mongoose@https://registry.npmjs.org/@opentelemetry/instrumentation-mongoose/-/instrumentation-mongoose-0.41.0.tgz. Extracting by manifest.
1048 silly tarball no local data for @opentelemetry/instrumentation-memcached@https://registry.npmjs.org/@opentelemetry/instrumentation-memcached/-/instrumentation-memcached-0.38.0.tgz. Extracting by manifest.
1049 silly tarball no local data for @opentelemetry/instrumentation-mongodb@https://registry.npmjs.org/@opentelemetry/instrumentation-mongodb/-/instrumentation-mongodb-0.46.0.tgz. Extracting by manifest.
1050 silly tarball no local data for @opentelemetry/instrumentation-lru-memoizer@https://registry.npmjs.org/@opentelemetry/instrumentation-lru-memoizer/-/instrumentation-lru-memoizer-0.39.0.tgz. Extracting by manifest.
1051 silly tarball no local data for @opentelemetry/instrumentation-koa@https://registry.npmjs.org/@opentelemetry/instrumentation-koa/-/instrumentation-koa-0.42.0.tgz. Extracting by manifest.
1052 silly tarball no local data for @opentelemetry/instrumentation-knex@https://registry.npmjs.org/@opentelemetry/instrumentation-knex/-/instrumentation-knex-0.39.0.tgz. Extracting by manifest.
1053 silly tarball no local data for @opentelemetry/instrumentation-kafkajs@https://registry.npmjs.org/@opentelemetry/instrumentation-kafkajs/-/instrumentation-kafkajs-0.2.0.tgz. Extracting by manifest.
1054 silly tarball no local data for @opentelemetry/instrumentation-http@https://registry.npmjs.org/@opentelemetry/instrumentation-http/-/instrumentation-http-0.52.1.tgz. Extracting by manifest.
1055 silly tarball no local data for @opentelemetry/instrumentation-ioredis@https://registry.npmjs.org/@opentelemetry/instrumentation-ioredis/-/instrumentation-ioredis-0.42.0.tgz. Extracting by manifest.
1056 silly tarball no local data for @opentelemetry/instrumentation-grpc@https://registry.npmjs.org/@opentelemetry/instrumentation-grpc/-/instrumentation-grpc-0.52.1.tgz. Extracting by manifest.
1057 silly tarball no local data for @opentelemetry/instrumentation-hapi@https://registry.npmjs.org/@opentelemetry/instrumentation-hapi/-/instrumentation-hapi-0.40.0.tgz. Extracting by manifest.
1058 silly tarball no local data for @opentelemetry/instrumentation-fs@https://registry.npmjs.org/@opentelemetry/instrumentation-fs/-/instrumentation-fs-0.14.0.tgz. Extracting by manifest.
1059 silly tarball no local data for @opentelemetry/instrumentation-generic-pool@https://registry.npmjs.org/@opentelemetry/instrumentation-generic-pool/-/instrumentation-generic-pool-0.38.1.tgz. Extracting by manifest.
1060 silly tarball no local data for @opentelemetry/instrumentation-graphql@https://registry.npmjs.org/@opentelemetry/instrumentation-graphql/-/instrumentation-graphql-0.42.0.tgz. Extracting by manifest.
1061 silly tarball no local data for @opentelemetry/instrumentation-fastify@https://registry.npmjs.org/@opentelemetry/instrumentation-fastify/-/instrumentation-fastify-0.38.0.tgz. Extracting by manifest.
1062 silly tarball no local data for @opentelemetry/instrumentation-express@https://registry.npmjs.org/@opentelemetry/instrumentation-express/-/instrumentation-express-0.41.1.tgz. Extracting by manifest.
1063 silly tarball no local data for @opentelemetry/instrumentation-dataloader@https://registry.npmjs.org/@opentelemetry/instrumentation-dataloader/-/instrumentation-dataloader-0.11.0.tgz. Extracting by manifest.
1064 silly tarball no local data for @opentelemetry/instrumentation-cucumber@https://registry.npmjs.org/@opentelemetry/instrumentation-cucumber/-/instrumentation-cucumber-0.8.0.tgz. Extracting by manifest.
1065 silly tarball no local data for @opentelemetry/instrumentation-connect@https://registry.npmjs.org/@opentelemetry/instrumentation-connect/-/instrumentation-connect-0.38.0.tgz. Extracting by manifest.
1066 silly tarball no local data for @opentelemetry/instrumentation-cassandra-driver@https://registry.npmjs.org/@opentelemetry/instrumentation-cassandra-driver/-/instrumentation-cassandra-driver-0.40.0.tgz. Extracting by manifest.
1067 silly tarball no local data for @opentelemetry/instrumentation-bunyan@https://registry.npmjs.org/@opentelemetry/instrumentation-bunyan/-/instrumentation-bunyan-0.40.0.tgz. Extracting by manifest.
1068 silly tarball no local data for @opentelemetry/instrumentation-aws-sdk@https://registry.npmjs.org/@opentelemetry/instrumentation-aws-sdk/-/instrumentation-aws-sdk-0.43.1.tgz. Extracting by manifest.
1069 silly tarball no local data for @opentelemetry/instrumentation-aws-lambda@https://registry.npmjs.org/@opentelemetry/instrumentation-aws-lambda/-/instrumentation-aws-lambda-0.43.0.tgz. Extracting by manifest.
1070 silly tarball no local data for @opentelemetry/instrumentation-amqplib@https://registry.npmjs.org/@opentelemetry/instrumentation-amqplib/-/instrumentation-amqplib-0.41.0.tgz. Extracting by manifest.
1071 silly tarball no local data for @opentelemetry/instrumentation@https://registry.npmjs.org/@opentelemetry/instrumentation/-/instrumentation-0.52.1.tgz. Extracting by manifest.
1072 silly tarball no local data for @opentelemetry/instrumentation-dns@https://registry.npmjs.org/@opentelemetry/instrumentation-dns/-/instrumentation-dns-0.38.0.tgz. Extracting by manifest.
1073 silly tarball no local data for @opentelemetry/exporter-zipkin@https://registry.npmjs.org/@opentelemetry/exporter-zipkin/-/exporter-zipkin-1.25.1.tgz. Extracting by manifest.
1074 silly tarball no local data for @opentelemetry/exporter-trace-otlp-proto@https://registry.npmjs.org/@opentelemetry/exporter-trace-otlp-proto/-/exporter-trace-otlp-proto-0.52.1.tgz. Extracting by manifest.
1075 silly tarball no local data for @opentelemetry/exporter-trace-otlp-http@https://registry.npmjs.org/@opentelemetry/exporter-trace-otlp-http/-/exporter-trace-otlp-http-0.52.1.tgz. Extracting by manifest.
1076 silly tarball no local data for @opentelemetry/context-async-hooks@https://registry.npmjs.org/@opentelemetry/context-async-hooks/-/context-async-hooks-1.25.1.tgz. Extracting by manifest.
1077 silly tarball no local data for @opentelemetry/core@https://registry.npmjs.org/@opentelemetry/core/-/core-1.25.1.tgz. Extracting by manifest.
1078 silly tarball no local data for @opentelemetry/exporter-trace-otlp-grpc@https://registry.npmjs.org/@opentelemetry/exporter-trace-otlp-grpc/-/exporter-trace-otlp-grpc-0.52.1.tgz. Extracting by manifest.
1079 silly tarball no local data for @opentelemetry/api-logs@https://registry.npmjs.org/@opentelemetry/api-logs/-/api-logs-0.52.1.tgz. Extracting by manifest.
1080 silly tarball no local data for @opentelemetry/auto-instrumentations-node@https://registry.npmjs.org/@opentelemetry/auto-instrumentations-node/-/auto-instrumentations-node-0.49.2.tgz. Extracting by manifest.
1081 silly tarball no local data for @nodelib/fs.walk@https://registry.npmjs.org/@nodelib/fs.walk/-/fs.walk-1.2.8.tgz. Extracting by manifest.
1082 silly tarball no local data for @nodelib/fs.scandir@https://registry.npmjs.org/@nodelib/fs.scandir/-/fs.scandir-2.1.5.tgz. Extracting by manifest.
1083 silly tarball no local data for @nodelib/fs.stat@https://registry.npmjs.org/@nodelib/fs.stat/-/fs.stat-2.0.5.tgz. Extracting by manifest.
1084 silly tarball no local data for @next/env@https://registry.npmjs.org/@next/env/-/env-15.3.8.tgz. Extracting by manifest.
1085 silly tarball no local data for @js-sdsl/ordered-map@https://registry.npmjs.org/@js-sdsl/ordered-map/-/ordered-map-4.4.2.tgz. Extracting by manifest.
1086 silly tarball no local data for @jridgewell/resolve-uri@https://registry.npmjs.org/@jridgewell/resolve-uri/-/resolve-uri-3.1.2.tgz. Extracting by manifest.
1087 silly tarball no local data for @hookform/resolvers@https://registry.npmjs.org/@hookform/resolvers/-/resolvers-4.1.3.tgz. Extracting by manifest.
1088 silly tarball no local data for @google-cloud/promisify@https://registry.npmjs.org/@google-cloud/promisify/-/promisify-4.0.0.tgz. Extracting by manifest.
1089 silly tarball no local data for @isaacs/cliui@https://registry.npmjs.org/@isaacs/cliui/-/cliui-8.0.2.tgz. Extracting by manifest.
1090 silly tarball no local data for @google-cloud/projectify@https://registry.npmjs.org/@google-cloud/projectify/-/projectify-4.0.0.tgz. Extracting by manifest.
1091 silly tarball no local data for @google-cloud/precise-date@https://registry.npmjs.org/@google-cloud/precise-date/-/precise-date-4.0.0.tgz. Extracting by manifest.
1092 silly tarball no local data for @google-cloud/paginator@https://registry.npmjs.org/@google-cloud/paginator/-/paginator-5.0.2.tgz. Extracting by manifest.
1093 silly tarball no local data for @google-cloud/opentelemetry-cloud-trace-exporter@https://registry.npmjs.org/@google-cloud/opentelemetry-cloud-trace-exporter/-/opentelemetry-cloud-trace-exporter-2.4.1.tgz. Extracting by manifest.
1094 silly tarball no local data for @google-cloud/opentelemetry-resource-util@https://registry.npmjs.org/@google-cloud/opentelemetry-resource-util/-/opentelemetry-resource-util-2.4.0.tgz. Extracting by manifest.
1095 silly tarball no local data for @google-cloud/firestore@https://registry.npmjs.org/@google-cloud/firestore/-/firestore-7.11.6.tgz. Extracting by manifest.
1096 silly tarball no local data for @dnd-kit/sortable@https://registry.npmjs.org/@dnd-kit/sortable/-/sortable-8.0.0.tgz. Extracting by manifest.
1097 silly tarball no local data for @google-cloud/opentelemetry-cloud-monitoring-exporter@https://registry.npmjs.org/@google-cloud/opentelemetry-cloud-monitoring-exporter/-/opentelemetry-cloud-monitoring-exporter-0.19.0.tgz. Extracting by manifest.
1098 silly tarball no local data for @dnd-kit/modifiers@https://registry.npmjs.org/@dnd-kit/modifiers/-/modifiers-7.0.0.tgz. Extracting by manifest.
1099 silly tarball no local data for @dnd-kit/core@https://registry.npmjs.org/@dnd-kit/core/-/core-6.3.1.tgz. Extracting by manifest.
1100 silly tarball no local data for @dnd-kit/utilities@https://registry.npmjs.org/@dnd-kit/utilities/-/utilities-3.2.2.tgz. Extracting by manifest.
1101 silly tarball no local data for yn@https://registry.npmjs.org/yn/-/yn-3.1.1.tgz. Extracting by manifest.
1102 silly tarball no local data for yargs-parser@https://registry.npmjs.org/yargs-parser/-/yargs-parser-21.1.1.tgz. Extracting by manifest.
1103 silly tarball no local data for @cspotcode/source-map-support@https://registry.npmjs.org/@cspotcode/source-map-support/-/source-map-support-0.8.1.tgz. Extracting by manifest.
1104 silly tarball no local data for @dnd-kit/accessibility@https://registry.npmjs.org/@dnd-kit/accessibility/-/accessibility-3.1.1.tgz. Extracting by manifest.
1105 silly tarball no local data for y18n@https://registry.npmjs.org/y18n/-/y18n-5.0.8.tgz. Extracting by manifest.
1106 silly tarball no local data for wrappy@https://registry.npmjs.org/wrappy/-/wrappy-1.0.2.tgz. Extracting by manifest.
1107 silly tarball no local data for xtend@https://registry.npmjs.org/xtend/-/xtend-4.0.2.tgz. Extracting by manifest.
1108 silly tarball no local data for xlsx@https://registry.npmjs.org/xlsx/-/xlsx-0.18.5.tgz. Extracting by manifest.
1109 silly tarball no local data for wrap-ansi-cjs@https://registry.npmjs.org/wrap-ansi/-/wrap-ansi-7.0.0.tgz. Extracting by manifest.
1110 silly tarball no local data for wordwrap@https://registry.npmjs.org/wordwrap/-/wordwrap-1.0.0.tgz. Extracting by manifest.
1111 silly tarball no local data for word@https://registry.npmjs.org/word/-/word-0.3.0.tgz. Extracting by manifest.
1112 silly tarball no local data for wmf@https://registry.npmjs.org/wmf/-/wmf-1.0.2.tgz. Extracting by manifest.
1113 silly tarball no local data for whatwg-url@https://registry.npmjs.org/whatwg-url/-/whatwg-url-5.0.0.tgz. Extracting by manifest.
1114 silly tarball no local data for winston-transport@https://registry.npmjs.org/winston-transport/-/winston-transport-4.9.0.tgz. Extracting by manifest.
1115 silly tarball no local data for websocket-extensions@https://registry.npmjs.org/websocket-extensions/-/websocket-extensions-0.1.4.tgz. Extracting by manifest.
1116 silly tarball no local data for web-streams-polyfill@https://registry.npmjs.org/web-streams-polyfill/-/web-streams-polyfill-3.3.3.tgz. Extracting by manifest.
1117 silly tarball no local data for victory-vendor@https://registry.npmjs.org/victory-vendor/-/victory-vendor-36.9.2.tgz. Extracting by manifest.
1118 silly tarball no local data for vary@https://registry.npmjs.org/vary/-/vary-1.1.2.tgz. Extracting by manifest.
1119 silly tarball no local data for webidl-conversions@https://registry.npmjs.org/webidl-conversions/-/webidl-conversions-3.0.1.tgz. Extracting by manifest.
1120 silly tarball no local data for v8-compile-cache-lib@https://registry.npmjs.org/v8-compile-cache-lib/-/v8-compile-cache-lib-3.0.1.tgz. Extracting by manifest.
1121 silly tarball no local data for utils-merge@https://registry.npmjs.org/utils-merge/-/utils-merge-1.0.1.tgz. Extracting by manifest.
1122 silly tarball no local data for util-deprecate@https://registry.npmjs.org/util-deprecate/-/util-deprecate-1.0.2.tgz. Extracting by manifest.
1123 silly tarball no local data for use-callback-ref@https://registry.npmjs.org/use-callback-ref/-/use-callback-ref-1.3.3.tgz. Extracting by manifest.
1124 silly tarball no local data for url-template@https://registry.npmjs.org/url-template/-/url-template-2.0.8.tgz. Extracting by manifest.
1125 silly tarball no local data for use-sidecar@https://registry.npmjs.org/use-sidecar/-/use-sidecar-1.1.3.tgz. Extracting by manifest.
1126 silly tarball no local data for uri-templates@https://registry.npmjs.org/uri-templates/-/uri-templates-0.2.0.tgz. Extracting by manifest.
1127 silly tarball no local data for uglify-js@https://registry.npmjs.org/uglify-js/-/uglify-js-3.19.3.tgz. Extracting by manifest.
1128 silly tarball no local data for universalify@https://registry.npmjs.org/universalify/-/universalify-2.0.1.tgz. Extracting by manifest.
1129 silly tarball no local data for tslib@https://registry.npmjs.org/tslib/-/tslib-2.8.1.tgz. Extracting by manifest.
1130 silly tarball no local data for unpipe@https://registry.npmjs.org/unpipe/-/unpipe-1.0.0.tgz. Extracting by manifest.
1131 silly tarball no local data for ts-node@https://registry.npmjs.org/ts-node/-/ts-node-10.9.2.tgz. Extracting by manifest.
1132 silly tarball no local data for ts-interface-checker@https://registry.npmjs.org/ts-interface-checker/-/ts-interface-checker-0.1.13.tgz. Extracting by manifest.
1133 silly tarball no local data for triple-beam@https://registry.npmjs.org/triple-beam/-/triple-beam-1.4.1.tgz. Extracting by manifest.
1134 silly tarball no local data for tr46@https://registry.npmjs.org/tr46/-/tr46-0.0.3.tgz. Extracting by manifest.
1135 silly tarball no local data for toidentifier@https://registry.npmjs.org/toidentifier/-/toidentifier-1.0.1.tgz. Extracting by manifest.
1136 silly tarball no local data for to-regex-range@https://registry.npmjs.org/to-regex-range/-/to-regex-range-5.0.1.tgz. Extracting by manifest.
1137 silly tarball no local data for tiny-invariant@https://registry.npmjs.org/tiny-invariant/-/tiny-invariant-1.3.3.tgz. Extracting by manifest.
1138 silly tarball no local data for thenify-all@https://registry.npmjs.org/thenify-all/-/thenify-all-1.6.0.tgz. Extracting by manifest.
1139 silly tarball no local data for text-hex@https://registry.npmjs.org/text-hex/-/text-hex-1.0.0.tgz. Extracting by manifest.
1140 silly tarball no local data for thenify@https://registry.npmjs.org/thenify/-/thenify-3.3.1.tgz. Extracting by manifest.
1141 silly tarball no local data for tailwindcss-animate@https://registry.npmjs.org/tailwindcss-animate/-/tailwindcss-animate-1.0.7.tgz. Extracting by manifest.
1142 silly tarball no local data for supports-preserve-symlinks-flag@https://registry.npmjs.org/supports-preserve-symlinks-flag/-/supports-preserve-symlinks-flag-1.0.0.tgz. Extracting by manifest.
1143 silly tarball no local data for type-is@https://registry.npmjs.org/type-is/-/type-is-1.6.18.tgz. Extracting by manifest.
1144 silly tarball no local data for styled-jsx@https://registry.npmjs.org/styled-jsx/-/styled-jsx-5.1.6.tgz. Extracting by manifest.
1145 silly tarball no local data for string_decoder@https://registry.npmjs.org/string_decoder/-/string_decoder-1.3.0.tgz. Extracting by manifest.
1146 silly tarball no local data for stream-events@https://registry.npmjs.org/stream-events/-/stream-events-1.0.5.tgz. Extracting by manifest.
1147 silly tarball no local data for supports-color@https://registry.npmjs.org/supports-color/-/supports-color-7.2.0.tgz. Extracting by manifest.
1148 silly tarball no local data for stream-shift@https://registry.npmjs.org/stream-shift/-/stream-shift-1.0.3.tgz. Extracting by manifest.
1149 silly tarball no local data for streamsearch@https://registry.npmjs.org/streamsearch/-/streamsearch-1.1.0.tgz. Extracting by manifest.
1150 silly tarball no local data for stubs@https://registry.npmjs.org/stubs/-/stubs-3.0.0.tgz. Extracting by manifest.
1151 silly tarball no local data for stack-trace@https://registry.npmjs.org/stack-trace/-/stack-trace-0.0.10.tgz. Extracting by manifest.
1152 silly tarball no local data for source-map-js@https://registry.npmjs.org/source-map-js/-/source-map-js-1.2.1.tgz. Extracting by manifest.
1153 silly tarball no local data for ssf@https://registry.npmjs.org/ssf/-/ssf-0.11.2.tgz. Extracting by manifest.
1154 silly tarball no local data for slash@https://registry.npmjs.org/slash/-/slash-2.0.0.tgz. Extracting by manifest.
1155 silly tarball no local data for source-map@https://registry.npmjs.org/source-map/-/source-map-0.6.1.tgz. Extracting by manifest.
1156 silly tarball no local data for signal-exit@https://registry.npmjs.org/signal-exit/-/signal-exit-4.1.0.tgz. Extracting by manifest.
1157 silly tarball no local data for side-channel-weakmap@https://registry.npmjs.org/side-channel-weakmap/-/side-channel-weakmap-1.0.2.tgz. Extracting by manifest.
1158 silly tarball no local data for side-channel-map@https://registry.npmjs.org/side-channel-map/-/side-channel-map-1.0.1.tgz. Extracting by manifest.
1159 silly tarball no local data for setprototypeof@https://registry.npmjs.org/setprototypeof/-/setprototypeof-1.2.0.tgz. Extracting by manifest.
1160 silly tarball no local data for set-function-length@https://registry.npmjs.org/set-function-length/-/set-function-length-1.2.2.tgz. Extracting by manifest.
1161 silly tarball no local data for shimmer@https://registry.npmjs.org/shimmer/-/shimmer-1.2.1.tgz. Extracting by manifest.
1162 silly tarball no local data for scheduler@https://registry.npmjs.org/scheduler/-/scheduler-0.23.2.tgz. Extracting by manifest.
1163 silly tarball no local data for safer-buffer@https://registry.npmjs.org/safer-buffer/-/safer-buffer-2.1.2.tgz. Extracting by manifest.
1164 silly tarball no local data for safe-stable-stringify@https://registry.npmjs.org/safe-stable-stringify/-/safe-stable-stringify-2.5.0.tgz. Extracting by manifest.
1165 silly tarball no local data for run-parallel@https://registry.npmjs.org/run-parallel/-/run-parallel-1.2.0.tgz. Extracting by manifest.
1166 silly tarball no local data for safe-buffer@https://registry.npmjs.org/safe-buffer/-/safe-buffer-5.2.1.tgz. Extracting by manifest.
1167 silly tarball no local data for rimraf@https://registry.npmjs.org/rimraf/-/rimraf-2.7.1.tgz. Extracting by manifest.
1168 silly tarball no local data for retry@https://registry.npmjs.org/retry/-/retry-0.13.1.tgz. Extracting by manifest.
1169 silly tarball no local data for require-in-the-middle@https://registry.npmjs.org/require-in-the-middle/-/require-in-the-middle-7.5.2.tgz. Extracting by manifest.
1170 silly tarball no local data for require-directory@https://registry.npmjs.org/require-directory/-/require-directory-2.1.1.tgz. Extracting by manifest.
1171 silly tarball no local data for recharts-scale@https://registry.npmjs.org/recharts-scale/-/recharts-scale-0.4.5.tgz. Extracting by manifest.
1172 silly tarball no local data for require-from-string@https://registry.npmjs.org/require-from-string/-/require-from-string-2.0.2.tgz. Extracting by manifest.
1173 silly tarball no local data for readdirp@https://registry.npmjs.org/readdirp/-/readdirp-3.6.0.tgz. Extracting by manifest.
1174 silly tarball no local data for readable-stream@https://registry.npmjs.org/readable-stream/-/readable-stream-3.6.2.tgz. Extracting by manifest.
1175 silly tarball no local data for react-style-singleton@https://registry.npmjs.org/react-style-singleton/-/react-style-singleton-2.2.3.tgz. Extracting by manifest.
1176 silly tarball no local data for react-smooth@https://registry.npmjs.org/react-smooth/-/react-smooth-4.0.4.tgz. Extracting by manifest.
1177 silly tarball no local data for react-transition-group@https://registry.npmjs.org/react-transition-group/-/react-transition-group-4.4.5.tgz. Extracting by manifest.
1178 silly tarball no local data for react-is@https://registry.npmjs.org/react-is/-/react-is-18.3.1.tgz. Extracting by manifest.
1179 silly tarball no local data for react-remove-scroll-bar@https://registry.npmjs.org/react-remove-scroll-bar/-/react-remove-scroll-bar-2.3.8.tgz. Extracting by manifest.
1180 silly tarball no local data for react@https://registry.npmjs.org/react/-/react-18.3.1.tgz. Extracting by manifest.
1181 silly tarball no local data for queue-microtask@https://registry.npmjs.org/queue-microtask/-/queue-microtask-1.2.3.tgz. Extracting by manifest.
1182 silly tarball no local data for react-dom@https://registry.npmjs.org/react-dom/-/react-dom-18.3.1.tgz. Extracting by manifest.
1183 silly tarball no local data for range-parser@https://registry.npmjs.org/range-parser/-/range-parser-1.2.1.tgz. Extracting by manifest.
1184 silly tarball no local data for pumpify@https://registry.npmjs.org/pumpify/-/pumpify-2.0.1.tgz. Extracting by manifest.
1185 silly tarball no local data for proxy-addr@https://registry.npmjs.org/proxy-addr/-/proxy-addr-2.0.7.tgz. Extracting by manifest.
1186 silly tarball no local data for prop-types@https://registry.npmjs.org/prop-types/-/prop-types-15.8.1.tgz. Extracting by manifest.
1187 silly tarball no local data for postgres-interval@https://registry.npmjs.org/postgres-interval/-/postgres-interval-1.2.0.tgz. Extracting by manifest.
1188 silly tarball no local data for postgres-array@https://registry.npmjs.org/postgres-array/-/postgres-array-2.0.0.tgz. Extracting by manifest.
1189 silly tarball no local data for proto3-json-serializer@https://registry.npmjs.org/proto3-json-serializer/-/proto3-json-serializer-2.0.2.tgz. Extracting by manifest.
1190 silly tarball no local data for postgres-date@https://registry.npmjs.org/postgres-date/-/postgres-date-1.0.7.tgz. Extracting by manifest.
1191 silly tarball no local data for postcss-nested@https://registry.npmjs.org/postcss-nested/-/postcss-nested-6.2.0.tgz. Extracting by manifest.
1192 silly tarball no local data for postcss-value-parser@https://registry.npmjs.org/postcss-value-parser/-/postcss-value-parser-4.2.0.tgz. Extracting by manifest.
1193 silly tarball no local data for postcss-import@https://registry.npmjs.org/postcss-import/-/postcss-import-15.1.0.tgz. Extracting by manifest.
1194 silly tarball no local data for pg-types@https://registry.npmjs.org/pg-types/-/pg-types-2.2.0.tgz. Extracting by manifest.
1195 silly tarball no local data for picocolors@https://registry.npmjs.org/picocolors/-/picocolors-1.1.1.tgz. Extracting by manifest.
1196 silly tarball no local data for pg-int8@https://registry.npmjs.org/pg-int8/-/pg-int8-1.0.1.tgz. Extracting by manifest.
1197 silly tarball no local data for path-scurry@https://registry.npmjs.org/path-scurry/-/path-scurry-1.11.1.tgz. Extracting by manifest.
1198 silly tarball no local data for path-parse@https://registry.npmjs.org/path-parse/-/path-parse-1.0.7.tgz. Extracting by manifest.
1199 silly tarball no local data for partial-json@https://registry.npmjs.org/partial-json/-/partial-json-0.1.7.tgz. Extracting by manifest.
1200 silly tarball no local data for parseurl@https://registry.npmjs.org/parseurl/-/parseurl-1.3.3.tgz. Extracting by manifest.
1201 silly tarball no local data for path-is-absolute@https://registry.npmjs.org/path-is-absolute/-/path-is-absolute-1.0.1.tgz. Extracting by manifest.
1202 silly tarball no local data for package-json-from-dist@https://registry.npmjs.org/package-json-from-dist/-/package-json-from-dist-1.0.1.tgz. Extracting by manifest.
1203 silly tarball no local data for one-time@https://registry.npmjs.org/one-time/-/one-time-1.0.0.tgz. Extracting by manifest.
1204 silly tarball no local data for once@https://registry.npmjs.org/once/-/once-1.4.0.tgz. Extracting by manifest.
1205 silly tarball no local data for object-keys@https://registry.npmjs.org/object-keys/-/object-keys-1.1.1.tgz. Extracting by manifest.
1206 silly tarball no local data for on-finished@https://registry.npmjs.org/on-finished/-/on-finished-2.4.1.tgz. Extracting by manifest.
1207 silly tarball no local data for object-inspect@https://registry.npmjs.org/object-inspect/-/object-inspect-1.13.4.tgz. Extracting by manifest.
1208 silly tarball no local data for object-hash@https://registry.npmjs.org/object-hash/-/object-hash-3.0.0.tgz. Extracting by manifest.
1209 silly tarball no local data for object-assign@https://registry.npmjs.org/object-assign/-/object-assign-4.1.1.tgz. Extracting by manifest.
1210 silly tarball no local data for node-fetch@https://registry.npmjs.org/node-fetch/-/node-fetch-3.3.2.tgz. Extracting by manifest.
1211 silly tarball no local data for node-domexception@https://registry.npmjs.org/node-domexception/-/node-domexception-1.0.0.tgz. Extracting by manifest.
1212 silly tarball no local data for neo-async@https://registry.npmjs.org/neo-async/-/neo-async-2.6.2.tgz. Extracting by manifest.
1213 silly tarball no local data for normalize-path@https://registry.npmjs.org/normalize-path/-/normalize-path-3.0.0.tgz. Extracting by manifest.
1214 silly tarball no local data for mz@https://registry.npmjs.org/mz/-/mz-2.7.0.tgz. Extracting by manifest.
1215 silly tarball no local data for negotiator@https://registry.npmjs.org/negotiator/-/negotiator-0.6.3.tgz. Extracting by manifest.
1216 silly tarball no local data for ms@https://registry.npmjs.org/ms/-/ms-2.0.0.tgz. Extracting by manifest.
1217 silly tarball no local data for minimist@https://registry.npmjs.org/minimist/-/minimist-1.2.8.tgz. Extracting by manifest.
1218 silly tarball no local data for mime-types@https://registry.npmjs.org/mime-types/-/mime-types-2.1.35.tgz. Extracting by manifest.
1219 silly tarball no local data for mime@https://registry.npmjs.org/mime/-/mime-3.0.0.tgz. Extracting by manifest.
1220 silly tarball no local data for mime-db@https://registry.npmjs.org/mime-db/-/mime-db-1.52.0.tgz. Extracting by manifest.
1221 silly tarball no local data for micromatch@https://registry.npmjs.org/micromatch/-/micromatch-4.0.8.tgz. Extracting by manifest.
1222 silly tarball no local data for methods@https://registry.npmjs.org/methods/-/methods-1.1.2.tgz. Extracting by manifest.
1223 silly tarball no local data for math-intrinsics@https://registry.npmjs.org/math-intrinsics/-/math-intrinsics-1.1.0.tgz. Extracting by manifest.
1224 silly tarball no local data for merge2@https://registry.npmjs.org/merge2/-/merge2-1.4.1.tgz. Extracting by manifest.
1225 silly tarball no local data for merge-descriptors@https://registry.npmjs.org/merge-descriptors/-/merge-descriptors-1.0.3.tgz. Extracting by manifest.
1226 silly tarball no local data for media-typer@https://registry.npmjs.org/media-typer/-/media-typer-0.3.0.tgz. Extracting by manifest.
1227 silly tarball no local data for make-error@https://registry.npmjs.org/make-error/-/make-error-1.3.6.tgz. Extracting by manifest.
1228 silly tarball no local data for lucide-react@https://registry.npmjs.org/lucide-react/-/lucide-react-0.475.0.tgz. Extracting by manifest.
1229 silly tarball no local data for loose-envify@https://registry.npmjs.org/loose-envify/-/loose-envify-1.4.0.tgz. Extracting by manifest.
1230 silly tarball no local data for logform@https://registry.npmjs.org/logform/-/logform-2.7.0.tgz. Extracting by manifest.
1231 silly tarball no local data for module-details-from-path@https://registry.npmjs.org/module-details-from-path/-/module-details-from-path-1.0.4.tgz. Extracting by manifest.
1232 silly tarball no local data for lodash.once@https://registry.npmjs.org/lodash.once/-/lodash.once-4.1.1.tgz. Extracting by manifest.
1233 silly tarball no local data for lodash.merge@https://registry.npmjs.org/lodash.merge/-/lodash.merge-4.6.2.tgz. Extracting by manifest.
1234 silly tarball no local data for lodash.isplainobject@https://registry.npmjs.org/lodash.isplainobject/-/lodash.isplainobject-4.0.6.tgz. Extracting by manifest.
1235 silly tarball no local data for lodash.isnumber@https://registry.npmjs.org/lodash.isnumber/-/lodash.isnumber-3.0.3.tgz. Extracting by manifest.
1236 silly tarball no local data for lodash.isinteger@https://registry.npmjs.org/lodash.isinteger/-/lodash.isinteger-4.0.4.tgz. Extracting by manifest.
1237 silly tarball no local data for lodash.isstring@https://registry.npmjs.org/lodash.isstring/-/lodash.isstring-4.0.1.tgz. Extracting by manifest.
1238 silly tarball no local data for lodash.isboolean@https://registry.npmjs.org/lodash.isboolean/-/lodash.isboolean-3.0.3.tgz. Extracting by manifest.
1239 silly tarball no local data for lodash.clonedeep@https://registry.npmjs.org/lodash.clonedeep/-/lodash.clonedeep-4.5.0.tgz. Extracting by manifest.
1240 silly tarball no local data for lodash.mapvalues@https://registry.npmjs.org/lodash.mapvalues/-/lodash.mapvalues-4.6.0.tgz. Extracting by manifest.
1241 silly tarball no local data for lodash.camelcase@https://registry.npmjs.org/lodash.camelcase/-/lodash.camelcase-4.3.0.tgz. Extracting by manifest.
1242 silly tarball no local data for lines-and-columns@https://registry.npmjs.org/lines-and-columns/-/lines-and-columns-1.2.4.tgz. Extracting by manifest.
1243 silly tarball no local data for lodash.includes@https://registry.npmjs.org/lodash.includes/-/lodash.includes-4.3.0.tgz. Extracting by manifest.
1244 silly tarball no local data for lilconfig@https://registry.npmjs.org/lilconfig/-/lilconfig-3.1.3.tgz. Extracting by manifest.
1245 silly tarball no local data for kuler@https://registry.npmjs.org/kuler/-/kuler-2.0.0.tgz. Extracting by manifest.
1246 silly tarball no local data for limiter@https://registry.npmjs.org/limiter/-/limiter-1.1.5.tgz. Extracting by manifest.
1247 silly tarball no local data for klaw-sync@https://registry.npmjs.org/klaw-sync/-/klaw-sync-6.0.0.tgz. Extracting by manifest.
1248 silly tarball no local data for jsonify@https://registry.npmjs.org/jsonify/-/jsonify-0.0.1.tgz. Extracting by manifest.
1249 silly tarball no local data for json5@https://registry.npmjs.org/json5/-/json5-2.2.3.tgz. Extracting by manifest.
1250 silly tarball no local data for json-schema@https://registry.npmjs.org/json-schema/-/json-schema-0.4.0.tgz. Extracting by manifest.
1251 silly tarball no local data for json-bigint@https://registry.npmjs.org/json-bigint/-/json-bigint-1.0.0.tgz. Extracting by manifest.
1252 silly tarball no local data for js-tokens@https://registry.npmjs.org/js-tokens/-/js-tokens-4.0.0.tgz. Extracting by manifest.
1253 silly tarball no local data for jodit-react@https://registry.npmjs.org/jodit-react/-/jodit-react-4.1.2.tgz. Extracting by manifest.
1254 silly tarball no local data for jiti@https://registry.npmjs.org/jiti/-/jiti-1.21.7.tgz. Extracting by manifest.
1255 silly tarball no local data for isarray@https://registry.npmjs.org/isarray/-/isarray-2.0.5.tgz. Extracting by manifest.
1256 silly tarball no local data for jackspeak@https://registry.npmjs.org/jackspeak/-/jackspeak-3.4.3.tgz. Extracting by manifest.
1257 silly tarball no local data for is-stream@https://registry.npmjs.org/is-stream/-/is-stream-2.0.1.tgz. Extracting by manifest.
1258 silly tarball no local data for is-obj@https://registry.npmjs.org/is-obj/-/is-obj-2.0.0.tgz. Extracting by manifest.
1259 silly tarball no local data for is-number@https://registry.npmjs.org/is-number/-/is-number-7.0.0.tgz. Extracting by manifest.
1260 silly tarball no local data for is-fullwidth-code-point@https://registry.npmjs.org/is-fullwidth-code-point/-/is-fullwidth-code-point-3.0.0.tgz. Extracting by manifest.
1261 silly tarball no local data for is-docker@https://registry.npmjs.org/is-docker/-/is-docker-2.2.1.tgz. Extracting by manifest.
1262 silly tarball no local data for ipaddr.js@https://registry.npmjs.org/ipaddr.js/-/ipaddr.js-1.9.1.tgz. Extracting by manifest.
1263 silly tarball no local data for inflight@https://registry.npmjs.org/inflight/-/inflight-1.0.6.tgz. Extracting by manifest.
1264 silly tarball no local data for internmap@https://registry.npmjs.org/internmap/-/internmap-2.0.3.tgz. Extracting by manifest.
1265 silly tarball no local data for iconv-lite@https://registry.npmjs.org/iconv-lite/-/iconv-lite-0.4.24.tgz. Extracting by manifest.
1266 silly tarball no local data for inherits@https://registry.npmjs.org/inherits/-/inherits-2.0.4.tgz. Extracting by manifest.
1267 silly tarball no local data for is-binary-path@https://registry.npmjs.org/is-binary-path/-/is-binary-path-2.1.0.tgz. Extracting by manifest.
1268 silly tarball no local data for iceberg-js@https://registry.npmjs.org/iceberg-js/-/iceberg-js-0.8.1.tgz. Extracting by manifest.
1269 silly tarball no local data for https-proxy-agent@https://registry.npmjs.org/https-proxy-agent/-/https-proxy-agent-7.0.6.tgz. Extracting by manifest.
1270 silly tarball no local data for http-parser-js@https://registry.npmjs.org/http-parser-js/-/http-parser-js-0.5.10.tgz. Extracting by manifest.
1271 silly tarball no local data for html5-qrcode@https://registry.npmjs.org/html5-qrcode/-/html5-qrcode-2.3.8.tgz. Extracting by manifest.
1272 silly tarball no local data for html-entities@https://registry.npmjs.org/html-entities/-/html-entities-2.6.0.tgz. Extracting by manifest.
1273 silly tarball no local data for has-symbols@https://registry.npmjs.org/has-symbols/-/has-symbols-1.1.0.tgz. Extracting by manifest.
1274 silly tarball no local data for has-tostringtag@https://registry.npmjs.org/has-tostringtag/-/has-tostringtag-1.0.2.tgz. Extracting by manifest.
1275 silly tarball no local data for gtoken@https://registry.npmjs.org/gtoken/-/gtoken-7.1.0.tgz. Extracting by manifest.
1276 silly tarball no local data for has-property-descriptors@https://registry.npmjs.org/has-property-descriptors/-/has-property-descriptors-1.0.2.tgz. Extracting by manifest.
1277 silly tarball no local data for has-flag@https://registry.npmjs.org/has-flag/-/has-flag-4.0.0.tgz. Extracting by manifest.
1278 silly tarball no local data for graceful-fs@https://registry.npmjs.org/graceful-fs/-/graceful-fs-4.2.11.tgz. Extracting by manifest.
1279 silly tarball no local data for gopd@https://registry.npmjs.org/gopd/-/gopd-1.2.0.tgz. Extracting by manifest.
1280 silly tarball no local data for googleapis@https://registry.npmjs.org/googleapis/-/googleapis-137.1.0.tgz. Extracting by manifest.
1281 silly tarball no local data for googleapis-common@https://registry.npmjs.org/googleapis-common/-/googleapis-common-7.2.0.tgz. Extracting by manifest.
1282 silly tarball no local data for google-auth-library@https://registry.npmjs.org/google-auth-library/-/google-auth-library-9.15.1.tgz. Extracting by manifest.
1283 silly tarball no local data for google-logging-utils@https://registry.npmjs.org/google-logging-utils/-/google-logging-utils-0.0.2.tgz. Extracting by manifest.
1284 silly tarball no local data for google-gax@https://registry.npmjs.org/google-gax/-/google-gax-4.6.1.tgz. Extracting by manifest.
1285 silly tarball no local data for get-port@https://registry.npmjs.org/get-port/-/get-port-5.1.1.tgz. Extracting by manifest.
1286 silly tarball no local data for get-proto@https://registry.npmjs.org/get-proto/-/get-proto-1.0.1.tgz. Extracting by manifest.
1287 silly tarball no local data for get-nonce@https://registry.npmjs.org/get-nonce/-/get-nonce-1.0.1.tgz. Extracting by manifest.
1288 silly tarball no local data for get-caller-file@https://registry.npmjs.org/get-caller-file/-/get-caller-file-2.0.5.tgz. Extracting by manifest.
1289 silly tarball no local data for gaxios@https://registry.npmjs.org/gaxios/-/gaxios-6.7.1.tgz. Extracting by manifest.
1290 silly tarball no local data for gcp-metadata@https://registry.npmjs.org/gcp-metadata/-/gcp-metadata-6.1.1.tgz. Extracting by manifest.
1291 silly tarball no local data for functional-red-black-tree@https://registry.npmjs.org/functional-red-black-tree/-/functional-red-black-tree-1.0.1.tgz. Extracting by manifest.
1292 silly tarball no local data for fs.realpath@https://registry.npmjs.org/fs.realpath/-/fs.realpath-1.0.0.tgz. Extracting by manifest.
1293 silly tarball no local data for fsevents@https://registry.npmjs.org/fsevents/-/fsevents-2.3.3.tgz. Extracting by manifest.
1294 silly tarball no local data for fresh@https://registry.npmjs.org/fresh/-/fresh-0.5.2.tgz. Extracting by manifest.
1295 silly tarball no local data for frac@https://registry.npmjs.org/frac/-/frac-1.1.2.tgz. Extracting by manifest.
1296 silly tarball no local data for forwarded@https://registry.npmjs.org/forwarded/-/forwarded-0.2.0.tgz. Extracting by manifest.
1297 silly tarball no local data for formdata-polyfill@https://registry.npmjs.org/formdata-polyfill/-/formdata-polyfill-4.0.10.tgz. Extracting by manifest.
1298 silly tarball no local data for fn.name@https://registry.npmjs.org/fn.name/-/fn.name-1.1.0.tgz. Extracting by manifest.
1299 silly tarball no local data for function-bind@https://registry.npmjs.org/function-bind/-/function-bind-1.1.2.tgz. Extracting by manifest.
1300 silly tarball no local data for find-yarn-workspace-root@https://registry.npmjs.org/find-yarn-workspace-root/-/find-yarn-workspace-root-2.0.0.tgz. Extracting by manifest.
1301 silly tarball no local data for fill-range@https://registry.npmjs.org/fill-range/-/fill-range-7.1.1.tgz. Extracting by manifest.
1302 silly tarball no local data for fetch-blob@https://registry.npmjs.org/fetch-blob/-/fetch-blob-3.2.0.tgz. Extracting by manifest.
1303 silly tarball no local data for fecha@https://registry.npmjs.org/fecha/-/fecha-4.2.3.tgz. Extracting by manifest.
1304 silly tarball no local data for fast-glob@https://registry.npmjs.org/fast-glob/-/fast-glob-3.3.3.tgz. Extracting by manifest.
1305 silly tarball no local data for extend@https://registry.npmjs.org/extend/-/extend-3.0.2.tgz. Extracting by manifest.
1306 silly tarball no local data for faye-websocket@https://registry.npmjs.org/faye-websocket/-/faye-websocket-0.11.4.tgz. Extracting by manifest.
1307 silly tarball no local data for eventemitter3@https://registry.npmjs.org/eventemitter3/-/eventemitter3-4.0.7.tgz. Extracting by manifest.
1308 silly tarball no local data for etag@https://registry.npmjs.org/etag/-/etag-1.8.1.tgz. Extracting by manifest.
1309 silly tarball no local data for escape-html@https://registry.npmjs.org/escape-html/-/escape-html-1.0.3.tgz. Extracting by manifest.
1310 silly tarball no local data for es-errors@https://registry.npmjs.org/es-errors/-/es-errors-1.3.0.tgz. Extracting by manifest.
1311 silly tarball no local data for event-target-shim@https://registry.npmjs.org/event-target-shim/-/event-target-shim-5.0.1.tgz. Extracting by manifest.
1312 silly tarball no local data for encodeurl@https://registry.npmjs.org/encodeurl/-/encodeurl-2.0.0.tgz. Extracting by manifest.
1313 silly tarball no local data for es-define-property@https://registry.npmjs.org/es-define-property/-/es-define-property-1.0.1.tgz. Extracting by manifest.
1314 silly tarball no local data for enabled@https://registry.npmjs.org/enabled/-/enabled-2.0.0.tgz. Extracting by manifest.
1315 silly tarball no local data for embla-carousel-reactive-utils@https://registry.npmjs.org/embla-carousel-reactive-utils/-/embla-carousel-reactive-utils-8.6.0.tgz. Extracting by manifest.
1316 silly tarball no local data for embla-carousel-react@https://registry.npmjs.org/embla-carousel-react/-/embla-carousel-react-8.6.0.tgz. Extracting by manifest.
1317 silly tarball no local data for embla-carousel@https://registry.npmjs.org/embla-carousel/-/embla-carousel-8.6.0.tgz. Extracting by manifest.
1318 silly tarball no local data for ee-first@https://registry.npmjs.org/ee-first/-/ee-first-1.1.1.tgz. Extracting by manifest.
1319 silly tarball no local data for ecdsa-sig-formatter@https://registry.npmjs.org/ecdsa-sig-formatter/-/ecdsa-sig-formatter-1.0.11.tgz. Extracting by manifest.
1320 silly tarball no local data for dotprompt@https://registry.npmjs.org/dotprompt/-/dotprompt-1.1.2.tgz. Extracting by manifest.
1321 silly tarball no local data for eastasianwidth@https://registry.npmjs.org/eastasianwidth/-/eastasianwidth-0.2.0.tgz. Extracting by manifest.
1322 silly tarball no local data for duplexify@https://registry.npmjs.org/duplexify/-/duplexify-4.1.3.tgz. Extracting by manifest.
1323 silly tarball no local data for dot-prop@https://registry.npmjs.org/dot-prop/-/dot-prop-6.0.1.tgz. Extracting by manifest.
1324 silly tarball no local data for dunder-proto@https://registry.npmjs.org/dunder-proto/-/dunder-proto-1.0.1.tgz. Extracting by manifest.
1325 silly tarball no local data for dlv@https://registry.npmjs.org/dlv/-/dlv-1.1.3.tgz. Extracting by manifest.
1326 silly tarball no local data for es-set-tostringtag@https://registry.npmjs.org/es-set-tostringtag/-/es-set-tostringtag-2.1.0.tgz. Extracting by manifest.
1327 silly tarball no local data for didyoumean@https://registry.npmjs.org/didyoumean/-/didyoumean-1.2.2.tgz. Extracting by manifest.
1328 silly tarball no local data for detect-node-es@https://registry.npmjs.org/detect-node-es/-/detect-node-es-1.1.0.tgz. Extracting by manifest.
1329 silly tarball no local data for depd@https://registry.npmjs.org/depd/-/depd-2.0.0.tgz. Extracting by manifest.
1330 silly tarball no local data for destroy@https://registry.npmjs.org/destroy/-/destroy-1.2.0.tgz. Extracting by manifest.
1331 silly tarball no local data for delayed-stream@https://registry.npmjs.org/delayed-stream/-/delayed-stream-1.0.0.tgz. Extracting by manifest.
1332 silly tarball no local data for define-data-property@https://registry.npmjs.org/define-data-property/-/define-data-property-1.1.4.tgz. Extracting by manifest.
1333 silly tarball no local data for decimal.js-light@https://registry.npmjs.org/decimal.js-light/-/decimal.js-light-2.5.1.tgz. Extracting by manifest.
1334 silly tarball no local data for debug@https://registry.npmjs.org/debug/-/debug-2.6.9.tgz. Extracting by manifest.
1335 silly tarball no local data for date-fns@https://registry.npmjs.org/date-fns/-/date-fns-3.6.0.tgz. Extracting by manifest.
1336 silly tarball no local data for data-uri-to-buffer@https://registry.npmjs.org/data-uri-to-buffer/-/data-uri-to-buffer-4.0.1.tgz. Extracting by manifest.
1337 silly tarball no local data for d3-timer@https://registry.npmjs.org/d3-timer/-/d3-timer-3.0.1.tgz. Extracting by manifest.
1338 silly tarball no local data for d3-time-format@https://registry.npmjs.org/d3-time-format/-/d3-time-format-4.1.0.tgz. Extracting by manifest.
1339 silly tarball no local data for d3-time@https://registry.npmjs.org/d3-time/-/d3-time-3.1.0.tgz. Extracting by manifest.
1340 silly tarball no local data for d3-shape@https://registry.npmjs.org/d3-shape/-/d3-shape-3.2.0.tgz. Extracting by manifest.
1341 silly tarball no local data for d3-scale@https://registry.npmjs.org/d3-scale/-/d3-scale-4.0.2.tgz. Extracting by manifest.
1342 silly tarball no local data for d3-path@https://registry.npmjs.org/d3-path/-/d3-path-3.1.0.tgz. Extracting by manifest.
1343 silly tarball no local data for d3-interpolate@https://registry.npmjs.org/d3-interpolate/-/d3-interpolate-3.0.1.tgz. Extracting by manifest.
1344 silly tarball no local data for d3-ease@https://registry.npmjs.org/d3-ease/-/d3-ease-3.0.1.tgz. Extracting by manifest.
1345 silly tarball no local data for d3-color@https://registry.npmjs.org/d3-color/-/d3-color-3.1.0.tgz. Extracting by manifest.
1346 silly tarball no local data for d3-array@https://registry.npmjs.org/d3-array/-/d3-array-3.2.4.tgz. Extracting by manifest.
1347 silly tarball no local data for cssesc@https://registry.npmjs.org/cssesc/-/cssesc-3.0.0.tgz. Extracting by manifest.
1348 silly tarball no local data for create-require@https://registry.npmjs.org/create-require/-/create-require-1.1.1.tgz. Extracting by manifest.
1349 silly tarball no local data for crc-32@https://registry.npmjs.org/crc-32/-/crc-32-1.2.2.tgz. Extracting by manifest.
1350 silly tarball no local data for content-type@https://registry.npmjs.org/content-type/-/content-type-1.0.5.tgz. Extracting by manifest.
1351 silly tarball no local data for content-disposition@https://registry.npmjs.org/content-disposition/-/content-disposition-0.5.4.tgz. Extracting by manifest.
1352 silly tarball no local data for concat-map@https://registry.npmjs.org/concat-map/-/concat-map-0.0.1.tgz. Extracting by manifest.
1353 silly tarball no local data for combined-stream@https://registry.npmjs.org/combined-stream/-/combined-stream-1.0.8.tgz. Extracting by manifest.
1354 silly tarball no local data for colorette@https://registry.npmjs.org/colorette/-/colorette-2.0.20.tgz. Extracting by manifest.
1355 silly tarball no local data for color-name@https://registry.npmjs.org/color-name/-/color-name-1.1.4.tgz. Extracting by manifest.
1356 silly tarball no local data for color-convert@https://registry.npmjs.org/color-convert/-/color-convert-2.0.1.tgz. Extracting by manifest.
1357 silly tarball no local data for codepage@https://registry.npmjs.org/codepage/-/codepage-1.15.0.tgz. Extracting by manifest.
1358 silly tarball no local data for cmdk@https://registry.npmjs.org/cmdk/-/cmdk-1.1.1.tgz. Extracting by manifest.
1359 silly tarball no local data for clsx@https://registry.npmjs.org/clsx/-/clsx-2.1.1.tgz. Extracting by manifest.
1360 silly tarball no local data for client-only@https://registry.npmjs.org/client-only/-/client-only-0.0.1.tgz. Extracting by manifest.
1361 silly tarball no local data for class-variance-authority@https://registry.npmjs.org/class-variance-authority/-/class-variance-authority-0.7.1.tgz. Extracting by manifest.
1362 silly tarball no local data for cliui@https://registry.npmjs.org/cliui/-/cliui-8.0.1.tgz. Extracting by manifest.
1363 silly tarball no local data for cjs-module-lexer@https://registry.npmjs.org/cjs-module-lexer/-/cjs-module-lexer-1.4.3.tgz. Extracting by manifest.
1364 silly tarball no local data for chokidar@https://registry.npmjs.org/chokidar/-/chokidar-3.6.0.tgz. Extracting by manifest.
1365 silly tarball no local data for ci-info@https://registry.npmjs.org/ci-info/-/ci-info-3.9.0.tgz. Extracting by manifest.
1366 silly tarball no local data for chalk@https://registry.npmjs.org/chalk/-/chalk-4.1.2.tgz. Extracting by manifest.
1367 silly tarball no local data for camelcase-css@https://registry.npmjs.org/camelcase-css/-/camelcase-css-2.0.1.tgz. Extracting by manifest.
1368 silly tarball no local data for cfb@https://registry.npmjs.org/cfb/-/cfb-1.2.2.tgz. Extracting by manifest.
1369 silly tarball no local data for busboy@https://registry.npmjs.org/busboy/-/busboy-1.6.0.tgz. Extracting by manifest.
1370 silly tarball no local data for bytes@https://registry.npmjs.org/bytes/-/bytes-3.1.2.tgz. Extracting by manifest.
1371 silly tarball no local data for braces@https://registry.npmjs.org/braces/-/braces-3.0.3.tgz. Extracting by manifest.
1372 silly tarball no local data for dom-helpers@https://registry.npmjs.org/dom-helpers/-/dom-helpers-5.2.1.tgz. Extracting by manifest.
1373 silly tarball no local data for bcryptjs@https://registry.npmjs.org/bcryptjs/-/bcryptjs-3.0.3.tgz. Extracting by manifest.
1374 silly tarball no local data for binary-extensions@https://registry.npmjs.org/binary-extensions/-/binary-extensions-2.3.0.tgz. Extracting by manifest.
1375 silly tarball no local data for base64-js@https://registry.npmjs.org/base64-js/-/base64-js-1.5.1.tgz. Extracting by manifest.
1376 silly tarball no local data for balanced-match@https://registry.npmjs.org/balanced-match/-/balanced-match-1.0.2.tgz. Extracting by manifest.
1377 silly tarball no local data for asynckit@https://registry.npmjs.org/asynckit/-/asynckit-0.4.0.tgz. Extracting by manifest.
1378 silly tarball no local data for async-retry@https://registry.npmjs.org/async-retry/-/async-retry-1.3.3.tgz. Extracting by manifest.
1379 silly tarball no local data for async-mutex@https://registry.npmjs.org/async-mutex/-/async-mutex-0.5.0.tgz. Extracting by manifest.
1380 silly tarball no local data for async@https://registry.npmjs.org/async/-/async-3.2.6.tgz. Extracting by manifest.
1381 silly tarball no local data for arrify@https://registry.npmjs.org/arrify/-/arrify-2.0.1.tgz. Extracting by manifest.
1382 silly tarball no local data for array-flatten@https://registry.npmjs.org/array-flatten/-/array-flatten-1.1.1.tgz. Extracting by manifest.
1383 silly tarball no local data for argparse@https://registry.npmjs.org/argparse/-/argparse-2.0.1.tgz. Extracting by manifest.
1384 silly tarball no local data for buffer-equal-constant-time@https://registry.npmjs.org/buffer-equal-constant-time/-/buffer-equal-constant-time-1.0.1.tgz. Extracting by manifest.
1385 silly tarball no local data for arg@https://registry.npmjs.org/arg/-/arg-5.0.2.tgz. Extracting by manifest.
1386 silly tarball no local data for any-promise@https://registry.npmjs.org/any-promise/-/any-promise-1.3.0.tgz. Extracting by manifest.
1387 silly tarball no local data for anymatch@https://registry.npmjs.org/anymatch/-/anymatch-3.1.3.tgz. Extracting by manifest.
1388 silly tarball no local data for adler-32@https://registry.npmjs.org/adler-32/-/adler-32-1.3.1.tgz. Extracting by manifest.
1389 silly tarball no local data for acorn-import-attributes@https://registry.npmjs.org/acorn-import-attributes/-/acorn-import-attributes-1.9.5.tgz. Extracting by manifest.
1390 silly tarball no local data for ajv-formats@https://registry.npmjs.org/ajv-formats/-/ajv-formats-3.0.1.tgz. Extracting by manifest.
1391 silly tarball no local data for accepts@https://registry.npmjs.org/accepts/-/accepts-1.3.8.tgz. Extracting by manifest.
1392 silly tarball no local data for abort-controller@https://registry.npmjs.org/abort-controller/-/abort-controller-3.0.0.tgz. Extracting by manifest.
1393 silly tarball no local data for @grpc/proto-loader@https://registry.npmjs.org/@grpc/proto-loader/-/proto-loader-0.8.0.tgz. Extracting by manifest.
1394 silly tarball no local data for uuid@https://registry.npmjs.org/uuid/-/uuid-8.3.2.tgz. Extracting by manifest.
1395 silly tarball no local data for uuid@https://registry.npmjs.org/uuid/-/uuid-9.0.1.tgz. Extracting by manifest.
1396 silly tarball no local data for uuid@https://registry.npmjs.org/uuid/-/uuid-9.0.1.tgz. Extracting by manifest.
1397 silly tarball no local data for uuid@https://registry.npmjs.org/uuid/-/uuid-9.0.1.tgz. Extracting by manifest.
1398 silly tarball no local data for mime@https://registry.npmjs.org/mime/-/mime-1.6.0.tgz. Extracting by manifest.
1399 silly tarball no local data for is-wsl@https://registry.npmjs.org/is-wsl/-/is-wsl-2.2.0.tgz. Extracting by manifest.
1400 silly tarball no local data for open@https://registry.npmjs.org/open/-/open-7.4.2.tgz. Extracting by manifest.
1401 silly tarball no local data for semver@https://registry.npmjs.org/semver/-/semver-6.3.1.tgz. Extracting by manifest.
1402 silly tarball no local data for uuid@https://registry.npmjs.org/uuid/-/uuid-8.3.2.tgz. Extracting by manifest.
1403 silly tarball no local data for uuid@https://registry.npmjs.org/uuid/-/uuid-11.1.0.tgz. Extracting by manifest.
1404 silly tarball no local data for uuid@https://registry.npmjs.org/uuid/-/uuid-8.3.2.tgz. Extracting by manifest.
1405 silly tarball no local data for uuid@https://registry.npmjs.org/uuid/-/uuid-8.3.2.tgz. Extracting by manifest.
1406 silly tarball no local data for @opentelemetry/semantic-conventions@https://registry.npmjs.org/@opentelemetry/semantic-conventions/-/semantic-conventions-1.25.1.tgz. Extracting by manifest.
1407 silly tarball no local data for @opentelemetry/semantic-conventions@https://registry.npmjs.org/@opentelemetry/semantic-conventions/-/semantic-conventions-1.25.1.tgz. Extracting by manifest.
1408 silly tarball no local data for @opentelemetry/semantic-conventions@https://registry.npmjs.org/@opentelemetry/semantic-conventions/-/semantic-conventions-1.25.1.tgz. Extracting by manifest.
1409 silly tarball no local data for @opentelemetry/semantic-conventions@https://registry.npmjs.org/@opentelemetry/semantic-conventions/-/semantic-conventions-1.25.1.tgz. Extracting by manifest.
1410 silly tarball no local data for @opentelemetry/semantic-conventions@https://registry.npmjs.org/@opentelemetry/semantic-conventions/-/semantic-conventions-1.25.1.tgz. Extracting by manifest.
1411 silly tarball no local data for @opentelemetry/semantic-conventions@https://registry.npmjs.org/@opentelemetry/semantic-conventions/-/semantic-conventions-1.25.1.tgz. Extracting by manifest.
1412 silly tarball no local data for @opentelemetry/semantic-conventions@https://registry.npmjs.org/@opentelemetry/semantic-conventions/-/semantic-conventions-1.25.1.tgz. Extracting by manifest.
1413 silly tarball no local data for @jridgewell/trace-mapping@https://registry.npmjs.org/@jridgewell/trace-mapping/-/trace-mapping-0.3.9.tgz. Extracting by manifest.
1414 silly tarball no local data for arg@https://registry.npmjs.org/arg/-/arg-4.1.3.tgz. Extracting by manifest.
1415 silly tarball no local data for react-is@https://registry.npmjs.org/react-is/-/react-is-16.13.1.tgz. Extracting by manifest.
1416 silly tarball no local data for uuid@https://registry.npmjs.org/uuid/-/uuid-9.0.1.tgz. Extracting by manifest.
1417 silly tarball no local data for uuid@https://registry.npmjs.org/uuid/-/uuid-9.0.1.tgz. Extracting by manifest.
1418 silly tarball no local data for wrap-ansi@https://registry.npmjs.org/wrap-ansi/-/wrap-ansi-7.0.0.tgz. Extracting by manifest.
1419 silly tarball no local data for uuid@https://registry.npmjs.org/uuid/-/uuid-9.0.1.tgz. Extracting by manifest.
1420 http fetch GET https://registry.npmjs.org/yaml/-/yaml-2.8.0.tgz attempt 1 failed with ENOTFOUND
1421 http fetch GET https://registry.npmjs.org/@grpc/proto-loader/-/proto-loader-0.7.13.tgz attempt 1 failed with ENOTFOUND
1422 http fetch GET https://registry.npmjs.org/which/-/which-2.0.2.tgz attempt 1 failed with ENOTFOUND
1423 http fetch GET https://registry.npmjs.org/uuid/-/uuid-10.0.0.tgz attempt 1 failed with ENOTFOUND
1424 http fetch GET https://registry.npmjs.org/tsx/-/tsx-4.20.6.tgz attempt 1 failed with ENOTFOUND
1425 http fetch GET https://registry.npmjs.org/typescript/-/typescript-5.7.3.tgz attempt 1 failed with ENOTFOUND
1426 http fetch GET https://registry.npmjs.org/tailwindcss/-/tailwindcss-3.4.17.tgz attempt 1 failed with ENOTFOUND
1427 http fetch GET https://registry.npmjs.org/sucrase/-/sucrase-3.35.0.tgz attempt 1 failed with ENOTFOUND
1428 http fetch GET https://registry.npmjs.org/supabase/-/supabase-2.117.0.tgz attempt 1 failed with ENOTFOUND
1429 http fetch GET https://registry.npmjs.org/semver/-/semver-7.7.2.tgz attempt 1 failed with ENOTFOUND
1430 http fetch GET https://registry.npmjs.org/resolve/-/resolve-1.22.10.tgz attempt 1 failed with ENOTFOUND
1431 http fetch GET https://registry.npmjs.org/qrcode/-/qrcode-1.5.4.tgz attempt 1 failed with ENOTFOUND
1432 http fetch GET https://registry.npmjs.org/ps-tree/-/ps-tree-1.2.0.tgz attempt 1 failed with ENOTFOUND
1433 http fetch GET https://registry.npmjs.org/patch-package/-/patch-package-8.0.0.tgz attempt 1 failed with ENOTFOUND
1434 http fetch GET https://registry.npmjs.org/nanoid/-/nanoid-3.3.8.tgz attempt 1 failed with ENOTFOUND
1435 http fetch GET https://registry.npmjs.org/npm attempt 2 failed with ENOTFOUND
1436 http fetch GET https://registry.npmjs.org/yaml/-/yaml-2.8.0.tgz attempt 2 failed with ENOTFOUND
1437 http fetch GET https://registry.npmjs.org/@grpc/proto-loader/-/proto-loader-0.7.13.tgz attempt 2 failed with ENOTFOUND
1438 http fetch GET https://registry.npmjs.org/which/-/which-2.0.2.tgz attempt 2 failed with ENOTFOUND
1439 http fetch GET https://registry.npmjs.org/uuid/-/uuid-10.0.0.tgz attempt 2 failed with ENOTFOUND
1440 http fetch GET https://registry.npmjs.org/tsx/-/tsx-4.20.6.tgz attempt 2 failed with ENOTFOUND
1441 http fetch GET https://registry.npmjs.org/typescript/-/typescript-5.7.3.tgz attempt 2 failed with ENOTFOUND
1442 http fetch GET https://registry.npmjs.org/tailwindcss/-/tailwindcss-3.4.17.tgz attempt 2 failed with ENOTFOUND
1443 http fetch GET https://registry.npmjs.org/sucrase/-/sucrase-3.35.0.tgz attempt 2 failed with ENOTFOUND
1444 http fetch GET https://registry.npmjs.org/supabase/-/supabase-2.117.0.tgz attempt 2 failed with ENOTFOUND
1445 http fetch GET https://registry.npmjs.org/semver/-/semver-7.7.2.tgz attempt 2 failed with ENOTFOUND
1446 http fetch GET https://registry.npmjs.org/resolve/-/resolve-1.22.10.tgz attempt 2 failed with ENOTFOUND
1447 http fetch GET https://registry.npmjs.org/qrcode/-/qrcode-1.5.4.tgz attempt 2 failed with ENOTFOUND
1448 http fetch GET https://registry.npmjs.org/ps-tree/-/ps-tree-1.2.0.tgz attempt 2 failed with ENOTFOUND
1449 http fetch GET https://registry.npmjs.org/patch-package/-/patch-package-8.0.0.tgz attempt 2 failed with ENOTFOUND
1450 http fetch GET https://registry.npmjs.org/nanoid/-/nanoid-3.3.8.tgz attempt 2 failed with ENOTFOUND
1451 http fetch GET https://registry.npmjs.org/npm attempt 3 failed with ENOTFOUND
1452 http fetch GET https://registry.npmjs.org/yaml/-/yaml-2.8.0.tgz attempt 3 failed with ENOTFOUND
1453 http fetch GET https://registry.npmjs.org/@grpc/proto-loader/-/proto-loader-0.7.13.tgz attempt 3 failed with ENOTFOUND
1454 http fetch GET https://registry.npmjs.org/which/-/which-2.0.2.tgz attempt 3 failed with ENOTFOUND
1455 http fetch GET https://registry.npmjs.org/uuid/-/uuid-10.0.0.tgz attempt 3 failed with ENOTFOUND
1456 http fetch GET https://registry.npmjs.org/tsx/-/tsx-4.20.6.tgz attempt 3 failed with ENOTFOUND
1457 http fetch GET https://registry.npmjs.org/typescript/-/typescript-5.7.3.tgz attempt 3 failed with ENOTFOUND
1458 http fetch GET https://registry.npmjs.org/tailwindcss/-/tailwindcss-3.4.17.tgz attempt 3 failed with ENOTFOUND
1459 http fetch GET https://registry.npmjs.org/sucrase/-/sucrase-3.35.0.tgz attempt 3 failed with ENOTFOUND
1460 http fetch GET https://registry.npmjs.org/supabase/-/supabase-2.117.0.tgz attempt 3 failed with ENOTFOUND
1461 http fetch GET https://registry.npmjs.org/semver/-/semver-7.7.2.tgz attempt 3 failed with ENOTFOUND
1462 http fetch GET https://registry.npmjs.org/resolve/-/resolve-1.22.10.tgz attempt 3 failed with ENOTFOUND
1463 http fetch GET https://registry.npmjs.org/qrcode/-/qrcode-1.5.4.tgz attempt 3 failed with ENOTFOUND
1464 http fetch GET https://registry.npmjs.org/ps-tree/-/ps-tree-1.2.0.tgz attempt 3 failed with ENOTFOUND
1465 http fetch GET https://registry.npmjs.org/patch-package/-/patch-package-8.0.0.tgz attempt 3 failed with ENOTFOUND
1466 http fetch GET https://registry.npmjs.org/nanoid/-/nanoid-3.3.8.tgz attempt 3 failed with ENOTFOUND
1467 verbose cwd /Users/thilinaweerasinghe/YELM Technologies/OruthotaChaletsAdmin
1468 verbose os Darwin 25.2.0
1469 verbose node v24.16.0
1470 verbose npm  v11.13.0
1471 error Exit handler never called!
1472 error This is an error with npm itself. Please report this error at:
1473 error   <https://github.com/npm/cli/issues>
1474 verbose exit 1
1475 verbose code 1
1476 error A complete log of this run can be found in: /Users/thilinaweerasinghe/YELM Technologies/OruthotaChaletsAdmin/tmp/npm-cache/_logs/2026-09-24T16_13_44_388Z-debug-0.log
